1	2	0
1	3	0
1	4	0
1	5	0
1	6	0
1	7	0
1	8	0
1	9	0
1	10	0
1	11	0
1	12	0
1	13	0
1	14	0
1	15	0
1	16	0
1	17	0
1	18	0
1	19	0
1	20	0
1	21	0
1	22	0
1	23	0
1	24	0
1	25	0
1	26	0
1	27	0
1	28	0
1	29	0
1	30	0
1	31	0
1	32	0
1	33	0
1	34	0
1	35	0
1	36	0
1	37	0
1	38	0
1	39	0
1	40	0
1	41	0
1	42	0
1	43	0
1	44	0
1	45	0
1	46	0
1	47	0
1	48	0
1	49	0
1	50	0
1	51	0
1	52	0
1	53	0
1	54	0
1	55	0
1	56	0
1	57	0
1	58	0
1	59	0
1	60	0
1	61	0
1	62	0
1	63	0
1	64	0
1	65	0
1	66	0
1	67	0
1	68	0
1	69	0
1	70	0
1	71	0
1	72	0
1	73	0
1	74	0
1	75	0
1	76	0
1	77	0
1	78	0
1	79	0
1	80	0
1	81	0
1	82	0
1	83	0
1	84	0
1	85	0
1	86	0
1	87	0
1	88	0
1	89	0
1	90	0
1	91	0
1	92	0
1	93	0
1	94	0
1	95	0
1	96	0
1	97	0
1	98	0
1	99	0
1	100	0
1	101	0
1	102	0
1	103	0
1	104	0
1	105	0
1	106	0
1	107	0
1	108	0
1	109	0
1	110	0
1	111	0
1	112	0
1	113	0
1	114	0
1	115	0
1	116	0
1	117	0
1	118	0
1	119	0
1	120	0
1	121	0
1	122	0
1	123	0
1	124	0
1	125	0
1	126	0
1	127	0
1	128	0
1	129	0
1	130	0
1	131	0
1	132	0
1	133	0
1	134	0
1	135	0
1	136	0
1	137	0
1	138	0
1	139	0
1	140	0
1	141	0
1	142	0
1	143	0
1	144	0
1	145	0
1	146	0
1	147	0
1	148	0
1	149	0
1	150	0
1	151	0
1	152	0
1	153	0
1	154	0
1	155	0
1	156	0
1	157	0
1	158	0
1	159	0
1	160	0
1	161	0
1	162	0
1	163	0
1	164	0
1	165	0
1	166	0
1	167	0
1	168	0
1	169	0
1	170	0
1	171	0
1	172	0
1	173	0
1	174	0
1	175	0
1	176	0
1	177	0
1	178	0
1	179	0
1	180	0
1	181	0
1	182	0
1	183	0
1	184	0
1	185	0
1	186	0
1	187	0
1	188	0
1	189	0
1	190	0
1	191	0
1	192	0
1	193	0
1	194	0
1	195	0
1	196	0
1	197	0
1	198	0
1	199	0
1	200	0
1	201	0
1	202	0
1	203	0
1	204	0
1	205	0
1	206	0
1	207	0
1	208	0
1	209	0
1	210	0
1	211	0
1	212	0
1	213	0
1	214	0
1	215	0
1	216	0
1	217	0
1	218	0
1	219	0
1	220	0
1	221	0
1	222	0
1	223	0
1	224	0
1	225	0
1	226	0
1	227	0
1	228	0
1	229	0
1	230	0
1	231	0
1	232	0
1	233	0
1	234	0
1	235	0
1	236	0
1	237	0
1	238	0
1	239	0
1	240	0
1	241	0
1	242	0
1	243	0
1	244	0
1	245	0
1	246	0
1	247	0
1	248	0
1	249	0
1	250	0
1	251	0
1	252	0
1	253	0
1	254	0
1	255	0
1	256	0
2	1	0
2	3	0
2	4	0
2	5	0
2	6	0
2	7	0
2	8	0
2	9	0
2	10	0
2	11	0
2	12	0
2	13	0
2	14	0
2	15	0
2	16	0
2	17	0
2	18	0
2	19	0
2	20	0
2	21	0
2	22	0
2	23	0
2	24	0
2	25	0
2	26	0
2	27	0
2	28	0
2	29	0
2	30	0
2	31	0
2	32	0
2	33	0
2	34	0
2	35	0
2	36	0
2	37	0
2	38	0
2	39	0
2	40	0
2	41	0
2	42	0
2	43	0
2	44	0
2	45	0
2	46	0
2	47	0
2	48	0
2	49	0
2	50	0
2	51	0
2	52	0
2	53	0
2	54	0
2	55	0
2	56	0
2	57	0
2	58	0
2	59	0
2	60	0
2	61	0
2	62	0
2	63	0
2	64	0
2	65	0
2	66	0
2	67	0
2	68	0
2	69	0
2	70	0
2	71	0
2	72	0
2	73	0
2	74	0
2	75	0
2	76	0
2	77	0
2	78	0
2	79	0
2	80	0
2	81	0
2	82	0
2	83	0
2	84	0
2	85	0
2	86	0
2	87	0
2	88	0
2	89	0
2	90	0
2	91	0
2	92	0
2	93	0
2	94	0
2	95	0
2	96	0
2	97	0
2	98	0
2	99	0
2	100	0
2	101	0
2	102	0
2	103	0
2	104	0
2	105	0
2	106	0
2	107	0
2	108	0
2	109	0
2	110	0
2	111	0
2	112	0
2	113	0
2	114	0
2	115	0
2	116	0
2	117	0
2	118	0
2	119	0
2	120	0
2	121	0
2	122	0
2	123	0
2	124	0
2	125	0
2	126	0
2	127	0
2	128	0
2	129	0
2	130	0
2	131	0
2	132	0
2	133	0
2	134	0
2	135	0
2	136	0
2	137	0
2	138	0
2	139	0
2	140	0
2	141	0
2	142	0
2	143	0
2	144	0
2	145	0
2	146	0
2	147	0
2	148	0
2	149	0
2	150	0
2	151	0
2	152	0
2	153	0
2	154	0
2	155	0
2	156	0
2	157	0
2	158	0
2	159	0
2	160	0
2	161	0
2	162	0
2	163	0
2	164	0
2	165	0
2	166	0
2	167	0
2	168	0
2	169	0
2	170	0
2	171	0
2	172	0
2	173	0
2	174	0
2	175	0
2	176	0
2	177	0
2	178	0
2	179	0
2	180	0
2	181	0
2	182	0
2	183	0
2	184	0
2	185	0
2	186	0
2	187	0
2	188	0
2	189	0
2	190	0
2	191	0
2	192	0
2	193	0
2	194	0
2	195	0
2	196	0
2	197	0
2	198	0
2	199	0
2	200	0
2	201	0
2	202	0
2	203	0
2	204	0
2	205	0
2	206	0
2	207	0
2	208	0
2	209	0
2	210	0
2	211	0
2	212	0
2	213	0
2	214	0
2	215	0
2	216	0
2	217	0
2	218	0
2	219	0
2	220	0
2	221	0
2	222	0
2	223	0
2	224	0
2	225	0
2	226	0
2	227	0
2	228	0
2	229	0
2	230	0
2	231	0
2	232	0
2	233	0
2	234	0
2	235	0
2	236	0
2	237	0
2	238	0
2	239	0
2	240	0
2	241	0
2	242	0
2	243	0
2	244	0
2	245	0
2	246	0
2	247	0
2	248	0
2	249	0
2	250	0
2	251	0
2	252	0
2	253	0
2	254	0
2	255	0
2	256	0
3	1	0
3	2	0
3	4	0
3	5	0
3	6	0
3	7	0
3	8	0
3	9	0
3	10	0
3	11	0
3	12	0
3	13	0
3	14	0
3	15	0
3	16	0
3	17	0
3	18	0
3	19	0
3	20	0
3	21	0
3	22	0
3	23	0
3	24	0
3	25	0
3	26	0
3	27	0
3	28	0
3	29	0
3	30	0
3	31	0
3	32	0
3	33	0
3	34	0
3	35	0
3	36	0
3	37	0
3	38	0
3	39	0
3	40	0
3	41	0
3	42	0
3	43	0
3	44	0
3	45	0
3	46	0
3	47	0
3	48	0
3	49	0
3	50	0
3	51	0
3	52	0
3	53	0
3	54	0
3	55	0
3	56	0
3	57	0
3	58	0
3	59	0
3	60	0
3	61	0
3	62	0
3	63	0
3	64	0
3	65	0
3	66	0
3	67	0
3	68	0
3	69	0
3	70	0
3	71	0
3	72	0
3	73	0
3	74	0
3	75	0
3	76	0
3	77	0
3	78	0
3	79	0
3	80	0
3	81	0
3	82	0
3	83	0
3	84	0
3	85	0
3	86	0
3	87	0
3	88	0
3	89	0
3	90	0
3	91	0
3	92	0
3	93	0
3	94	0
3	95	0
3	96	0
3	97	0
3	98	0
3	99	0
3	100	0
3	101	0
3	102	0
3	103	0
3	104	0
3	105	0
3	106	0
3	107	0
3	108	0
3	109	0
3	110	0
3	111	0
3	112	0
3	113	0
3	114	0
3	115	0
3	116	0
3	117	0
3	118	0
3	119	0
3	120	0
3	121	0
3	122	0
3	123	0
3	124	0
3	125	0
3	126	0
3	127	0
3	128	0
3	129	0
3	130	0
3	131	0
3	132	0
3	133	0
3	134	0
3	135	0
3	136	0
3	137	0
3	138	0
3	139	0
3	140	0
3	141	0
3	142	0
3	143	0
3	144	0
3	145	0
3	146	0
3	147	0
3	148	0
3	149	0
3	150	0
3	151	0
3	152	0
3	153	0
3	154	0
3	155	0
3	156	0
3	157	0
3	158	0
3	159	0
3	160	0
3	161	0
3	162	0
3	163	0
3	164	0
3	165	0
3	166	0
3	167	0
3	168	0
3	169	0
3	170	0
3	171	0
3	172	0
3	173	0
3	174	0
3	175	0
3	176	0
3	177	0
3	178	0
3	179	0
3	180	0
3	181	0
3	182	0
3	183	0
3	184	0
3	185	0
3	186	0
3	187	0
3	188	0
3	189	0
3	190	0
3	191	0
3	192	0
3	193	0
3	194	0
3	195	0
3	196	0
3	197	0
3	198	0
3	199	0
3	200	0
3	201	0
3	202	0
3	203	0
3	204	0
3	205	0
3	206	0
3	207	0
3	208	0
3	209	0
3	210	0
3	211	0
3	212	0
3	213	0
3	214	0
3	215	0
3	216	0
3	217	0
3	218	0
3	219	0
3	220	0
3	221	0
3	222	0
3	223	0
3	224	0
3	225	0
3	226	0
3	227	0
3	228	0
3	229	0
3	230	0
3	231	0
3	232	0
3	233	0
3	234	0
3	235	0
3	236	0
3	237	0
3	238	0
3	239	0
3	240	0
3	241	0
3	242	0
3	243	0
3	244	0
3	245	0
3	246	0
3	247	0
3	248	0
3	249	0
3	250	0
3	251	0
3	252	0
3	253	0
3	254	0
3	255	0
3	256	0
4	1	0
4	2	0
4	3	0
4	5	0
4	6	0
4	7	0
4	8	0
4	9	0
4	10	0
4	11	0
4	12	0
4	13	0
4	14	0
4	15	0
4	16	0
4	17	0
4	18	0
4	19	0
4	20	0
4	21	0
4	22	0
4	23	0
4	24	0
4	25	0
4	26	0
4	27	0
4	28	0
4	29	0
4	30	0
4	31	0
4	32	0
4	33	0
4	34	0
4	35	0
4	36	0
4	37	0
4	38	0
4	39	0
4	40	0
4	41	0
4	42	0
4	43	0
4	44	0
4	45	0
4	46	0
4	47	0
4	48	0
4	49	0
4	50	0
4	51	0
4	52	0
4	53	0
4	54	0
4	55	0
4	56	0
4	57	0
4	58	0
4	59	0
4	60	0
4	61	0
4	62	0
4	63	0
4	64	0
4	65	0
4	66	0
4	67	0
4	68	0
4	69	0
4	70	0
4	71	0
4	72	0
4	73	0
4	74	0
4	75	0
4	76	0
4	77	0
4	78	0
4	79	0
4	80	0
4	81	0
4	82	0
4	83	0
4	84	0
4	85	0
4	86	0
4	87	0
4	88	0
4	89	0
4	90	0
4	91	0
4	92	0
4	93	0
4	94	0
4	95	0
4	96	0
4	97	0
4	98	0
4	99	0
4	100	0
4	101	0
4	102	0
4	103	0
4	104	0
4	105	0
4	106	0
4	107	0
4	108	0
4	109	0
4	110	0
4	111	0
4	112	0
4	113	0
4	114	0
4	115	0
4	116	0
4	117	0
4	118	0
4	119	0
4	120	0
4	121	0
4	122	0
4	123	0
4	124	0
4	125	0
4	126	0
4	127	0
4	128	0
4	129	0
4	130	0
4	131	0
4	132	0
4	133	0
4	134	0
4	135	0
4	136	0
4	137	0
4	138	0
4	139	0
4	140	0
4	141	0
4	142	0
4	143	0
4	144	0
4	145	0
4	146	0
4	147	0
4	148	0
4	149	0
4	150	0
4	151	0
4	152	0
4	153	0
4	154	0
4	155	0
4	156	0
4	157	0
4	158	0
4	159	0
4	160	0
4	161	0
4	162	0
4	163	0
4	164	0
4	165	0
4	166	0
4	167	0
4	168	0
4	169	0
4	170	0
4	171	0
4	172	0
4	173	0
4	174	0
4	175	0
4	176	0
4	177	0
4	178	0
4	179	0
4	180	0
4	181	0
4	182	0
4	183	0
4	184	0
4	185	0
4	186	0
4	187	0
4	188	0
4	189	0
4	190	0
4	191	0
4	192	0
4	193	0
4	194	0
4	195	0
4	196	0
4	197	0
4	198	0
4	199	0
4	200	0
4	201	0
4	202	0
4	203	0
4	204	0
4	205	0
4	206	0
4	207	0
4	208	0
4	209	0
4	210	0
4	211	0
4	212	0
4	213	0
4	214	0
4	215	0
4	216	0
4	217	0
4	218	0
4	219	0
4	220	0
4	221	0
4	222	0
4	223	0
4	224	0
4	225	0
4	226	0
4	227	0
4	228	0
4	229	0
4	230	0
4	231	0
4	232	0
4	233	0
4	234	0
4	235	0
4	236	0
4	237	0
4	238	0
4	239	0
4	240	0
4	241	0
4	242	0
4	243	0
4	244	0
4	245	0
4	246	0
4	247	0
4	248	0
4	249	0
4	250	0
4	251	0
4	252	0
4	253	0
4	254	0
4	255	0
4	256	0
5	1	0
5	2	0
5	3	0
5	4	0
5	6	0
5	7	0
5	8	0
5	9	0
5	10	0
5	11	0
5	12	0
5	13	0
5	14	0
5	15	0
5	16	0
5	17	0
5	18	0
5	19	0
5	20	0
5	21	0
5	22	0
5	23	0
5	24	0
5	25	0
5	26	0
5	27	0
5	28	0
5	29	0
5	30	0
5	31	0
5	32	0
5	33	0
5	34	0
5	35	0
5	36	0
5	37	0
5	38	0
5	39	0
5	40	0
5	41	0
5	42	0
5	43	0
5	44	0
5	45	0
5	46	0
5	47	0
5	48	0
5	49	0
5	50	0
5	51	0
5	52	0
5	53	0
5	54	0
5	55	0
5	56	0
5	57	0
5	58	0
5	59	0
5	60	0
5	61	0
5	62	0
5	63	0
5	64	0
5	65	0
5	66	0
5	67	0
5	68	0
5	69	0
5	70	0
5	71	0
5	72	0
5	73	0
5	74	0
5	75	0
5	76	0
5	77	0
5	78	0
5	79	0
5	80	0
5	81	0
5	82	0
5	83	0
5	84	0
5	85	0
5	86	0
5	87	0
5	88	0
5	89	0
5	90	0
5	91	0
5	92	0
5	93	0
5	94	0
5	95	0
5	96	0
5	97	0
5	98	0
5	99	0
5	100	0
5	101	0
5	102	0
5	103	0
5	104	0
5	105	0
5	106	0
5	107	0
5	108	0
5	109	0
5	110	0
5	111	0
5	112	0
5	113	0
5	114	0
5	115	0
5	116	0
5	117	0
5	118	0
5	119	0
5	120	0
5	121	0
5	122	0
5	123	0
5	124	0
5	125	0
5	126	0
5	127	0
5	128	0
5	129	0
5	130	0
5	131	0
5	132	0
5	133	0
5	134	0
5	135	0
5	136	0
5	137	0
5	138	0
5	139	0
5	140	0
5	141	0
5	142	0
5	143	0
5	144	0
5	145	0
5	146	0
5	147	0
5	148	0
5	149	0
5	150	0
5	151	0
5	152	0
5	153	0
5	154	0
5	155	0
5	156	0
5	157	0
5	158	0
5	159	0
5	160	0
5	161	0
5	162	0
5	163	0
5	164	0
5	165	0
5	166	0
5	167	0
5	168	0
5	169	0
5	170	0
5	171	0
5	172	0
5	173	0
5	174	0
5	175	0
5	176	0
5	177	0
5	178	0
5	179	0
5	180	0
5	181	0
5	182	0
5	183	0
5	184	0
5	185	0
5	186	0
5	187	0
5	188	0
5	189	0
5	190	0
5	191	0
5	192	0
5	193	0
5	194	0
5	195	0
5	196	0
5	197	0
5	198	0
5	199	0
5	200	0
5	201	0
5	202	0
5	203	0
5	204	0
5	205	0
5	206	0
5	207	0
5	208	0
5	209	0
5	210	0
5	211	0
5	212	0
5	213	0
5	214	0
5	215	0
5	216	0
5	217	0
5	218	0
5	219	0
5	220	0
5	221	0
5	222	0
5	223	0
5	224	0
5	225	0
5	226	0
5	227	0
5	228	0
5	229	0
5	230	0
5	231	0
5	232	0
5	233	0
5	234	0
5	235	0
5	236	0
5	237	0
5	238	0
5	239	0
5	240	0
5	241	0
5	242	0
5	243	0
5	244	0
5	245	0
5	246	0
5	247	0
5	248	0
5	249	0
5	250	0
5	251	0
5	252	0
5	253	0
5	254	0
5	255	0
5	256	0
6	1	0
6	2	0
6	3	0
6	4	0
6	5	0
6	7	0
6	8	0
6	9	0
6	10	0
6	11	0
6	12	0
6	13	0
6	14	0
6	15	0
6	16	0
6	17	0
6	18	0
6	19	0
6	20	0
6	21	0
6	22	0
6	23	0
6	24	0
6	25	0
6	26	0
6	27	0
6	28	0
6	29	0
6	30	0
6	31	0
6	32	0
6	33	0
6	34	0
6	35	0
6	36	0
6	37	0
6	38	0
6	39	0
6	40	0
6	41	0
6	42	0
6	43	0
6	44	0
6	45	0
6	46	0
6	47	0
6	48	0
6	49	0
6	50	0
6	51	0
6	52	0
6	53	0
6	54	0
6	55	0
6	56	0
6	57	0
6	58	0
6	59	0
6	60	0
6	61	0
6	62	0
6	63	0
6	64	0
6	65	0
6	66	0
6	67	0
6	68	0
6	69	0
6	70	0
6	71	0
6	72	0
6	73	0
6	74	0
6	75	0
6	76	0
6	77	0
6	78	0
6	79	0
6	80	0
6	81	0
6	82	0
6	83	0
6	84	0
6	85	0
6	86	0
6	87	0
6	88	0
6	89	0
6	90	0
6	91	0
6	92	0
6	93	0
6	94	0
6	95	0
6	96	0
6	97	0
6	98	0
6	99	0
6	100	0
6	101	0
6	102	0
6	103	0
6	104	0
6	105	0
6	106	0
6	107	0
6	108	0
6	109	0
6	110	0
6	111	0
6	112	0
6	113	0
6	114	0
6	115	0
6	116	0
6	117	0
6	118	0
6	119	0
6	120	0
6	121	0
6	122	0
6	123	0
6	124	0
6	125	0
6	126	0
6	127	0
6	128	0
6	129	0
6	130	0
6	131	0
6	132	0
6	133	0
6	134	0
6	135	0
6	136	0
6	137	0
6	138	0
6	139	0
6	140	0
6	141	0
6	142	0
6	143	0
6	144	0
6	145	0
6	146	0
6	147	0
6	148	0
6	149	0
6	150	0
6	151	0
6	152	0
6	153	0
6	154	0
6	155	0
6	156	0
6	157	0
6	158	0
6	159	0
6	160	0
6	161	0
6	162	0
6	163	0
6	164	0
6	165	0
6	166	0
6	167	0
6	168	0
6	169	0
6	170	0
6	171	0
6	172	0
6	173	0
6	174	0
6	175	0
6	176	0
6	177	0
6	178	0
6	179	0
6	180	0
6	181	0
6	182	0
6	183	0
6	184	0
6	185	0
6	186	0
6	187	0
6	188	0
6	189	0
6	190	0
6	191	0
6	192	0
6	193	0
6	194	0
6	195	0
6	196	0
6	197	0
6	198	0
6	199	0
6	200	0
6	201	0
6	202	0
6	203	0
6	204	0
6	205	0
6	206	0
6	207	0
6	208	0
6	209	0
6	210	0
6	211	0
6	212	0
6	213	0
6	214	0
6	215	0
6	216	0
6	217	0
6	218	0
6	219	0
6	220	0
6	221	0
6	222	0
6	223	0
6	224	0
6	225	0
6	226	0
6	227	0
6	228	0
6	229	0
6	230	0
6	231	0
6	232	0
6	233	0
6	234	0
6	235	0
6	236	0
6	237	0
6	238	0
6	239	0
6	240	0
6	241	0
6	242	0
6	243	0
6	244	0
6	245	0
6	246	0
6	247	0
6	248	0
6	249	0
6	250	0
6	251	0
6	252	0
6	253	0
6	254	0
6	255	0
6	256	0
7	1	0
7	2	0
7	3	0
7	4	0
7	5	0
7	6	0
7	8	0
7	9	0
7	10	0
7	11	0
7	12	0
7	13	0
7	14	0
7	15	0
7	16	0
7	17	0
7	18	0
7	19	0
7	20	0
7	21	0
7	22	0
7	23	0
7	24	0
7	25	0
7	26	0
7	27	0
7	28	0
7	29	0
7	30	0
7	31	0
7	32	0
7	33	0
7	34	0
7	35	0
7	36	0
7	37	0
7	38	0
7	39	0
7	40	0
7	41	0
7	42	0
7	43	0
7	44	0
7	45	0
7	46	0
7	47	0
7	48	0
7	49	0
7	50	0
7	51	0
7	52	0
7	53	0
7	54	0
7	55	0
7	56	0
7	57	0
7	58	0
7	59	0
7	60	0
7	61	0
7	62	0
7	63	0
7	64	0
7	65	0
7	66	0
7	67	0
7	68	0
7	69	0
7	70	0
7	71	0
7	72	0
7	73	0
7	74	0
7	75	0
7	76	0
7	77	0
7	78	0
7	79	0
7	80	0
7	81	0
7	82	0
7	83	0
7	84	0
7	85	0
7	86	0
7	87	0
7	88	0
7	89	0
7	90	0
7	91	0
7	92	0
7	93	0
7	94	0
7	95	0
7	96	0
7	97	0
7	98	0
7	99	0
7	100	0
7	101	0
7	102	0
7	103	0
7	104	0
7	105	0
7	106	0
7	107	0
7	108	0
7	109	0
7	110	0
7	111	0
7	112	0
7	113	0
7	114	0
7	115	0
7	116	0
7	117	0
7	118	0
7	119	0
7	120	0
7	121	0
7	122	0
7	123	0
7	124	0
7	125	0
7	126	0
7	127	0
7	128	0
7	129	0
7	130	0
7	131	0
7	132	0
7	133	0
7	134	0
7	135	0
7	136	0
7	137	0
7	138	0
7	139	0
7	140	0
7	141	0
7	142	0
7	143	0
7	144	0
7	145	0
7	146	0
7	147	0
7	148	0
7	149	0
7	150	0
7	151	0
7	152	0
7	153	0
7	154	0
7	155	0
7	156	0
7	157	0
7	158	0
7	159	0
7	160	0
7	161	0
7	162	0
7	163	0
7	164	0
7	165	0
7	166	0
7	167	0
7	168	0
7	169	0
7	170	0
7	171	0
7	172	0
7	173	0
7	174	0
7	175	0
7	176	0
7	177	0
7	178	0
7	179	0
7	180	0
7	181	0
7	182	0
7	183	0
7	184	0
7	185	0
7	186	0
7	187	0
7	188	0
7	189	0
7	190	0
7	191	0
7	192	0
7	193	0
7	194	0
7	195	0
7	196	0
7	197	0
7	198	0
7	199	0
7	200	0
7	201	0
7	202	0
7	203	0
7	204	0
7	205	0
7	206	0
7	207	0
7	208	0
7	209	0
7	210	0
7	211	0
7	212	0
7	213	0
7	214	0
7	215	0
7	216	0
7	217	0
7	218	0
7	219	0
7	220	0
7	221	0
7	222	0
7	223	0
7	224	0
7	225	0
7	226	0
7	227	0
7	228	0
7	229	0
7	230	0
7	231	0
7	232	0
7	233	0
7	234	0
7	235	0
7	236	0
7	237	0
7	238	0
7	239	0
7	240	0
7	241	0
7	242	0
7	243	0
7	244	0
7	245	0
7	246	0
7	247	0
7	248	0
7	249	0
7	250	0
7	251	0
7	252	0
7	253	0
7	254	0
7	255	0
7	256	0
8	1	0
8	2	0
8	3	0
8	4	0
8	5	0
8	6	0
8	7	0
8	9	0
8	10	0
8	11	0
8	12	0
8	13	0
8	14	0
8	15	0
8	16	0
8	17	0
8	18	0
8	19	0
8	20	0
8	21	0
8	22	0
8	23	0
8	24	0
8	25	0
8	26	0
8	27	0
8	28	0
8	29	0
8	30	0
8	31	0
8	32	0
8	33	0
8	34	0
8	35	0
8	36	0
8	37	0
8	38	0
8	39	0
8	40	0
8	41	0
8	42	0
8	43	0
8	44	0
8	45	0
8	46	0
8	47	0
8	48	0
8	49	0
8	50	0
8	51	0
8	52	0
8	53	0
8	54	0
8	55	0
8	56	0
8	57	0
8	58	0
8	59	0
8	60	0
8	61	0
8	62	0
8	63	0
8	64	0
8	65	0
8	66	0
8	67	0
8	68	0
8	69	0
8	70	0
8	71	0
8	72	0
8	73	0
8	74	0
8	75	0
8	76	0
8	77	0
8	78	0
8	79	0
8	80	0
8	81	0
8	82	0
8	83	0
8	84	0
8	85	0
8	86	0
8	87	0
8	88	0
8	89	0
8	90	0
8	91	0
8	92	0
8	93	0
8	94	0
8	95	0
8	96	0
8	97	0
8	98	0
8	99	0
8	100	0
8	101	0
8	102	0
8	103	0
8	104	0
8	105	0
8	106	0
8	107	0
8	108	0
8	109	0
8	110	0
8	111	0
8	112	0
8	113	0
8	114	0
8	115	0
8	116	0
8	117	0
8	118	0
8	119	0
8	120	0
8	121	0
8	122	0
8	123	0
8	124	0
8	125	0
8	126	0
8	127	0
8	128	0
8	129	0
8	130	0
8	131	0
8	132	0
8	133	0
8	134	0
8	135	0
8	136	0
8	137	0
8	138	0
8	139	0
8	140	0
8	141	0
8	142	0
8	143	0
8	144	0
8	145	0
8	146	0
8	147	0
8	148	0
8	149	0
8	150	0
8	151	0
8	152	0
8	153	0
8	154	0
8	155	0
8	156	0
8	157	0
8	158	0
8	159	0
8	160	0
8	161	0
8	162	0
8	163	0
8	164	0
8	165	0
8	166	0
8	167	0
8	168	0
8	169	0
8	170	0
8	171	0
8	172	0
8	173	0
8	174	0
8	175	0
8	176	0
8	177	0
8	178	0
8	179	0
8	180	0
8	181	0
8	182	0
8	183	0
8	184	0
8	185	0
8	186	0
8	187	0
8	188	0
8	189	0
8	190	0
8	191	0
8	192	0
8	193	0
8	194	0
8	195	0
8	196	0
8	197	0
8	198	0
8	199	0
8	200	0
8	201	0
8	202	0
8	203	0
8	204	0
8	205	0
8	206	0
8	207	0
8	208	0
8	209	0
8	210	0
8	211	0
8	212	0
8	213	0
8	214	0
8	215	0
8	216	0
8	217	0
8	218	0
8	219	0
8	220	0
8	221	0
8	222	0
8	223	0
8	224	0
8	225	0
8	226	0
8	227	0
8	228	0
8	229	0
8	230	0
8	231	0
8	232	0
8	233	0
8	234	0
8	235	0
8	236	0
8	237	0
8	238	0
8	239	0
8	240	0
8	241	0
8	242	0
8	243	0
8	244	0
8	245	0
8	246	0
8	247	0
8	248	0
8	249	0
8	250	0
8	251	0
8	252	0
8	253	0
8	254	0
8	255	0
8	256	0
9	1	0
9	2	0
9	3	0
9	4	0
9	5	0
9	6	0
9	7	0
9	8	0
9	10	0
9	11	0
9	12	0
9	13	0
9	14	0
9	15	0
9	16	0
9	17	0
9	18	0
9	19	0
9	20	0
9	21	0
9	22	0
9	23	0
9	24	0
9	25	0
9	26	0
9	27	0
9	28	0
9	29	0
9	30	0
9	31	0
9	32	0
9	33	0
9	34	0
9	35	0
9	36	0
9	37	0
9	38	0
9	39	0
9	40	0
9	41	0
9	42	0
9	43	0
9	44	0
9	45	0
9	46	0
9	47	0
9	48	0
9	49	0
9	50	0
9	51	0
9	52	0
9	53	0
9	54	0
9	55	0
9	56	0
9	57	0
9	58	0
9	59	0
9	60	0
9	61	0
9	62	0
9	63	0
9	64	0
9	65	0
9	66	0
9	67	0
9	68	0
9	69	0
9	70	0
9	71	0
9	72	0
9	73	0
9	74	0
9	75	0
9	76	0
9	77	0
9	78	0
9	79	0
9	80	0
9	81	0
9	82	0
9	83	0
9	84	0
9	85	0
9	86	0
9	87	0
9	88	0
9	89	0
9	90	0
9	91	0
9	92	0
9	93	0
9	94	0
9	95	0
9	96	0
9	97	0
9	98	0
9	99	0
9	100	0
9	101	0
9	102	0
9	103	0
9	104	0
9	105	0
9	106	0
9	107	0
9	108	0
9	109	0
9	110	0
9	111	0
9	112	0
9	113	0
9	114	0
9	115	0
9	116	0
9	117	0
9	118	0
9	119	0
9	120	0
9	121	0
9	122	0
9	123	0
9	124	0
9	125	0
9	126	0
9	127	0
9	128	0
9	129	0
9	130	0
9	131	0
9	132	0
9	133	0
9	134	0
9	135	0
9	136	0
9	137	0
9	138	0
9	139	0
9	140	0
9	141	0
9	142	0
9	143	0
9	144	0
9	145	0
9	146	0
9	147	0
9	148	0
9	149	0
9	150	0
9	151	0
9	152	0
9	153	0
9	154	0
9	155	0
9	156	0
9	157	0
9	158	0
9	159	0
9	160	0
9	161	0
9	162	0
9	163	0
9	164	0
9	165	0
9	166	0
9	167	0
9	168	0
9	169	0
9	170	0
9	171	0
9	172	0
9	173	0
9	174	0
9	175	0
9	176	0
9	177	0
9	178	0
9	179	0
9	180	0
9	181	0
9	182	0
9	183	0
9	184	0
9	185	0
9	186	0
9	187	0
9	188	0
9	189	0
9	190	0
9	191	0
9	192	0
9	193	0
9	194	0
9	195	0
9	196	0
9	197	0
9	198	0
9	199	0
9	200	0
9	201	0
9	202	0
9	203	0
9	204	0
9	205	0
9	206	0
9	207	0
9	208	0
9	209	0
9	210	0
9	211	0
9	212	0
9	213	0
9	214	0
9	215	0
9	216	0
9	217	0
9	218	0
9	219	0
9	220	0
9	221	0
9	222	0
9	223	0
9	224	0
9	225	0
9	226	0
9	227	0
9	228	0
9	229	0
9	230	0
9	231	0
9	232	0
9	233	0
9	234	0
9	235	0
9	236	0
9	237	0
9	238	0
9	239	0
9	240	0
9	241	0
9	242	0
9	243	0
9	244	0
9	245	0
9	246	0
9	247	0
9	248	0
9	249	0
9	250	0
9	251	0
9	252	0
9	253	0
9	254	0
9	255	0
9	256	0
10	1	0
10	2	0
10	3	0
10	4	0
10	5	0
10	6	0
10	7	0
10	8	0
10	9	0
10	11	0
10	12	0
10	13	0
10	14	0
10	15	0
10	16	0
10	17	0
10	18	0
10	19	0
10	20	0
10	21	0
10	22	0
10	23	0
10	24	0
10	25	0
10	26	0
10	27	0
10	28	0
10	29	0
10	30	0
10	31	0
10	32	0
10	33	0
10	34	0
10	35	0
10	36	0
10	37	0
10	38	0
10	39	0
10	40	0
10	41	0
10	42	0
10	43	0
10	44	0
10	45	0
10	46	0
10	47	0
10	48	0
10	49	0
10	50	0
10	51	0
10	52	0
10	53	0
10	54	0
10	55	0
10	56	0
10	57	0
10	58	0
10	59	0
10	60	0
10	61	0
10	62	0
10	63	0
10	64	0
10	65	0
10	66	0
10	67	0
10	68	0
10	69	0
10	70	0
10	71	0
10	72	0
10	73	0
10	74	0
10	75	0
10	76	0
10	77	0
10	78	0
10	79	0
10	80	0
10	81	0
10	82	0
10	83	0
10	84	0
10	85	0
10	86	0
10	87	0
10	88	0
10	89	0
10	90	0
10	91	0
10	92	0
10	93	0
10	94	0
10	95	0
10	96	0
10	97	0
10	98	0
10	99	0
10	100	0
10	101	0
10	102	0
10	103	0
10	104	0
10	105	0
10	106	0
10	107	0
10	108	0
10	109	0
10	110	0
10	111	0
10	112	0
10	113	0
10	114	0
10	115	0
10	116	0
10	117	0
10	118	0
10	119	0
10	120	0
10	121	0
10	122	0
10	123	0
10	124	0
10	125	0
10	126	0
10	127	0
10	128	0
10	129	0
10	130	0
10	131	0
10	132	0
10	133	0
10	134	0
10	135	0
10	136	0
10	137	0
10	138	0
10	139	0
10	140	0
10	141	0
10	142	0
10	143	0
10	144	0
10	145	0
10	146	0
10	147	0
10	148	0
10	149	0
10	150	0
10	151	0
10	152	0
10	153	0
10	154	0
10	155	0
10	156	0
10	157	0
10	158	0
10	159	0
10	160	0
10	161	0
10	162	0
10	163	0
10	164	0
10	165	0
10	166	0
10	167	0
10	168	0
10	169	0
10	170	0
10	171	0
10	172	0
10	173	0
10	174	0
10	175	0
10	176	0
10	177	0
10	178	0
10	179	0
10	180	0
10	181	0
10	182	0
10	183	0
10	184	0
10	185	0
10	186	0
10	187	0
10	188	0
10	189	0
10	190	0
10	191	0
10	192	0
10	193	0
10	194	0
10	195	0
10	196	0
10	197	0
10	198	0
10	199	0
10	200	0
10	201	0
10	202	0
10	203	0
10	204	0
10	205	0
10	206	0
10	207	0
10	208	0
10	209	0
10	210	0
10	211	0
10	212	0
10	213	0
10	214	0
10	215	0
10	216	0
10	217	0
10	218	0
10	219	0
10	220	0
10	221	0
10	222	0
10	223	0
10	224	0
10	225	0
10	226	0
10	227	0
10	228	0
10	229	0
10	230	0
10	231	0
10	232	0
10	233	0
10	234	0
10	235	0
10	236	0
10	237	0
10	238	0
10	239	0
10	240	0
10	241	0
10	242	0
10	243	0
10	244	0
10	245	0
10	246	0
10	247	0
10	248	0
10	249	0
10	250	0
10	251	0
10	252	0
10	253	0
10	254	0
10	255	0
10	256	0
11	1	0
11	2	0
11	3	0
11	4	0
11	5	0
11	6	0
11	7	0
11	8	0
11	9	0
11	10	0
11	12	0
11	13	0
11	14	0
11	15	0
11	16	0
11	17	0
11	18	0
11	19	0
11	20	0
11	21	0
11	22	0
11	23	0
11	24	0
11	25	0
11	26	0
11	27	0
11	28	0
11	29	0
11	30	0
11	31	0
11	32	0
11	33	0
11	34	0
11	35	0
11	36	0
11	37	0
11	38	0
11	39	0
11	40	0
11	41	0
11	42	0
11	43	0
11	44	0
11	45	0
11	46	0
11	47	0
11	48	0
11	49	0
11	50	0
11	51	0
11	52	0
11	53	0
11	54	0
11	55	0
11	56	0
11	57	0
11	58	0
11	59	0
11	60	0
11	61	0
11	62	0
11	63	0
11	64	0
11	65	0
11	66	0
11	67	0
11	68	0
11	69	0
11	70	0
11	71	0
11	72	0
11	73	0
11	74	0
11	75	0
11	76	0
11	77	0
11	78	0
11	79	0
11	80	0
11	81	0
11	82	0
11	83	0
11	84	0
11	85	0
11	86	0
11	87	0
11	88	0
11	89	0
11	90	0
11	91	0
11	92	0
11	93	0
11	94	0
11	95	0
11	96	0
11	97	0
11	98	0
11	99	0
11	100	0
11	101	0
11	102	0
11	103	0
11	104	0
11	105	0
11	106	0
11	107	0
11	108	0
11	109	0
11	110	0
11	111	0
11	112	0
11	113	0
11	114	0
11	115	0
11	116	0
11	117	0
11	118	0
11	119	0
11	120	0
11	121	0
11	122	0
11	123	0
11	124	0
11	125	0
11	126	0
11	127	0
11	128	0
11	129	0
11	130	0
11	131	0
11	132	0
11	133	0
11	134	0
11	135	0
11	136	0
11	137	0
11	138	0
11	139	0
11	140	0
11	141	0
11	142	0
11	143	0
11	144	0
11	145	0
11	146	0
11	147	0
11	148	0
11	149	0
11	150	0
11	151	0
11	152	0
11	153	0
11	154	0
11	155	0
11	156	0
11	157	0
11	158	0
11	159	0
11	160	0
11	161	0
11	162	0
11	163	0
11	164	0
11	165	0
11	166	0
11	167	0
11	168	0
11	169	0
11	170	0
11	171	0
11	172	0
11	173	0
11	174	0
11	175	0
11	176	0
11	177	0
11	178	0
11	179	0
11	180	0
11	181	0
11	182	0
11	183	0
11	184	0
11	185	0
11	186	0
11	187	0
11	188	0
11	189	0
11	190	0
11	191	0
11	192	0
11	193	0
11	194	0
11	195	0
11	196	0
11	197	0
11	198	0
11	199	0
11	200	0
11	201	0
11	202	0
11	203	0
11	204	0
11	205	0
11	206	0
11	207	0
11	208	0
11	209	0
11	210	0
11	211	0
11	212	0
11	213	0
11	214	0
11	215	0
11	216	0
11	217	0
11	218	0
11	219	0
11	220	0
11	221	0
11	222	0
11	223	0
11	224	0
11	225	0
11	226	0
11	227	0
11	228	0
11	229	0
11	230	0
11	231	0
11	232	0
11	233	0
11	234	0
11	235	0
11	236	0
11	237	0
11	238	0
11	239	0
11	240	0
11	241	0
11	242	0
11	243	0
11	244	0
11	245	0
11	246	0
11	247	0
11	248	0
11	249	0
11	250	0
11	251	0
11	252	0
11	253	0
11	254	0
11	255	0
11	256	0
12	1	0
12	2	0
12	3	0
12	4	0
12	5	0
12	6	0
12	7	0
12	8	0
12	9	0
12	10	0
12	11	0
12	13	0
12	14	0
12	15	0
12	16	0
12	17	0
12	18	0
12	19	0
12	20	0
12	21	0
12	22	0
12	23	0
12	24	0
12	25	0
12	26	0
12	27	0
12	28	0
12	29	0
12	30	0
12	31	0
12	32	0
12	33	0
12	34	0
12	35	0
12	36	0
12	37	0
12	38	0
12	39	0
12	40	0
12	41	0
12	42	0
12	43	0
12	44	0
12	45	0
12	46	0
12	47	0
12	48	0
12	49	0
12	50	0
12	51	0
12	52	0
12	53	0
12	54	0
12	55	0
12	56	0
12	57	0
12	58	0
12	59	0
12	60	0
12	61	0
12	62	0
12	63	0
12	64	0
12	65	0
12	66	0
12	67	0
12	68	0
12	69	0
12	70	0
12	71	0
12	72	0
12	73	0
12	74	0
12	75	0
12	76	0
12	77	0
12	78	0
12	79	0
12	80	0
12	81	0
12	82	0
12	83	0
12	84	0
12	85	0
12	86	0
12	87	0
12	88	0
12	89	0
12	90	0
12	91	0
12	92	0
12	93	0
12	94	0
12	95	0
12	96	0
12	97	0
12	98	0
12	99	0
12	100	0
12	101	0
12	102	0
12	103	0
12	104	0
12	105	0
12	106	0
12	107	0
12	108	0
12	109	0
12	110	0
12	111	0
12	112	0
12	113	0
12	114	0
12	115	0
12	116	0
12	117	0
12	118	0
12	119	0
12	120	0
12	121	0
12	122	0
12	123	0
12	124	0
12	125	0
12	126	0
12	127	0
12	128	0
12	129	0
12	130	0
12	131	0
12	132	0
12	133	0
12	134	0
12	135	0
12	136	0
12	137	0
12	138	0
12	139	0
12	140	0
12	141	0
12	142	0
12	143	0
12	144	0
12	145	0
12	146	0
12	147	0
12	148	0
12	149	0
12	150	0
12	151	0
12	152	0
12	153	0
12	154	0
12	155	0
12	156	0
12	157	0
12	158	0
12	159	0
12	160	0
12	161	0
12	162	0
12	163	0
12	164	0
12	165	0
12	166	0
12	167	0
12	168	0
12	169	0
12	170	0
12	171	0
12	172	0
12	173	0
12	174	0
12	175	0
12	176	0
12	177	0
12	178	0
12	179	0
12	180	0
12	181	0
12	182	0
12	183	0
12	184	0
12	185	0
12	186	0
12	187	0
12	188	0
12	189	0
12	190	0
12	191	0
12	192	0
12	193	0
12	194	0
12	195	0
12	196	0
12	197	0
12	198	0
12	199	0
12	200	0
12	201	0
12	202	0
12	203	0
12	204	0
12	205	0
12	206	0
12	207	0
12	208	0
12	209	0
12	210	0
12	211	0
12	212	0
12	213	0
12	214	0
12	215	0
12	216	0
12	217	0
12	218	0
12	219	0
12	220	0
12	221	0
12	222	0
12	223	0
12	224	0
12	225	0
12	226	0
12	227	0
12	228	0
12	229	0
12	230	0
12	231	0
12	232	0
12	233	0
12	234	0
12	235	0
12	236	0
12	237	0
12	238	0
12	239	0
12	240	0
12	241	0
12	242	0
12	243	0
12	244	0
12	245	0
12	246	0
12	247	0
12	248	0
12	249	0
12	250	0
12	251	0
12	252	0
12	253	0
12	254	0
12	255	0
12	256	0
13	1	0
13	2	0
13	3	0
13	4	0
13	5	0
13	6	0
13	7	0
13	8	0
13	9	0
13	10	0
13	11	0
13	12	0
13	14	0
13	15	0
13	16	0
13	17	0
13	18	0
13	19	0
13	20	0
13	21	0
13	22	0
13	23	0
13	24	0
13	25	0
13	26	0
13	27	0
13	28	0
13	29	0
13	30	0
13	31	0
13	32	0
13	33	0
13	34	0
13	35	0
13	36	0
13	37	0
13	38	0
13	39	0
13	40	0
13	41	0
13	42	0
13	43	0
13	44	0
13	45	0
13	46	0
13	47	0
13	48	0
13	49	0
13	50	0
13	51	0
13	52	0
13	53	0
13	54	0
13	55	0
13	56	0
13	57	0
13	58	0
13	59	0
13	60	0
13	61	0
13	62	0
13	63	0
13	64	0
13	65	0
13	66	0
13	67	0
13	68	0
13	69	0
13	70	0
13	71	0
13	72	0
13	73	0
13	74	0
13	75	0
13	76	0
13	77	0
13	78	0
13	79	0
13	80	0
13	81	0
13	82	0
13	83	0
13	84	0
13	85	0
13	86	0
13	87	0
13	88	0
13	89	0
13	90	0
13	91	0
13	92	0
13	93	0
13	94	0
13	95	0
13	96	0
13	97	0
13	98	0
13	99	0
13	100	0
13	101	0
13	102	0
13	103	0
13	104	0
13	105	0
13	106	0
13	107	0
13	108	0
13	109	0
13	110	0
13	111	0
13	112	0
13	113	0
13	114	0
13	115	0
13	116	0
13	117	0
13	118	0
13	119	0
13	120	0
13	121	0
13	122	0
13	123	0
13	124	0
13	125	0
13	126	0
13	127	0
13	128	0
13	129	0
13	130	0
13	131	0
13	132	0
13	133	0
13	134	0
13	135	0
13	136	0
13	137	0
13	138	0
13	139	0
13	140	0
13	141	0
13	142	0
13	143	0
13	144	0
13	145	0
13	146	0
13	147	0
13	148	0
13	149	0
13	150	0
13	151	0
13	152	0
13	153	0
13	154	0
13	155	0
13	156	0
13	157	0
13	158	0
13	159	0
13	160	0
13	161	0
13	162	0
13	163	0
13	164	0
13	165	0
13	166	0
13	167	0
13	168	0
13	169	0
13	170	0
13	171	0
13	172	0
13	173	0
13	174	0
13	175	0
13	176	0
13	177	0
13	178	0
13	179	0
13	180	0
13	181	0
13	182	0
13	183	0
13	184	0
13	185	0
13	186	0
13	187	0
13	188	0
13	189	0
13	190	0
13	191	0
13	192	0
13	193	0
13	194	0
13	195	0
13	196	0
13	197	0
13	198	0
13	199	0
13	200	0
13	201	0
13	202	0
13	203	0
13	204	0
13	205	0
13	206	0
13	207	0
13	208	0
13	209	0
13	210	0
13	211	0
13	212	0
13	213	0
13	214	0
13	215	0
13	216	0
13	217	0
13	218	0
13	219	0
13	220	0
13	221	0
13	222	0
13	223	0
13	224	0
13	225	0
13	226	0
13	227	0
13	228	0
13	229	0
13	230	0
13	231	0
13	232	0
13	233	0
13	234	0
13	235	0
13	236	0
13	237	0
13	238	0
13	239	0
13	240	0
13	241	0
13	242	0
13	243	0
13	244	0
13	245	0
13	246	0
13	247	0
13	248	0
13	249	0
13	250	0
13	251	0
13	252	0
13	253	0
13	254	0
13	255	0
13	256	0
14	1	0
14	2	0
14	3	0
14	4	0
14	5	0
14	6	0
14	7	0
14	8	0
14	9	0
14	10	0
14	11	0
14	12	0
14	13	0
14	15	0
14	16	0
14	17	0
14	18	0
14	19	0
14	20	0
14	21	0
14	22	0
14	23	0
14	24	0
14	25	0
14	26	0
14	27	0
14	28	0
14	29	0
14	30	0
14	31	0
14	32	0
14	33	0
14	34	0
14	35	0
14	36	0
14	37	0
14	38	0
14	39	0
14	40	0
14	41	0
14	42	0
14	43	0
14	44	0
14	45	0
14	46	0
14	47	0
14	48	0
14	49	0
14	50	0
14	51	0
14	52	0
14	53	0
14	54	0
14	55	0
14	56	0
14	57	0
14	58	0
14	59	0
14	60	0
14	61	0
14	62	0
14	63	0
14	64	0
14	65	0
14	66	0
14	67	0
14	68	0
14	69	0
14	70	0
14	71	0
14	72	0
14	73	0
14	74	0
14	75	0
14	76	0
14	77	0
14	78	0
14	79	0
14	80	0
14	81	0
14	82	0
14	83	0
14	84	0
14	85	0
14	86	0
14	87	0
14	88	0
14	89	0
14	90	0
14	91	0
14	92	0
14	93	0
14	94	0
14	95	0
14	96	0
14	97	0
14	98	0
14	99	0
14	100	0
14	101	0
14	102	0
14	103	0
14	104	0
14	105	0
14	106	0
14	107	0
14	108	0
14	109	0
14	110	0
14	111	0
14	112	0
14	113	0
14	114	0
14	115	0
14	116	0
14	117	0
14	118	0
14	119	0
14	120	0
14	121	0
14	122	0
14	123	0
14	124	0
14	125	0
14	126	0
14	127	0
14	128	0
14	129	0
14	130	0
14	131	0
14	132	0
14	133	0
14	134	0
14	135	0
14	136	0
14	137	0
14	138	0
14	139	0
14	140	0
14	141	0
14	142	0
14	143	0
14	144	0
14	145	0
14	146	0
14	147	0
14	148	0
14	149	0
14	150	0
14	151	0
14	152	0
14	153	0
14	154	0
14	155	0
14	156	0
14	157	0
14	158	0
14	159	0
14	160	0
14	161	0
14	162	0
14	163	0
14	164	0
14	165	0
14	166	0
14	167	0
14	168	0
14	169	0
14	170	0
14	171	0
14	172	0
14	173	0
14	174	0
14	175	0
14	176	0
14	177	0
14	178	0
14	179	0
14	180	0
14	181	0
14	182	0
14	183	0
14	184	0
14	185	0
14	186	0
14	187	0
14	188	0
14	189	0
14	190	0
14	191	0
14	192	0
14	193	0
14	194	0
14	195	0
14	196	0
14	197	0
14	198	0
14	199	0
14	200	0
14	201	0
14	202	0
14	203	0
14	204	0
14	205	0
14	206	0
14	207	0
14	208	0
14	209	0
14	210	0
14	211	0
14	212	0
14	213	0
14	214	0
14	215	0
14	216	0
14	217	0
14	218	0
14	219	0
14	220	0
14	221	0
14	222	0
14	223	0
14	224	0
14	225	0
14	226	0
14	227	0
14	228	0
14	229	0
14	230	0
14	231	0
14	232	0
14	233	0
14	234	0
14	235	0
14	236	0
14	237	0
14	238	0
14	239	0
14	240	0
14	241	0
14	242	0
14	243	0
14	244	0
14	245	0
14	246	0
14	247	0
14	248	0
14	249	0
14	250	0
14	251	0
14	252	0
14	253	0
14	254	0
14	255	0
14	256	0
15	1	0
15	2	0
15	3	0
15	4	0
15	5	0
15	6	0
15	7	0
15	8	0
15	9	0
15	10	0
15	11	0
15	12	0
15	13	0
15	14	0
15	16	0
15	17	0
15	18	0
15	19	0
15	20	0
15	21	0
15	22	0
15	23	0
15	24	0
15	25	0
15	26	0
15	27	0
15	28	0
15	29	0
15	30	0
15	31	0
15	32	0
15	33	0
15	34	0
15	35	0
15	36	0
15	37	0
15	38	0
15	39	0
15	40	0
15	41	0
15	42	0
15	43	0
15	44	0
15	45	0
15	46	0
15	47	0
15	48	0
15	49	0
15	50	0
15	51	0
15	52	0
15	53	0
15	54	0
15	55	0
15	56	0
15	57	0
15	58	0
15	59	0
15	60	0
15	61	0
15	62	0
15	63	0
15	64	0
15	65	0
15	66	0
15	67	0
15	68	0
15	69	0
15	70	0
15	71	0
15	72	0
15	73	0
15	74	0
15	75	0
15	76	0
15	77	0
15	78	0
15	79	0
15	80	0
15	81	0
15	82	0
15	83	0
15	84	0
15	85	0
15	86	0
15	87	0
15	88	0
15	89	0
15	90	0
15	91	0
15	92	0
15	93	0
15	94	0
15	95	0
15	96	0
15	97	0
15	98	0
15	99	0
15	100	0
15	101	0
15	102	0
15	103	0
15	104	0
15	105	0
15	106	0
15	107	0
15	108	0
15	109	0
15	110	0
15	111	0
15	112	0
15	113	0
15	114	0
15	115	0
15	116	0
15	117	0
15	118	0
15	119	0
15	120	0
15	121	0
15	122	0
15	123	0
15	124	0
15	125	0
15	126	0
15	127	0
15	128	0
15	129	0
15	130	0
15	131	0
15	132	0
15	133	0
15	134	0
15	135	0
15	136	0
15	137	0
15	138	0
15	139	0
15	140	0
15	141	0
15	142	0
15	143	0
15	144	0
15	145	0
15	146	0
15	147	0
15	148	0
15	149	0
15	150	0
15	151	0
15	152	0
15	153	0
15	154	0
15	155	0
15	156	0
15	157	0
15	158	0
15	159	0
15	160	0
15	161	0
15	162	0
15	163	0
15	164	0
15	165	0
15	166	0
15	167	0
15	168	0
15	169	0
15	170	0
15	171	0
15	172	0
15	173	0
15	174	0
15	175	0
15	176	0
15	177	0
15	178	0
15	179	0
15	180	0
15	181	0
15	182	0
15	183	0
15	184	0
15	185	0
15	186	0
15	187	0
15	188	0
15	189	0
15	190	0
15	191	0
15	192	0
15	193	0
15	194	0
15	195	0
15	196	0
15	197	0
15	198	0
15	199	0
15	200	0
15	201	0
15	202	0
15	203	0
15	204	0
15	205	0
15	206	0
15	207	0
15	208	0
15	209	0
15	210	0
15	211	0
15	212	0
15	213	0
15	214	0
15	215	0
15	216	0
15	217	0
15	218	0
15	219	0
15	220	0
15	221	0
15	222	0
15	223	0
15	224	0
15	225	0
15	226	0
15	227	0
15	228	0
15	229	0
15	230	0
15	231	0
15	232	0
15	233	0
15	234	0
15	235	0
15	236	0
15	237	0
15	238	0
15	239	0
15	240	0
15	241	0
15	242	0
15	243	0
15	244	0
15	245	0
15	246	0
15	247	0
15	248	0
15	249	0
15	250	0
15	251	0
15	252	0
15	253	0
15	254	0
15	255	0
15	256	0
16	1	0
16	2	0
16	3	0
16	4	0
16	5	0
16	6	0
16	7	0
16	8	0
16	9	0
16	10	0
16	11	0
16	12	0
16	13	0
16	14	0
16	15	0
16	17	0
16	18	0
16	19	0
16	20	0
16	21	0
16	22	0
16	23	0
16	24	0
16	25	0
16	26	0
16	27	0
16	28	0
16	29	0
16	30	0
16	31	0
16	32	0
16	33	0
16	34	0
16	35	0
16	36	0
16	37	0
16	38	0
16	39	0
16	40	0
16	41	0
16	42	0
16	43	0
16	44	0
16	45	0
16	46	0
16	47	0
16	48	0
16	49	0
16	50	0
16	51	0
16	52	0
16	53	0
16	54	0
16	55	0
16	56	0
16	57	0
16	58	0
16	59	0
16	60	0
16	61	0
16	62	0
16	63	0
16	64	0
16	65	0
16	66	0
16	67	0
16	68	0
16	69	0
16	70	0
16	71	0
16	72	0
16	73	0
16	74	0
16	75	0
16	76	0
16	77	0
16	78	0
16	79	0
16	80	0
16	81	0
16	82	0
16	83	0
16	84	0
16	85	0
16	86	0
16	87	0
16	88	0
16	89	0
16	90	0
16	91	0
16	92	0
16	93	0
16	94	0
16	95	0
16	96	0
16	97	0
16	98	0
16	99	0
16	100	0
16	101	0
16	102	0
16	103	0
16	104	0
16	105	0
16	106	0
16	107	0
16	108	0
16	109	0
16	110	0
16	111	0
16	112	0
16	113	0
16	114	0
16	115	0
16	116	0
16	117	0
16	118	0
16	119	0
16	120	0
16	121	0
16	122	0
16	123	0
16	124	0
16	125	0
16	126	0
16	127	0
16	128	0
16	129	0
16	130	0
16	131	0
16	132	0
16	133	0
16	134	0
16	135	0
16	136	0
16	137	0
16	138	0
16	139	0
16	140	0
16	141	0
16	142	0
16	143	0
16	144	0
16	145	0
16	146	0
16	147	0
16	148	0
16	149	0
16	150	0
16	151	0
16	152	0
16	153	0
16	154	0
16	155	0
16	156	0
16	157	0
16	158	0
16	159	0
16	160	0
16	161	0
16	162	0
16	163	0
16	164	0
16	165	0
16	166	0
16	167	0
16	168	0
16	169	0
16	170	0
16	171	0
16	172	0
16	173	0
16	174	0
16	175	0
16	176	0
16	177	0
16	178	0
16	179	0
16	180	0
16	181	0
16	182	0
16	183	0
16	184	0
16	185	0
16	186	0
16	187	0
16	188	0
16	189	0
16	190	0
16	191	0
16	192	0
16	193	0
16	194	0
16	195	0
16	196	0
16	197	0
16	198	0
16	199	0
16	200	0
16	201	0
16	202	0
16	203	0
16	204	0
16	205	0
16	206	0
16	207	0
16	208	0
16	209	0
16	210	0
16	211	0
16	212	0
16	213	0
16	214	0
16	215	0
16	216	0
16	217	0
16	218	0
16	219	0
16	220	0
16	221	0
16	222	0
16	223	0
16	224	0
16	225	0
16	226	0
16	227	0
16	228	0
16	229	0
16	230	0
16	231	0
16	232	0
16	233	0
16	234	0
16	235	0
16	236	0
16	237	0
16	238	0
16	239	0
16	240	0
16	241	0
16	242	0
16	243	0
16	244	0
16	245	0
16	246	0
16	247	0
16	248	0
16	249	0
16	250	0
16	251	0
16	252	0
16	253	0
16	254	0
16	255	0
16	256	0
17	1	0
17	2	0
17	3	0
17	4	0
17	5	0
17	6	0
17	7	0
17	8	0
17	9	0
17	10	0
17	11	0
17	12	0
17	13	0
17	14	0
17	15	0
17	16	0
17	18	0
17	19	0
17	20	0
17	21	0
17	22	0
17	23	0
17	24	0
17	25	0
17	26	0
17	27	0
17	28	0
17	29	0
17	30	0
17	31	0
17	32	0
17	33	0
17	34	0
17	35	0
17	36	0
17	37	0
17	38	0
17	39	0
17	40	0
17	41	0
17	42	0
17	43	0
17	44	0
17	45	0
17	46	0
17	47	0
17	48	0
17	49	0
17	50	0
17	51	0
17	52	0
17	53	0
17	54	0
17	55	0
17	56	0
17	57	0
17	58	0
17	59	0
17	60	0
17	61	0
17	62	0
17	63	0
17	64	0
17	65	0
17	66	0
17	67	0
17	68	0
17	69	0
17	70	0
17	71	0
17	72	0
17	73	0
17	74	0
17	75	0
17	76	0
17	77	0
17	78	0
17	79	0
17	80	0
17	81	0
17	82	0
17	83	0
17	84	0
17	85	0
17	86	0
17	87	0
17	88	0
17	89	0
17	90	0
17	91	0
17	92	0
17	93	0
17	94	0
17	95	0
17	96	0
17	97	0
17	98	0
17	99	0
17	100	0
17	101	0
17	102	0
17	103	0
17	104	0
17	105	0
17	106	0
17	107	0
17	108	0
17	109	0
17	110	0
17	111	0
17	112	0
17	113	0
17	114	0
17	115	0
17	116	0
17	117	0
17	118	0
17	119	0
17	120	0
17	121	0
17	122	0
17	123	0
17	124	0
17	125	0
17	126	0
17	127	0
17	128	0
17	129	0
17	130	0
17	131	0
17	132	0
17	133	0
17	134	0
17	135	0
17	136	0
17	137	0
17	138	0
17	139	0
17	140	0
17	141	0
17	142	0
17	143	0
17	144	0
17	145	0
17	146	0
17	147	0
17	148	0
17	149	0
17	150	0
17	151	0
17	152	0
17	153	0
17	154	0
17	155	0
17	156	0
17	157	0
17	158	0
17	159	0
17	160	0
17	161	0
17	162	0
17	163	0
17	164	0
17	165	0
17	166	0
17	167	0
17	168	0
17	169	0
17	170	0
17	171	0
17	172	0
17	173	0
17	174	0
17	175	0
17	176	0
17	177	0
17	178	0
17	179	0
17	180	0
17	181	0
17	182	0
17	183	0
17	184	0
17	185	0
17	186	0
17	187	0
17	188	0
17	189	0
17	190	0
17	191	0
17	192	0
17	193	0
17	194	0
17	195	0
17	196	0
17	197	0
17	198	0
17	199	0
17	200	0
17	201	0
17	202	0
17	203	0
17	204	0
17	205	0
17	206	0
17	207	0
17	208	0
17	209	0
17	210	0
17	211	0
17	212	0
17	213	0
17	214	0
17	215	0
17	216	0
17	217	0
17	218	0
17	219	0
17	220	0
17	221	0
17	222	0
17	223	0
17	224	0
17	225	0
17	226	0
17	227	0
17	228	0
17	229	0
17	230	0
17	231	0
17	232	0
17	233	0
17	234	0
17	235	0
17	236	0
17	237	0
17	238	0
17	239	0
17	240	0
17	241	0
17	242	0
17	243	0
17	244	0
17	245	0
17	246	0
17	247	0
17	248	0
17	249	0
17	250	0
17	251	0
17	252	0
17	253	0
17	254	0
17	255	0
17	256	0
18	1	0
18	2	0
18	3	0
18	4	0
18	5	0
18	6	0
18	7	0
18	8	0
18	9	0
18	10	0
18	11	0
18	12	0
18	13	0
18	14	0
18	15	0
18	16	0
18	17	0
18	19	0
18	20	0
18	21	0
18	22	0
18	23	0
18	24	0
18	25	0
18	26	0
18	27	0
18	28	0
18	29	0
18	30	0
18	31	0
18	32	0
18	33	0
18	34	0
18	35	0
18	36	0
18	37	0
18	38	0
18	39	0
18	40	0
18	41	0
18	42	0
18	43	0
18	44	0
18	45	0
18	46	0
18	47	0
18	48	0
18	49	0
18	50	0
18	51	0
18	52	0
18	53	0
18	54	0
18	55	0
18	56	0
18	57	0
18	58	0
18	59	0
18	60	0
18	61	0
18	62	0
18	63	0
18	64	0
18	65	0
18	66	0
18	67	0
18	68	0
18	69	0
18	70	0
18	71	0
18	72	0
18	73	0
18	74	0
18	75	0
18	76	0
18	77	0
18	78	0
18	79	0
18	80	0
18	81	0
18	82	0
18	83	0
18	84	0
18	85	0
18	86	0
18	87	0
18	88	0
18	89	0
18	90	0
18	91	0
18	92	0
18	93	0
18	94	0
18	95	0
18	96	0
18	97	0
18	98	0
18	99	0
18	100	0
18	101	0
18	102	0
18	103	0
18	104	0
18	105	0
18	106	0
18	107	0
18	108	0
18	109	0
18	110	0
18	111	0
18	112	0
18	113	0
18	114	0
18	115	0
18	116	0
18	117	0
18	118	0
18	119	0
18	120	0
18	121	0
18	122	0
18	123	0
18	124	0
18	125	0
18	126	0
18	127	0
18	128	0
18	129	0
18	130	0
18	131	0
18	132	0
18	133	0
18	134	0
18	135	0
18	136	0
18	137	0
18	138	0
18	139	0
18	140	0
18	141	0
18	142	0
18	143	0
18	144	0
18	145	0
18	146	0
18	147	0
18	148	0
18	149	0
18	150	0
18	151	0
18	152	0
18	153	0
18	154	0
18	155	0
18	156	0
18	157	0
18	158	0
18	159	0
18	160	0
18	161	0
18	162	0
18	163	0
18	164	0
18	165	0
18	166	0
18	167	0
18	168	0
18	169	0
18	170	0
18	171	0
18	172	0
18	173	0
18	174	0
18	175	0
18	176	0
18	177	0
18	178	0
18	179	0
18	180	0
18	181	0
18	182	0
18	183	0
18	184	0
18	185	0
18	186	0
18	187	0
18	188	0
18	189	0
18	190	0
18	191	0
18	192	0
18	193	0
18	194	0
18	195	0
18	196	0
18	197	0
18	198	0
18	199	0
18	200	0
18	201	0
18	202	0
18	203	0
18	204	0
18	205	0
18	206	0
18	207	0
18	208	0
18	209	0
18	210	0
18	211	0
18	212	0
18	213	0
18	214	0
18	215	0
18	216	0
18	217	0
18	218	0
18	219	0
18	220	0
18	221	0
18	222	0
18	223	0
18	224	0
18	225	0
18	226	0
18	227	0
18	228	0
18	229	0
18	230	0
18	231	0
18	232	0
18	233	0
18	234	0
18	235	0
18	236	0
18	237	0
18	238	0
18	239	0
18	240	0
18	241	0
18	242	0
18	243	0
18	244	0
18	245	0
18	246	0
18	247	0
18	248	0
18	249	0
18	250	0
18	251	0
18	252	0
18	253	0
18	254	0
18	255	0
18	256	0
19	1	0
19	2	0
19	3	0
19	4	0
19	5	0
19	6	0
19	7	0
19	8	0
19	9	0
19	10	0
19	11	0
19	12	0
19	13	0
19	14	0
19	15	0
19	16	0
19	17	0
19	18	0
19	20	0
19	21	0
19	22	0
19	23	0
19	24	0
19	25	0
19	26	0
19	27	0
19	28	0
19	29	0
19	30	0
19	31	0
19	32	0
19	33	0
19	34	0
19	35	0
19	36	0
19	37	0
19	38	0
19	39	0
19	40	0
19	41	0
19	42	0
19	43	0
19	44	0
19	45	0
19	46	0
19	47	0
19	48	0
19	49	0
19	50	0
19	51	0
19	52	0
19	53	0
19	54	0
19	55	0
19	56	0
19	57	0
19	58	0
19	59	0
19	60	0
19	61	0
19	62	0
19	63	0
19	64	0
19	65	0
19	66	0
19	67	0
19	68	0
19	69	0
19	70	0
19	71	0
19	72	0
19	73	0
19	74	0
19	75	0
19	76	0
19	77	0
19	78	0
19	79	0
19	80	0
19	81	0
19	82	0
19	83	0
19	84	0
19	85	0
19	86	0
19	87	0
19	88	0
19	89	0
19	90	0
19	91	0
19	92	0
19	93	0
19	94	0
19	95	0
19	96	0
19	97	0
19	98	0
19	99	0
19	100	0
19	101	0
19	102	0
19	103	0
19	104	0
19	105	0
19	106	0
19	107	0
19	108	0
19	109	0
19	110	0
19	111	0
19	112	0
19	113	0
19	114	0
19	115	0
19	116	0
19	117	0
19	118	0
19	119	0
19	120	0
19	121	0
19	122	0
19	123	0
19	124	0
19	125	0
19	126	0
19	127	0
19	128	0
19	129	0
19	130	0
19	131	0
19	132	0
19	133	0
19	134	0
19	135	0
19	136	0
19	137	0
19	138	0
19	139	0
19	140	0
19	141	0
19	142	0
19	143	0
19	144	0
19	145	0
19	146	0
19	147	0
19	148	0
19	149	0
19	150	0
19	151	0
19	152	0
19	153	0
19	154	0
19	155	0
19	156	0
19	157	0
19	158	0
19	159	0
19	160	0
19	161	0
19	162	0
19	163	0
19	164	0
19	165	0
19	166	0
19	167	0
19	168	0
19	169	0
19	170	0
19	171	0
19	172	0
19	173	0
19	174	0
19	175	0
19	176	0
19	177	0
19	178	0
19	179	0
19	180	0
19	181	0
19	182	0
19	183	0
19	184	0
19	185	0
19	186	0
19	187	0
19	188	0
19	189	0
19	190	0
19	191	0
19	192	0
19	193	0
19	194	0
19	195	0
19	196	0
19	197	0
19	198	0
19	199	0
19	200	0
19	201	0
19	202	0
19	203	0
19	204	0
19	205	0
19	206	0
19	207	0
19	208	0
19	209	0
19	210	0
19	211	0
19	212	0
19	213	0
19	214	0
19	215	0
19	216	0
19	217	0
19	218	0
19	219	0
19	220	0
19	221	0
19	222	0
19	223	0
19	224	0
19	225	0
19	226	0
19	227	0
19	228	0
19	229	0
19	230	0
19	231	0
19	232	0
19	233	0
19	234	0
19	235	0
19	236	0
19	237	0
19	238	0
19	239	0
19	240	0
19	241	0
19	242	0
19	243	0
19	244	0
19	245	0
19	246	0
19	247	0
19	248	0
19	249	0
19	250	0
19	251	0
19	252	0
19	253	0
19	254	0
19	255	0
19	256	0
20	1	0
20	2	0
20	3	0
20	4	0
20	5	0
20	6	0
20	7	0
20	8	0
20	9	0
20	10	0
20	11	0
20	12	0
20	13	0
20	14	0
20	15	0
20	16	0
20	17	0
20	18	0
20	19	0
20	21	0
20	22	0
20	23	0
20	24	0
20	25	0
20	26	0
20	27	0
20	28	0
20	29	0
20	30	0
20	31	0
20	32	0
20	33	0
20	34	0
20	35	0
20	36	0
20	37	0
20	38	0
20	39	0
20	40	0
20	41	0
20	42	0
20	43	0
20	44	0
20	45	0
20	46	0
20	47	0
20	48	0
20	49	0
20	50	0
20	51	0
20	52	0
20	53	0
20	54	0
20	55	0
20	56	0
20	57	0
20	58	0
20	59	0
20	60	0
20	61	0
20	62	0
20	63	0
20	64	0
20	65	0
20	66	0
20	67	0
20	68	0
20	69	0
20	70	0
20	71	0
20	72	0
20	73	0
20	74	0
20	75	0
20	76	0
20	77	0
20	78	0
20	79	0
20	80	0
20	81	0
20	82	0
20	83	0
20	84	0
20	85	0
20	86	0
20	87	0
20	88	0
20	89	0
20	90	0
20	91	0
20	92	0
20	93	0
20	94	0
20	95	0
20	96	0
20	97	0
20	98	0
20	99	0
20	100	0
20	101	0
20	102	0
20	103	0
20	104	0
20	105	0
20	106	0
20	107	0
20	108	0
20	109	0
20	110	0
20	111	0
20	112	0
20	113	0
20	114	0
20	115	0
20	116	0
20	117	0
20	118	0
20	119	0
20	120	0
20	121	0
20	122	0
20	123	0
20	124	0
20	125	0
20	126	0
20	127	0
20	128	0
20	129	0
20	130	0
20	131	0
20	132	0
20	133	0
20	134	0
20	135	0
20	136	0
20	137	0
20	138	0
20	139	0
20	140	0
20	141	0
20	142	0
20	143	0
20	144	0
20	145	0
20	146	0
20	147	0
20	148	0
20	149	0
20	150	0
20	151	0
20	152	0
20	153	0
20	154	0
20	155	0
20	156	0
20	157	0
20	158	0
20	159	0
20	160	0
20	161	0
20	162	0
20	163	0
20	164	0
20	165	0
20	166	0
20	167	0
20	168	0
20	169	0
20	170	0
20	171	0
20	172	0
20	173	0
20	174	0
20	175	0
20	176	0
20	177	0
20	178	0
20	179	0
20	180	0
20	181	0
20	182	0
20	183	0
20	184	0
20	185	0
20	186	0
20	187	0
20	188	0
20	189	0
20	190	0
20	191	0
20	192	0
20	193	0
20	194	0
20	195	0
20	196	0
20	197	0
20	198	0
20	199	0
20	200	0
20	201	0
20	202	0
20	203	0
20	204	0
20	205	0
20	206	0
20	207	0
20	208	0
20	209	0
20	210	0
20	211	0
20	212	0
20	213	0
20	214	0
20	215	0
20	216	0
20	217	0
20	218	0
20	219	0
20	220	0
20	221	0
20	222	0
20	223	0
20	224	0
20	225	0
20	226	0
20	227	0
20	228	0
20	229	0
20	230	0
20	231	0
20	232	0
20	233	0
20	234	0
20	235	0
20	236	0
20	237	0
20	238	0
20	239	0
20	240	0
20	241	0
20	242	0
20	243	0
20	244	0
20	245	0
20	246	0
20	247	0
20	248	0
20	249	0
20	250	0
20	251	0
20	252	0
20	253	0
20	254	0
20	255	0
20	256	0
21	1	0.735686
21	2	0.675962
21	3	0.72729
21	4	0.710686
21	5	0.737397
21	6	0.735742
21	7	0.713353
21	8	0.723752
21	9	0.689581
21	10	0.699368
21	11	0.621165
21	12	0.632409
21	13	0.671894
21	14	0.613209
21	15	0.66909
21	16	0.678435
21	17	0.682852
21	18	0.666643
21	19	0.655794
21	20	0.640005
21	22	0.667538
21	23	0.508162
21	24	0.628144
21	25	0
21	26	0.609192
21	27	0.57937
21	28	0.60292
21	29	0.558478
21	30	0.594184
21	31	0.594412
21	32	0.606167
21	33	0
21	34	0.555055
21	35	0.6114
21	36	0.549027
21	37	0.596877
21	38	0.089723
21	39	0.60558
21	40	0.605385
21	41	0.597879
21	42	0.571977
21	43	0.598278
21	44	0.575066
21	45	0.583323
21	46	0.595349
21	47	0.590237
21	48	0.545591
21	49	0.588499
21	50	0.569937
21	51	0.584133
21	52	0.585688
21	53	0.568503
21	54	0.433291
21	55	0.423208
21	56	0.420685
21	57	0
21	58	0
21	59	0
21	60	0
21	61	0
21	62	0.646758
21	63	0.618001
21	64	0.660486
21	65	0.889045
21	66	0.864382
21	67	0.829686
21	68	0.859769
21	69	0.86908
21	70	0.836424
21	71	0.846285
21	72	0.89816
21	73	0.854944
21	74	0.831854
21	75	0.942122
21	76	0.844023
21	77	0.860563
21	78	0.950875
21	79	0.874388
21	80	0.941141
21	81	0.910167
21	82	0.929123
21	83	0.877845
21	84	0.895339
21	85	0.919435
21	86	0.789373
21	87	0.801282
21	88	0.827659
21	89	0.862654
21	90	0.821711
21	91	0.851375
21	92	0.8102
21	93	0.828748
21	94	0.805772
21	95	0.826386
21	96	0.823316
21	97	0.801229
21	98	0.721172
21	99	0.80722
21	100	0.800068
21	101	0.791945
21	102	0.795567
21	103	0.727495
21	104	0.69751
21	105	0.775583
21	106	0.681642
21	107	0.618546
21	108	0.642562
21	109	0.652198
21	110	0.758993
21	111	0.761655
21	112	0.761219
21	113	0.673972
21	114	0.629458
21	115	0.727806
21	116	0.706797
21	117	0.748409
21	118	0.716829
21	119	0.739741
21	120	0.750926
21	121	0.744011
21	122	0.746672
21	123	0.727343
21	124	0.736101
21	125	0.732399
21	126	0.627207
21	127	0
21	128	0.723245
21	129	0.645666
21	130	0.620788
21	131	0.619764
21	132	0.616098
21	133	0.691865
21	134	0.693352
21	135	0.613748
21	136	0.610763
21	137	0.671666
21	138	0.623822
21	139	0.668765
21	140	0.623656
21	141	0.646271
21	142	0.636767
21	143	0.557764
21	144	0.584858
21	145	0.579263
21	146	0.567815
21	147	0.609862
21	148	0.599685
21	149	0.605643
21	150	0.565419
21	151	0.58027
21	152	0.575419
21	153	0.571183
21	154	0.58466
21	155	0.555896
21	156	0.601453
21	157	0.563239
21	158	0.569884
21	159	0.565357
21	160	0.593164
21	161	0.556703
21	162	0.561545
21	163	0.603733
21	164	0.571733
21	165	0.597267
21	166	0.551648
21	167	0.551658
21	168	0.573634
21	169	0.564648
21	170	0.581754
21	171	0.543532
21	172	0.545921
21	173	0.547266
21	174	0.574664
21	175	0.558249
21	176	0.559589
21	177	0.587153
21	178	0.421607
21	179	0.429429
21	180	0.424013
21	181	0.425398
21	182	0.412575
21	183	0.415421
21	184	0.416532
21	185	0.417942
21	186	0.413713
21	187	0
21	188	0
21	189	0
21	190	0
21	191	0
21	192	0
21	193	0
21	194	0
21	195	0
21	196	0
21	197	0
21	198	0
21	199	0
21	200	0
21	201	0
21	202	0
21	203	0
21	204	0
21	205	0
21	206	0
21	207	0.492285
21	208	0.483736
21	209	0.684637
21	210	0.497619
21	211	0.627047
21	212	0.577621
21	213	0.521879
21	214	0.478262
21	215	0.499834
21	216	0.494744
21	217	0.476509
21	218	0.228742
21	219	0.504982
21	220	0.243517
21	221	0.457159
21	222	0.46399
21	223	0.246703
21	224	0.268872
21	225	0.266481
21	226	0.261398
21	227	0.282072
21	228	0.246912
21	229	0.275568
21	230	0.268472
21	231	0.247915
21	232	0.248642
21	233	0.29729
21	234	0.272453
21	235	0.844102
21	236	0.318055
21	237	0.315757
21	238	0.341506
21	239	0.342793
21	240	0
21	241	0.787517
21	242	0.783947
21	243	0.705523
21	244	0.642042
21	245	0.722501
21	246	0.739003
21	247	0.753061
21	248	0.754632
21	249	0.640988
21	250	0
21	251	0.683713
21	252	0.747983
21	253	0.752463
21	254	0.661987
21	255	0.75714
21	256	0.734216
22	1	0
22	2	0
22	3	0
22	4	0
22	5	0
22	6	0
22	7	0
22	8	0
22	9	0
22	10	0
22	11	0
22	12	0
22	13	0
22	14	0
22	15	0
22	16	0
22	17	0
22	18	0
22	19	0
22	20	0
22	21	0
22	23	0
22	24	0
22	25	0
22	26	0
22	27	0
22	28	0
22	29	0
22	30	0
22	31	0
22	32	0
22	33	0
22	34	0
22	35	0
22	36	0
22	37	0
22	38	0
22	39	0
22	40	0
22	41	0
22	42	0
22	43	0
22	44	0
22	45	0
22	46	0
22	47	0
22	48	0
22	49	0
22	50	0
22	51	0
22	52	0
22	53	0
22	54	0
22	55	0
22	56	0
22	57	0
22	58	0
22	59	0
22	60	0
22	61	0
22	62	0
22	63	0
22	64	0
22	65	0
22	66	0
22	67	0
22	68	0
22	69	0
22	70	0
22	71	0
22	72	0
22	73	0
22	74	0
22	75	0
22	76	0
22	77	0
22	78	0
22	79	0
22	80	0
22	81	0
22	82	0
22	83	0
22	84	0
22	85	0
22	86	0
22	87	0
22	88	0
22	89	0
22	90	0
22	91	0
22	92	0
22	93	0
22	94	0
22	95	0
22	96	0
22	97	0
22	98	0
22	99	0
22	100	0
22	101	0
22	102	0
22	103	0
22	104	0
22	105	0
22	106	0
22	107	0
22	108	0
22	109	0
22	110	0
22	111	0
22	112	0
22	113	0
22	114	0
22	115	0
22	116	0
22	117	0
22	118	0
22	119	0
22	120	0
22	121	0
22	122	0
22	123	0
22	124	0
22	125	0
22	126	0
22	127	0
22	128	0
22	129	0
22	130	0
22	131	0
22	132	0
22	133	0
22	134	0
22	135	0
22	136	0
22	137	0
22	138	0
22	139	0
22	140	0
22	141	0
22	142	0
22	143	0
22	144	0
22	145	0
22	146	0
22	147	0
22	148	0
22	149	0
22	150	0
22	151	0
22	152	0
22	153	0
22	154	0
22	155	0
22	156	0
22	157	0
22	158	0
22	159	0
22	160	0
22	161	0
22	162	0
22	163	0
22	164	0
22	165	0
22	166	0
22	167	0
22	168	0
22	169	0
22	170	0
22	171	0
22	172	0
22	173	0
22	174	0
22	175	0
22	176	0
22	177	0
22	178	0
22	179	0
22	180	0
22	181	0
22	182	0
22	183	0
22	184	0
22	185	0
22	186	0
22	187	0
22	188	0
22	189	0
22	190	0
22	191	0
22	192	0
22	193	0
22	194	0
22	195	0
22	196	0
22	197	0
22	198	0
22	199	0
22	200	0
22	201	0
22	202	0
22	203	0
22	204	0
22	205	0
22	206	0
22	207	0
22	208	0
22	209	0
22	210	0
22	211	0
22	212	0
22	213	0
22	214	0
22	215	0
22	216	0
22	217	0
22	218	0
22	219	0
22	220	0
22	221	0
22	222	0
22	223	0
22	224	0
22	225	0
22	226	0
22	227	0
22	228	0
22	229	0
22	230	0
22	231	0
22	232	0
22	233	0
22	234	0
22	235	0
22	236	0
22	237	0
22	238	0
22	239	0
22	240	0
22	241	0
22	242	0
22	243	0
22	244	0
22	245	0
22	246	0
22	247	0
22	248	0
22	249	0
22	250	0
22	251	0
22	252	0
22	253	0
22	254	0
22	255	0
22	256	0
23	1	0
23	2	0
23	3	0
23	4	0
23	5	0
23	6	0
23	7	0
23	8	0
23	9	0
23	10	0
23	11	0
23	12	0
23	13	0
23	14	0
23	15	0
23	16	0
23	17	0
23	18	0
23	19	0
23	20	0
23	21	0
23	22	0
23	24	0
23	25	0
23	26	0
23	27	0
23	28	0
23	29	0
23	30	0
23	31	0
23	32	0
23	33	0
23	34	0
23	35	0
23	36	0
23	37	0
23	38	0
23	39	0
23	40	0
23	41	0
23	42	0
23	43	0
23	44	0
23	45	0
23	46	0
23	47	0
23	48	0
23	49	0
23	50	0
23	51	0
23	52	0
23	53	0
23	54	0
23	55	0
23	56	0
23	57	0
23	58	0
23	59	0
23	60	0
23	61	0
23	62	0
23	63	0
23	64	0
23	65	0
23	66	0
23	67	0
23	68	0
23	69	0
23	70	0
23	71	0
23	72	0
23	73	0
23	74	0
23	75	0
23	76	0
23	77	0
23	78	0
23	79	0
23	80	0
23	81	0
23	82	0
23	83	0
23	84	0
23	85	0
23	86	0
23	87	0
23	88	0
23	89	0
23	90	0
23	91	0
23	92	0
23	93	0
23	94	0
23	95	0
23	96	0
23	97	0
23	98	0
23	99	0
23	100	0
23	101	0
23	102	0
23	103	0
23	104	0
23	105	0
23	106	0
23	107	0
23	108	0
23	109	0
23	110	0
23	111	0
23	112	0
23	113	0
23	114	0
23	115	0
23	116	0
23	117	0
23	118	0
23	119	0
23	120	0
23	121	0
23	122	0
23	123	0
23	124	0
23	125	0
23	126	0
23	127	0
23	128	0
23	129	0
23	130	0
23	131	0
23	132	0
23	133	0
23	134	0
23	135	0
23	136	0
23	137	0
23	138	0
23	139	0
23	140	0
23	141	0
23	142	0
23	143	0
23	144	0
23	145	0
23	146	0
23	147	0
23	148	0
23	149	0
23	150	0
23	151	0
23	152	0
23	153	0
23	154	0
23	155	0
23	156	0
23	157	0
23	158	0
23	159	0
23	160	0
23	161	0
23	162	0
23	163	0
23	164	0
23	165	0
23	166	0
23	167	0
23	168	0
23	169	0
23	170	0
23	171	0
23	172	0
23	173	0
23	174	0
23	175	0
23	176	0
23	177	0
23	178	0
23	179	0
23	180	0
23	181	0
23	182	0
23	183	0
23	184	0
23	185	0
23	186	0
23	187	0
23	188	0
23	189	0
23	190	0
23	191	0
23	192	0
23	193	0
23	194	0
23	195	0
23	196	0
23	197	0
23	198	0
23	199	0
23	200	0
23	201	0
23	202	0
23	203	0
23	204	0
23	205	0
23	206	0
23	207	0
23	208	0
23	209	0
23	210	0
23	211	0
23	212	0
23	213	0
23	214	0
23	215	0
23	216	0
23	217	0
23	218	0
23	219	0
23	220	0
23	221	0
23	222	0
23	223	0
23	224	0
23	225	0
23	226	0
23	227	0
23	228	0
23	229	0
23	230	0
23	231	0
23	232	0
23	233	0
23	234	0
23	235	0
23	236	0
23	237	0
23	238	0
23	239	0
23	240	0
23	241	0
23	242	0
23	243	0
23	244	0
23	245	0
23	246	0
23	247	0
23	248	0
23	249	0
23	250	0
23	251	0
23	252	0
23	253	0
23	254	0
23	255	0
23	256	0
24	1	0
24	2	0
24	3	0
24	4	0
24	5	0
24	6	0
24	7	0
24	8	0
24	9	0
24	10	0
24	11	0
24	12	0
24	13	0
24	14	0
24	15	0
24	16	0
24	17	0
24	18	0
24	19	0
24	20	0
24	21	0
24	22	0
24	23	0
24	25	0
24	26	0
24	27	0
24	28	0
24	29	0
24	30	0
24	31	0
24	32	0
24	33	0
24	34	0
24	35	0
24	36	0
24	37	0
24	38	0
24	39	0
24	40	0
24	41	0
24	42	0
24	43	0
24	44	0
24	45	0
24	46	0
24	47	0
24	48	0
24	49	0
24	50	0
24	51	0
24	52	0
24	53	0
24	54	0
24	55	0
24	56	0
24	57	0
24	58	0
24	59	0
24	60	0
24	61	0
24	62	0
24	63	0
24	64	0
24	65	0
24	66	0
24	67	0
24	68	0
24	69	0
24	70	0
24	71	0
24	72	0
24	73	0
24	74	0
24	75	0
24	76	0
24	77	0
24	78	0
24	79	0
24	80	0
24	81	0
24	82	0
24	83	0
24	84	0
24	85	0
24	86	0
24	87	0
24	88	0
24	89	0
24	90	0
24	91	0
24	92	0
24	93	0
24	94	0
24	95	0
24	96	0
24	97	0
24	98	0
24	99	0
24	100	0
24	101	0
24	102	0
24	103	0
24	104	0
24	105	0
24	106	0
24	107	0
24	108	0
24	109	0
24	110	0
24	111	0
24	112	0
24	113	0
24	114	0
24	115	0
24	116	0
24	117	0
24	118	0
24	119	0
24	120	0
24	121	0
24	122	0
24	123	0
24	124	0
24	125	0
24	126	0
24	127	0
24	128	0
24	129	0
24	130	0
24	131	0
24	132	0
24	133	0
24	134	0
24	135	0
24	136	0
24	137	0
24	138	0
24	139	0
24	140	0
24	141	0
24	142	0
24	143	0
24	144	0
24	145	0
24	146	0
24	147	0
24	148	0
24	149	0
24	150	0
24	151	0
24	152	0
24	153	0
24	154	0
24	155	0
24	156	0
24	157	0
24	158	0
24	159	0
24	160	0
24	161	0
24	162	0
24	163	0
24	164	0
24	165	0
24	166	0
24	167	0
24	168	0
24	169	0
24	170	0
24	171	0
24	172	0
24	173	0
24	174	0
24	175	0
24	176	0
24	177	0
24	178	0
24	179	0
24	180	0
24	181	0
24	182	0
24	183	0
24	184	0
24	185	0
24	186	0
24	187	0
24	188	0
24	189	0
24	190	0
24	191	0
24	192	0
24	193	0
24	194	0
24	195	0
24	196	0
24	197	0
24	198	0
24	199	0
24	200	0
24	201	0
24	202	0
24	203	0
24	204	0
24	205	0
24	206	0
24	207	0
24	208	0
24	209	0
24	210	0
24	211	0
24	212	0
24	213	0
24	214	0
24	215	0
24	216	0
24	217	0
24	218	0
24	219	0
24	220	0
24	221	0
24	222	0
24	223	0
24	224	0
24	225	0
24	226	0
24	227	0
24	228	0
24	229	0
24	230	0
24	231	0
24	232	0
24	233	0
24	234	0
24	235	0
24	236	0
24	237	0
24	238	0
24	239	0
24	240	0
24	241	0
24	242	0
24	243	0
24	244	0
24	245	0
24	246	0
24	247	0
24	248	0
24	249	0
24	250	0
24	251	0
24	252	0
24	253	0
24	254	0
24	255	0
24	256	0
25	1	0.574193
25	2	0.527578
25	3	0.567639
25	4	0.55468
25	5	0.575528
25	6	0.574236
25	7	0.556761
25	8	0.564878
25	9	0.538208
25	10	0.545846
25	11	0.484811
25	12	0.493586
25	13	0.524403
25	14	0.4786
25	15	0.522215
25	16	0.529509
25	17	0.532956
25	18	0.520305
25	19	0.511838
25	20	0.499514
25	21	0
25	22	0.521003
25	23	0.396613
25	24	0.490257
25	26	0.475465
25	27	0.45219
25	28	0.47057
25	29	0.435884
25	30	0.463752
25	31	0.46393
25	32	0.473104
25	33	0
25	34	0.433212
25	35	0.477189
25	36	0.428508
25	37	0.465853
25	38	0.0700275
25	39	0.472646
25	40	0.472494
25	41	0.466636
25	42	0.44642
25	43	0.466947
25	44	0.44883
25	45	0.455275
25	46	0.464661
25	47	0.460671
25	48	0.425826
25	49	0.459315
25	50	0.444828
25	51	0.455907
25	52	0.457121
25	53	0.443708
25	54	0.338177
25	55	0.330307
25	56	0.328338
25	57	0
25	58	0
25	59	0
25	60	0
25	61	0
25	62	0.504785
25	63	0.482341
25	64	0.5155
25	65	0.693887
25	66	0.674638
25	67	0.647558
25	68	0.671037
25	69	0.678304
25	70	0.652817
25	71	0.660513
25	72	0.701
25	73	0.667271
25	74	0.64925
25	75	0.735312
25	76	0.658748
25	77	0.671657
25	78	0.742144
25	79	0.682447
25	80	0.734547
25	81	0.710372
25	82	0.725167
25	83	0.685145
25	84	0.698799
25	85	0.717606
25	86	0.616094
25	87	0.625389
25	88	0.645976
25	89	0.673289
25	90	0.641334
25	91	0.664486
25	92	0.632349
25	93	0.646826
25	94	0.628893
25	95	0.644982
25	96	0.642586
25	97	0.625348
25	98	0.562864
25	99	0.630024
25	100	0.624441
25	101	0.618102
25	102	0.620929
25	103	0.567799
25	104	0.544396
25	105	0.605331
25	106	0.532012
25	107	0.482766
25	108	0.50151
25	109	0.509031
25	110	0.592383
25	111	0.594461
25	112	0.59412
25	113	0.526026
25	114	0.491283
25	115	0.568042
25	116	0.551644
25	117	0.584122
25	118	0.559475
25	119	0.577357
25	120	0.586087
25	121	0.58069
25	122	0.582767
25	123	0.567681
25	124	0.574516
25	125	0.571626
25	126	0.489526
25	127	0
25	128	0.564482
25	129	0.503933
25	130	0.484516
25	131	0.483716
25	132	0.480856
25	133	0.53999
25	134	0.541151
25	135	0.479021
25	136	0.476692
25	137	0.524225
25	138	0.486884
25	139	0.521961
25	140	0.486755
25	141	0.504405
25	142	0.496987
25	143	0.435326
25	144	0.456473
25	145	0.452106
25	146	0.443171
25	147	0.475989
25	148	0.468046
25	149	0.472695
25	150	0.441301
25	151	0.452892
25	152	0.449106
25	153	0.4458
25	154	0.456318
25	155	0.433868
25	156	0.469426
25	157	0.4396
25	158	0.444786
25	159	0.441253
25	160	0.462956
25	161	0.434498
25	162	0.438278
25	163	0.471205
25	164	0.446229
25	165	0.466158
25	166	0.430553
25	167	0.430561
25	168	0.447713
25	169	0.4407
25	170	0.45405
25	171	0.424219
25	172	0.426083
25	173	0.427133
25	174	0.448517
25	175	0.435705
25	176	0.436751
25	177	0.458264
25	178	0.329058
25	179	0.335163
25	180	0.330936
25	181	0.332017
25	182	0.322009
25	183	0.32423
25	184	0.325097
25	185	0.326197
25	186	0.322897
25	187	0
25	188	0
25	189	0
25	190	0
25	191	0
25	192	0
25	193	0
25	194	0
25	195	0
25	196	0
25	197	0
25	198	0
25	199	0
25	200	0
25	201	0
25	202	0
25	203	0
25	204	0
25	205	0
25	206	0
25	207	0.384221
25	208	0.377548
25	209	0.534349
25	210	0.388385
25	211	0.489401
25	212	0.450825
25	213	0.407319
25	214	0.373276
25	215	0.390113
25	216	0.386141
25	217	0.371909
25	218	0.17853
25	219	0.394131
25	220	0.190061
25	221	0.356806
25	222	0.362137
25	223	0.192548
25	224	0.20985
25	225	0.207984
25	226	0.204017
25	227	0.220153
25	228	0.192711
25	229	0.215077
25	230	0.209538
25	231	0.193494
25	232	0.194062
25	233	0.23203
25	234	0.212646
25	235	0.658809
25	236	0.248237
25	237	0.246444
25	238	0.26654
25	239	0.267545
25	240	0
25	241	0.614646
25	242	0.611859
25	243	0.550651
25	244	0.501105
25	245	0.563901
25	246	0.576781
25	247	0.587753
25	248	0.588979
25	249	0.500282
25	250	0
25	251	0.533628
25	252	0.58379
25	253	0.587286
25	254	0.516671
25	255	0.590936
25	256	0.573045
26	1	0
26	2	0
26	3	0
26	4	0
26	5	0
26	6	0
26	7	0
26	8	0
26	9	0
26	10	0
26	11	0
26	12	0
26	13	0
26	14	0
26	15	0
26	16	0
26	17	0
26	18	0
26	19	0
26	20	0
26	21	0
26	22	0
26	23	0
26	24	0
26	25	0
26	27	0
26	28	0
26	29	0
26	30	0
26	31	0
26	32	0
26	33	0
26	34	0
26	35	0
26	36	0
26	37	0
26	38	0
26	39	0
26	40	0
26	41	0
26	42	0
26	43	0
26	44	0
26	45	0
26	46	0
26	47	0
26	48	0
26	49	0
26	50	0
26	51	0
26	52	0
26	53	0
26	54	0
26	55	0
26	56	0
26	57	0
26	58	0
26	59	0
26	60	0
26	61	0
26	62	0
26	63	0
26	64	0
26	65	0
26	66	0
26	67	0
26	68	0
26	69	0
26	70	0
26	71	0
26	72	0
26	73	0
26	74	0
26	75	0
26	76	0
26	77	0
26	78	0
26	79	0
26	80	0
26	81	0
26	82	0
26	83	0
26	84	0
26	85	0
26	86	0
26	87	0
26	88	0
26	89	0
26	90	0
26	91	0
26	92	0
26	93	0
26	94	0
26	95	0
26	96	0
26	97	0
26	98	0
26	99	0
26	100	0
26	101	0
26	102	0
26	103	0
26	104	0
26	105	0
26	106	0
26	107	0
26	108	0
26	109	0
26	110	0
26	111	0
26	112	0
26	113	0
26	114	0
26	115	0
26	116	0
26	117	0
26	118	0
26	119	0
26	120	0
26	121	0
26	122	0
26	123	0
26	124	0
26	125	0
26	126	0
26	127	0
26	128	0
26	129	0
26	130	0
26	131	0
26	132	0
26	133	0
26	134	0
26	135	0
26	136	0
26	137	0
26	138	0
26	139	0
26	140	0
26	141	0
26	142	0
26	143	0
26	144	0
26	145	0
26	146	0
26	147	0
26	148	0
26	149	0
26	150	0
26	151	0
26	152	0
26	153	0
26	154	0
26	155	0
26	156	0
26	157	0
26	158	0
26	159	0
26	160	0
26	161	0
26	162	0
26	163	0
26	164	0
26	165	0
26	166	0
26	167	0
26	168	0
26	169	0
26	170	0
26	171	0
26	172	0
26	173	0
26	174	0
26	175	0
26	176	0
26	177	0
26	178	0
26	179	0
26	180	0
26	181	0
26	182	0
26	183	0
26	184	0
26	185	0
26	186	0
26	187	0
26	188	0
26	189	0
26	190	0
26	191	0
26	192	0
26	193	0
26	194	0
26	195	0
26	196	0
26	197	0
26	198	0
26	199	0
26	200	0
26	201	0
26	202	0
26	203	0
26	204	0
26	205	0
26	206	0
26	207	0
26	208	0
26	209	0
26	210	0
26	211	0
26	212	0
26	213	0
26	214	0
26	215	0
26	216	0
26	217	0
26	218	0
26	219	0
26	220	0
26	221	0
26	222	0
26	223	0
26	224	0
26	225	0
26	226	0
26	227	0
26	228	0
26	229	0
26	230	0
26	231	0
26	232	0
26	233	0
26	234	0
26	235	0
26	236	0
26	237	0
26	238	0
26	239	0
26	240	0
26	241	0
26	242	0
26	243	0
26	244	0
26	245	0
26	246	0
26	247	0
26	248	0
26	249	0
26	250	0
26	251	0
26	252	0
26	253	0
26	254	0
26	255	0
26	256	0
27	1	0
27	2	0
27	3	0
27	4	0
27	5	0
27	6	0
27	7	0
27	8	0
27	9	0
27	10	0
27	11	0
27	12	0
27	13	0
27	14	0
27	15	0
27	16	0
27	17	0
27	18	0
27	19	0
27	20	0
27	21	0
27	22	0
27	23	0
27	24	0
27	25	0
27	26	0
27	28	0
27	29	0
27	30	0
27	31	0
27	32	0
27	33	0
27	34	0
27	35	0
27	36	0
27	37	0
27	38	0
27	39	0
27	40	0
27	41	0
27	42	0
27	43	0
27	44	0
27	45	0
27	46	0
27	47	0
27	48	0
27	49	0
27	50	0
27	51	0
27	52	0
27	53	0
27	54	0
27	55	0
27	56	0
27	57	0
27	58	0
27	59	0
27	60	0
27	61	0
27	62	0
27	63	0
27	64	0
27	65	0
27	66	0
27	67	0
27	68	0
27	69	0
27	70	0
27	71	0
27	72	0
27	73	0
27	74	0
27	75	0
27	76	0
27	77	0
27	78	0
27	79	0
27	80	0
27	81	0
27	82	0
27	83	0
27	84	0
27	85	0
27	86	0
27	87	0
27	88	0
27	89	0
27	90	0
27	91	0
27	92	0
27	93	0
27	94	0
27	95	0
27	96	0
27	97	0
27	98	0
27	99	0
27	100	0
27	101	0
27	102	0
27	103	0
27	104	0
27	105	0
27	106	0
27	107	0
27	108	0
27	109	0
27	110	0
27	111	0
27	112	0
27	113	0
27	114	0
27	115	0
27	116	0
27	117	0
27	118	0
27	119	0
27	120	0
27	121	0
27	122	0
27	123	0
27	124	0
27	125	0
27	126	0
27	127	0
27	128	0
27	129	0
27	130	0
27	131	0
27	132	0
27	133	0
27	134	0
27	135	0
27	136	0
27	137	0
27	138	0
27	139	0
27	140	0
27	141	0
27	142	0
27	143	0
27	144	0
27	145	0
27	146	0
27	147	0
27	148	0
27	149	0
27	150	0
27	151	0
27	152	0
27	153	0
27	154	0
27	155	0
27	156	0
27	157	0
27	158	0
27	159	0
27	160	0
27	161	0
27	162	0
27	163	0
27	164	0
27	165	0
27	166	0
27	167	0
27	168	0
27	169	0
27	170	0
27	171	0
27	172	0
27	173	0
27	174	0
27	175	0
27	176	0
27	177	0
27	178	0
27	179	0
27	180	0
27	181	0
27	182	0
27	183	0
27	184	0
27	185	0
27	186	0
27	187	0
27	188	0
27	189	0
27	190	0
27	191	0
27	192	0
27	193	0
27	194	0
27	195	0
27	196	0
27	197	0
27	198	0
27	199	0
27	200	0
27	201	0
27	202	0
27	203	0
27	204	0
27	205	0
27	206	0
27	207	0
27	208	0
27	209	0
27	210	0
27	211	0
27	212	0
27	213	0
27	214	0
27	215	0
27	216	0
27	217	0
27	218	0
27	219	0
27	220	0
27	221	0
27	222	0
27	223	0
27	224	0
27	225	0
27	226	0
27	227	0
27	228	0
27	229	0
27	230	0
27	231	0
27	232	0
27	233	0
27	234	0
27	235	0
27	236	0
27	237	0
27	238	0
27	239	0
27	240	0
27	241	0
27	242	0
27	243	0
27	244	0
27	245	0
27	246	0
27	247	0
27	248	0
27	249	0
27	250	0
27	251	0
27	252	0
27	253	0
27	254	0
27	255	0
27	256	0
28	1	0
28	2	0
28	3	0
28	4	0
28	5	0
28	6	0
28	7	0
28	8	0
28	9	0
28	10	0
28	11	0
28	12	0
28	13	0
28	14	0
28	15	0
28	16	0
28	17	0
28	18	0
28	19	0
28	20	0
28	21	0
28	22	0
28	23	0
28	24	0
28	25	0
28	26	0
28	27	0
28	29	0
28	30	0
28	31	0
28	32	0
28	33	0
28	34	0
28	35	0
28	36	0
28	37	0
28	38	0
28	39	0
28	40	0
28	41	0
28	42	0
28	43	0
28	44	0
28	45	0
28	46	0
28	47	0
28	48	0
28	49	0
28	50	0
28	51	0
28	52	0
28	53	0
28	54	0
28	55	0
28	56	0
28	57	0
28	58	0
28	59	0
28	60	0
28	61	0
28	62	0
28	63	0
28	64	0
28	65	0
28	66	0
28	67	0
28	68	0
28	69	0
28	70	0
28	71	0
28	72	0
28	73	0
28	74	0
28	75	0
28	76	0
28	77	0
28	78	0
28	79	0
28	80	0
28	81	0
28	82	0
28	83	0
28	84	0
28	85	0
28	86	0
28	87	0
28	88	0
28	89	0
28	90	0
28	91	0
28	92	0
28	93	0
28	94	0
28	95	0
28	96	0
28	97	0
28	98	0
28	99	0
28	100	0
28	101	0
28	102	0
28	103	0
28	104	0
28	105	0
28	106	0
28	107	0
28	108	0
28	109	0
28	110	0
28	111	0
28	112	0
28	113	0
28	114	0
28	115	0
28	116	0
28	117	0
28	118	0
28	119	0
28	120	0
28	121	0
28	122	0
28	123	0
28	124	0
28	125	0
28	126	0
28	127	0
28	128	0
28	129	0
28	130	0
28	131	0
28	132	0
28	133	0
28	134	0
28	135	0
28	136	0
28	137	0
28	138	0
28	139	0
28	140	0
28	141	0
28	142	0
28	143	0
28	144	0
28	145	0
28	146	0
28	147	0
28	148	0
28	149	0
28	150	0
28	151	0
28	152	0
28	153	0
28	154	0
28	155	0
28	156	0
28	157	0
28	158	0
28	159	0
28	160	0
28	161	0
28	162	0
28	163	0
28	164	0
28	165	0
28	166	0
28	167	0
28	168	0
28	169	0
28	170	0
28	171	0
28	172	0
28	173	0
28	174	0
28	175	0
28	176	0
28	177	0
28	178	0
28	179	0
28	180	0
28	181	0
28	182	0
28	183	0
28	184	0
28	185	0
28	186	0
28	187	0
28	188	0
28	189	0
28	190	0
28	191	0
28	192	0
28	193	0
28	194	0
28	195	0
28	196	0
28	197	0
28	198	0
28	199	0
28	200	0
28	201	0
28	202	0
28	203	0
28	204	0
28	205	0
28	206	0
28	207	0
28	208	0
28	209	0
28	210	0
28	211	0
28	212	0
28	213	0
28	214	0
28	215	0
28	216	0
28	217	0
28	218	0
28	219	0
28	220	0
28	221	0
28	222	0
28	223	0
28	224	0
28	225	0
28	226	0
28	227	0
28	228	0
28	229	0
28	230	0
28	231	0
28	232	0
28	233	0
28	234	0
28	235	0
28	236	0
28	237	0
28	238	0
28	239	0
28	240	0
28	241	0
28	242	0
28	243	0
28	244	0
28	245	0
28	246	0
28	247	0
28	248	0
28	249	0
28	250	0
28	251	0
28	252	0
28	253	0
28	254	0
28	255	0
28	256	0
29	1	0
29	2	0
29	3	0
29	4	0
29	5	0
29	6	0
29	7	0
29	8	0
29	9	0
29	10	0
29	11	0
29	12	0
29	13	0
29	14	0
29	15	0
29	16	0
29	17	0
29	18	0
29	19	0
29	20	0
29	21	0
29	22	0
29	23	0
29	24	0
29	25	0
29	26	0
29	27	0
29	28	0
29	30	0
29	31	0
29	32	0
29	33	0
29	34	0
29	35	0
29	36	0
29	37	0
29	38	0
29	39	0
29	40	0
29	41	0
29	42	0
29	43	0
29	44	0
29	45	0
29	46	0
29	47	0
29	48	0
29	49	0
29	50	0
29	51	0
29	52	0
29	53	0
29	54	0
29	55	0
29	56	0
29	57	0
29	58	0
29	59	0
29	60	0
29	61	0
29	62	0
29	63	0
29	64	0
29	65	0
29	66	0
29	67	0
29	68	0
29	69	0
29	70	0
29	71	0
29	72	0
29	73	0
29	74	0
29	75	0
29	76	0
29	77	0
29	78	0
29	79	0
29	80	0
29	81	0
29	82	0
29	83	0
29	84	0
29	85	0
29	86	0
29	87	0
29	88	0
29	89	0
29	90	0
29	91	0
29	92	0
29	93	0
29	94	0
29	95	0
29	96	0
29	97	0
29	98	0
29	99	0
29	100	0
29	101	0
29	102	0
29	103	0
29	104	0
29	105	0
29	106	0
29	107	0
29	108	0
29	109	0
29	110	0
29	111	0
29	112	0
29	113	0
29	114	0
29	115	0
29	116	0
29	117	0
29	118	0
29	119	0
29	120	0
29	121	0
29	122	0
29	123	0
29	124	0
29	125	0
29	126	0
29	127	0
29	128	0
29	129	0
29	130	0
29	131	0
29	132	0
29	133	0
29	134	0
29	135	0
29	136	0
29	137	0
29	138	0
29	139	0
29	140	0
29	141	0
29	142	0
29	143	0
29	144	0
29	145	0
29	146	0
29	147	0
29	148	0
29	149	0
29	150	0
29	151	0
29	152	0
29	153	0
29	154	0
29	155	0
29	156	0
29	157	0
29	158	0
29	159	0
29	160	0
29	161	0
29	162	0
29	163	0
29	164	0
29	165	0
29	166	0
29	167	0
29	168	0
29	169	0
29	170	0
29	171	0
29	172	0
29	173	0
29	174	0
29	175	0
29	176	0
29	177	0
29	178	0
29	179	0
29	180	0
29	181	0
29	182	0
29	183	0
29	184	0
29	185	0
29	186	0
29	187	0
29	188	0
29	189	0
29	190	0
29	191	0
29	192	0
29	193	0
29	194	0
29	195	0
29	196	0
29	197	0
29	198	0
29	199	0
29	200	0
29	201	0
29	202	0
29	203	0
29	204	0
29	205	0
29	206	0
29	207	0
29	208	0
29	209	0
29	210	0
29	211	0
29	212	0
29	213	0
29	214	0
29	215	0
29	216	0
29	217	0
29	218	0
29	219	0
29	220	0
29	221	0
29	222	0
29	223	0
29	224	0
29	225	0
29	226	0
29	227	0
29	228	0
29	229	0
29	230	0
29	231	0
29	232	0
29	233	0
29	234	0
29	235	0
29	236	0
29	237	0
29	238	0
29	239	0
29	240	0
29	241	0
29	242	0
29	243	0
29	244	0
29	245	0
29	246	0
29	247	0
29	248	0
29	249	0
29	250	0
29	251	0
29	252	0
29	253	0
29	254	0
29	255	0
29	256	0
30	1	0
30	2	0
30	3	0
30	4	0
30	5	0
30	6	0
30	7	0
30	8	0
30	9	0
30	10	0
30	11	0
30	12	0
30	13	0
30	14	0
30	15	0
30	16	0
30	17	0
30	18	0
30	19	0
30	20	0
30	21	0
30	22	0
30	23	0
30	24	0
30	25	0
30	26	0
30	27	0
30	28	0
30	29	0
30	31	0
30	32	0
30	33	0
30	34	0
30	35	0
30	36	0
30	37	0
30	38	0
30	39	0
30	40	0
30	41	0
30	42	0
30	43	0
30	44	0
30	45	0
30	46	0
30	47	0
30	48	0
30	49	0
30	50	0
30	51	0
30	52	0
30	53	0
30	54	0
30	55	0
30	56	0
30	57	0
30	58	0
30	59	0
30	60	0
30	61	0
30	62	0
30	63	0
30	64	0
30	65	0
30	66	0
30	67	0
30	68	0
30	69	0
30	70	0
30	71	0
30	72	0
30	73	0
30	74	0
30	75	0
30	76	0
30	77	0
30	78	0
30	79	0
30	80	0
30	81	0
30	82	0
30	83	0
30	84	0
30	85	0
30	86	0
30	87	0
30	88	0
30	89	0
30	90	0
30	91	0
30	92	0
30	93	0
30	94	0
30	95	0
30	96	0
30	97	0
30	98	0
30	99	0
30	100	0
30	101	0
30	102	0
30	103	0
30	104	0
30	105	0
30	106	0
30	107	0
30	108	0
30	109	0
30	110	0
30	111	0
30	112	0
30	113	0
30	114	0
30	115	0
30	116	0
30	117	0
30	118	0
30	119	0
30	120	0
30	121	0
30	122	0
30	123	0
30	124	0
30	125	0
30	126	0
30	127	0
30	128	0
30	129	0
30	130	0
30	131	0
30	132	0
30	133	0
30	134	0
30	135	0
30	136	0
30	137	0
30	138	0
30	139	0
30	140	0
30	141	0
30	142	0
30	143	0
30	144	0
30	145	0
30	146	0
30	147	0
30	148	0
30	149	0
30	150	0
30	151	0
30	152	0
30	153	0
30	154	0
30	155	0
30	156	0
30	157	0
30	158	0
30	159	0
30	160	0
30	161	0
30	162	0
30	163	0
30	164	0
30	165	0
30	166	0
30	167	0
30	168	0
30	169	0
30	170	0
30	171	0
30	172	0
30	173	0
30	174	0
30	175	0
30	176	0
30	177	0
30	178	0
30	179	0
30	180	0
30	181	0
30	182	0
30	183	0
30	184	0
30	185	0
30	186	0
30	187	0
30	188	0
30	189	0
30	190	0
30	191	0
30	192	0
30	193	0
30	194	0
30	195	0
30	196	0
30	197	0
30	198	0
30	199	0
30	200	0
30	201	0
30	202	0
30	203	0
30	204	0
30	205	0
30	206	0
30	207	0
30	208	0
30	209	0
30	210	0
30	211	0
30	212	0
30	213	0
30	214	0
30	215	0
30	216	0
30	217	0
30	218	0
30	219	0
30	220	0
30	221	0
30	222	0
30	223	0
30	224	0
30	225	0
30	226	0
30	227	0
30	228	0
30	229	0
30	230	0
30	231	0
30	232	0
30	233	0
30	234	0
30	235	0
30	236	0
30	237	0
30	238	0
30	239	0
30	240	0
30	241	0
30	242	0
30	243	0
30	244	0
30	245	0
30	246	0
30	247	0
30	248	0
30	249	0
30	250	0
30	251	0
30	252	0
30	253	0
30	254	0
30	255	0
30	256	0
31	1	0
31	2	0
31	3	0
31	4	0
31	5	0
31	6	0
31	7	0
31	8	0
31	9	0
31	10	0
31	11	0
31	12	0
31	13	0
31	14	0
31	15	0
31	16	0
31	17	0
31	18	0
31	19	0
31	20	0
31	21	0
31	22	0
31	23	0
31	24	0
31	25	0
31	26	0
31	27	0
31	28	0
31	29	0
31	30	0
31	32	0
31	33	0
31	34	0
31	35	0
31	36	0
31	37	0
31	38	0
31	39	0
31	40	0
31	41	0
31	42	0
31	43	0
31	44	0
31	45	0
31	46	0
31	47	0
31	48	0
31	49	0
31	50	0
31	51	0
31	52	0
31	53	0
31	54	0
31	55	0
31	56	0
31	57	0
31	58	0
31	59	0
31	60	0
31	61	0
31	62	0
31	63	0
31	64	0
31	65	0
31	66	0
31	67	0
31	68	0
31	69	0
31	70	0
31	71	0
31	72	0
31	73	0
31	74	0
31	75	0
31	76	0
31	77	0
31	78	0
31	79	0
31	80	0
31	81	0
31	82	0
31	83	0
31	84	0
31	85	0
31	86	0
31	87	0
31	88	0
31	89	0
31	90	0
31	91	0
31	92	0
31	93	0
31	94	0
31	95	0
31	96	0
31	97	0
31	98	0
31	99	0
31	100	0
31	101	0
31	102	0
31	103	0
31	104	0
31	105	0
31	106	0
31	107	0
31	108	0
31	109	0
31	110	0
31	111	0
31	112	0
31	113	0
31	114	0
31	115	0
31	116	0
31	117	0
31	118	0
31	119	0
31	120	0
31	121	0
31	122	0
31	123	0
31	124	0
31	125	0
31	126	0
31	127	0
31	128	0
31	129	0
31	130	0
31	131	0
31	132	0
31	133	0
31	134	0
31	135	0
31	136	0
31	137	0
31	138	0
31	139	0
31	140	0
31	141	0
31	142	0
31	143	0
31	144	0
31	145	0
31	146	0
31	147	0
31	148	0
31	149	0
31	150	0
31	151	0
31	152	0
31	153	0
31	154	0
31	155	0
31	156	0
31	157	0
31	158	0
31	159	0
31	160	0
31	161	0
31	162	0
31	163	0
31	164	0
31	165	0
31	166	0
31	167	0
31	168	0
31	169	0
31	170	0
31	171	0
31	172	0
31	173	0
31	174	0
31	175	0
31	176	0
31	177	0
31	178	0
31	179	0
31	180	0
31	181	0
31	182	0
31	183	0
31	184	0
31	185	0
31	186	0
31	187	0
31	188	0
31	189	0
31	190	0
31	191	0
31	192	0
31	193	0
31	194	0
31	195	0
31	196	0
31	197	0
31	198	0
31	199	0
31	200	0
31	201	0
31	202	0
31	203	0
31	204	0
31	205	0
31	206	0
31	207	0
31	208	0
31	209	0
31	210	0
31	211	0
31	212	0
31	213	0
31	214	0
31	215	0
31	216	0
31	217	0
31	218	0
31	219	0
31	220	0
31	221	0
31	222	0
31	223	0
31	224	0
31	225	0
31	226	0
31	227	0
31	228	0
31	229	0
31	230	0
31	231	0
31	232	0
31	233	0
31	234	0
31	235	0
31	236	0
31	237	0
31	238	0
31	239	0
31	240	0
31	241	0
31	242	0
31	243	0
31	244	0
31	245	0
31	246	0
31	247	0
31	248	0
31	249	0
31	250	0
31	251	0
31	252	0
31	253	0
31	254	0
31	255	0
31	256	0
32	1	0
32	2	0
32	3	0
32	4	0
32	5	0
32	6	0
32	7	0
32	8	0
32	9	0
32	10	0
32	11	0
32	12	0
32	13	0
32	14	0
32	15	0
32	16	0
32	17	0
32	18	0
32	19	0
32	20	0
32	21	0
32	22	0
32	23	0
32	24	0
32	25	0
32	26	0
32	27	0
32	28	0
32	29	0
32	30	0
32	31	0
32	33	0
32	34	0
32	35	0
32	36	0
32	37	0
32	38	0
32	39	0
32	40	0
32	41	0
32	42	0
32	43	0
32	44	0
32	45	0
32	46	0
32	47	0
32	48	0
32	49	0
32	50	0
32	51	0
32	52	0
32	53	0
32	54	0
32	55	0
32	56	0
32	57	0
32	58	0
32	59	0
32	60	0
32	61	0
32	62	0
32	63	0
32	64	0
32	65	0
32	66	0
32	67	0
32	68	0
32	69	0
32	70	0
32	71	0
32	72	0
32	73	0
32	74	0
32	75	0
32	76	0
32	77	0
32	78	0
32	79	0
32	80	0
32	81	0
32	82	0
32	83	0
32	84	0
32	85	0
32	86	0
32	87	0
32	88	0
32	89	0
32	90	0
32	91	0
32	92	0
32	93	0
32	94	0
32	95	0
32	96	0
32	97	0
32	98	0
32	99	0
32	100	0
32	101	0
32	102	0
32	103	0
32	104	0
32	105	0
32	106	0
32	107	0
32	108	0
32	109	0
32	110	0
32	111	0
32	112	0
32	113	0
32	114	0
32	115	0
32	116	0
32	117	0
32	118	0
32	119	0
32	120	0
32	121	0
32	122	0
32	123	0
32	124	0
32	125	0
32	126	0
32	127	0
32	128	0
32	129	0
32	130	0
32	131	0
32	132	0
32	133	0
32	134	0
32	135	0
32	136	0
32	137	0
32	138	0
32	139	0
32	140	0
32	141	0
32	142	0
32	143	0
32	144	0
32	145	0
32	146	0
32	147	0
32	148	0
32	149	0
32	150	0
32	151	0
32	152	0
32	153	0
32	154	0
32	155	0
32	156	0
32	157	0
32	158	0
32	159	0
32	160	0
32	161	0
32	162	0
32	163	0
32	164	0
32	165	0
32	166	0
32	167	0
32	168	0
32	169	0
32	170	0
32	171	0
32	172	0
32	173	0
32	174	0
32	175	0
32	176	0
32	177	0
32	178	0
32	179	0
32	180	0
32	181	0
32	182	0
32	183	0
32	184	0
32	185	0
32	186	0
32	187	0
32	188	0
32	189	0
32	190	0
32	191	0
32	192	0
32	193	0
32	194	0
32	195	0
32	196	0
32	197	0
32	198	0
32	199	0
32	200	0
32	201	0
32	202	0
32	203	0
32	204	0
32	205	0
32	206	0
32	207	0
32	208	0
32	209	0
32	210	0
32	211	0
32	212	0
32	213	0
32	214	0
32	215	0
32	216	0
32	217	0
32	218	0
32	219	0
32	220	0
32	221	0
32	222	0
32	223	0
32	224	0
32	225	0
32	226	0
32	227	0
32	228	0
32	229	0
32	230	0
32	231	0
32	232	0
32	233	0
32	234	0
32	235	0
32	236	0
32	237	0
32	238	0
32	239	0
32	240	0
32	241	0
32	242	0
32	243	0
32	244	0
32	245	0
32	246	0
32	247	0
32	248	0
32	249	0
32	250	0
32	251	0
32	252	0
32	253	0
32	254	0
32	255	0
32	256	0
33	1	0.730161
33	2	0.670885
33	3	0.721828
33	4	0.705349
33	5	0.731859
33	6	0.730217
33	7	0.707995
33	8	0.718317
33	9	0.684402
33	10	0.694115
33	11	0.6165
33	12	0.627659
33	13	0.666848
33	14	0.608603
33	15	0.664065
33	16	0.67334
33	17	0.677724
33	18	0.661636
33	19	0.650869
33	20	0.635198
33	21	0
33	22	0.662524
33	23	0.504346
33	24	0.623427
33	25	0
33	26	0.604616
33	27	0.575019
33	28	0.598392
33	29	0.554284
33	30	0.589722
33	31	0.589947
33	32	0.601614
33	34	0.550886
33	35	0.606809
33	36	0.544904
33	37	0.592394
33	38	0.0890492
33	39	0.601032
33	40	0.600838
33	41	0.593389
33	42	0.567681
33	43	0.593784
33	44	0.570747
33	45	0.578942
33	46	0.590877
33	47	0.585804
33	48	0.541494
33	49	0.58408
33	50	0.565657
33	51	0.579746
33	52	0.581289
33	53	0.564233
33	54	0.430037
33	55	0.420029
33	56	0.417525
33	57	0
33	58	0
33	59	0
33	60	0
33	61	0
33	62	0.6419
33	63	0.61336
33	64	0.655526
33	65	0.882368
33	66	0.85789
33	67	0.823455
33	68	0.853312
33	69	0.862553
33	70	0.830143
33	71	0.839929
33	72	0.891414
33	73	0.848523
33	74	0.825607
33	75	0.935046
33	76	0.837684
33	77	0.8541
33	78	0.943734
33	79	0.867821
33	80	0.934073
33	81	0.903331
33	82	0.922145
33	83	0.871252
33	84	0.888615
33	85	0.91253
33	86	0.783445
33	87	0.795264
33	88	0.821443
33	89	0.856176
33	90	0.81554
33	91	0.844981
33	92	0.804115
33	93	0.822524
33	94	0.799721
33	95	0.820179
33	96	0.817132
33	97	0.795212
33	98	0.715756
33	99	0.801158
33	100	0.794059
33	101	0.785998
33	102	0.789593
33	103	0.722031
33	104	0.692272
33	105	0.769758
33	106	0.676523
33	107	0.613901
33	108	0.637736
33	109	0.647299
33	110	0.753293
33	111	0.755935
33	112	0.755502
33	113	0.668911
33	114	0.624731
33	115	0.722341
33	116	0.701488
33	117	0.742788
33	118	0.711446
33	119	0.734185
33	120	0.745286
33	121	0.738423
33	122	0.741064
33	123	0.721881
33	124	0.730573
33	125	0.726898
33	126	0.622496
33	127	0
33	128	0.717814
33	129	0.640817
33	130	0.616126
33	131	0.615109
33	132	0.611471
33	133	0.686669
33	134	0.688145
33	135	0.609138
33	136	0.606176
33	137	0.666622
33	138	0.619136
33	139	0.663742
33	140	0.618972
33	141	0.641417
33	142	0.631985
33	143	0.553575
33	144	0.580466
33	145	0.574912
33	146	0.563551
33	147	0.605282
33	148	0.595182
33	149	0.601094
33	150	0.561173
33	151	0.575912
33	152	0.571097
33	153	0.566893
33	154	0.580269
33	155	0.551721
33	156	0.596936
33	157	0.559009
33	158	0.565604
33	159	0.561111
33	160	0.588709
33	161	0.552522
33	162	0.557328
33	163	0.599199
33	164	0.567439
33	165	0.592782
33	166	0.547505
33	167	0.547515
33	168	0.569326
33	169	0.560407
33	170	0.577385
33	171	0.53945
33	172	0.541821
33	173	0.543156
33	174	0.570348
33	175	0.554056
33	176	0.555386
33	177	0.582743
33	178	0.41844
33	179	0.426203
33	180	0.420829
33	181	0.422203
33	182	0.409477
33	183	0.412301
33	184	0.413404
33	185	0.414803
33	186	0.410606
33	187	0
33	188	0
33	189	0
33	190	0
33	191	0
33	192	0
33	193	0
33	194	0
33	195	0
33	196	0
33	197	0
33	198	0
33	199	0
33	200	0
33	201	0
33	202	0
33	203	0
33	204	0
33	205	0
33	206	0
33	207	0.488588
33	208	0.480103
33	209	0.679496
33	210	0.493882
33	211	0.622338
33	212	0.573283
33	213	0.51796
33	214	0.47467
33	215	0.49608
33	216	0.491029
33	217	0.472931
33	218	0.227024
33	219	0.501189
33	220	0.241688
33	221	0.453726
33	222	0.460505
33	223	0.24485
33	224	0.266852
33	225	0.264479
33	226	0.259435
33	227	0.279954
33	228	0.245057
33	229	0.273499
33	230	0.266456
33	231	0.246053
33	232	0.246775
33	233	0.295057
33	234	0.270407
33	235	0.837762
33	236	0.315666
33	237	0.313386
33	238	0.338941
33	239	0.340218
33	240	0
33	241	0.781603
33	242	0.778059
33	243	0.700225
33	244	0.63722
33	245	0.717075
33	246	0.733453
33	247	0.747406
33	248	0.748964
33	249	0.636174
33	250	0
33	251	0.678578
33	252	0.742366
33	253	0.746812
33	254	0.657015
33	255	0.751453
33	256	0.728702
34	1	0
34	2	0
34	3	0
34	4	0
34	5	0
34	6	0
34	7	0
34	8	0
34	9	0
34	10	0
34	11	0
34	12	0
34	13	0
34	14	0
34	15	0
34	16	0
34	17	0
34	18	0
34	19	0
34	20	0
34	21	0
34	22	0
34	23	0
34	24	0
34	25	0
34	26	0
34	27	0
34	28	0
34	29	0
34	30	0
34	31	0
34	32	0
34	33	0
34	35	0
34	36	0
34	37	0
34	38	0
34	39	0
34	40	0
34	41	0
34	42	0
34	43	0
34	44	0
34	45	0
34	46	0
34	47	0
34	48	0
34	49	0
34	50	0
34	51	0
34	52	0
34	53	0
34	54	0
34	55	0
34	56	0
34	57	0
34	58	0
34	59	0
34	60	0
34	61	0
34	62	0
34	63	0
34	64	0
34	65	0
34	66	0
34	67	0
34	68	0
34	69	0
34	70	0
34	71	0
34	72	0
34	73	0
34	74	0
34	75	0
34	76	0
34	77	0
34	78	0
34	79	0
34	80	0
34	81	0
34	82	0
34	83	0
34	84	0
34	85	0
34	86	0
34	87	0
34	88	0
34	89	0
34	90	0
34	91	0
34	92	0
34	93	0
34	94	0
34	95	0
34	96	0
34	97	0
34	98	0
34	99	0
34	100	0
34	101	0
34	102	0
34	103	0
34	104	0
34	105	0
34	106	0
34	107	0
34	108	0
34	109	0
34	110	0
34	111	0
34	112	0
34	113	0
34	114	0
34	115	0
34	116	0
34	117	0
34	118	0
34	119	0
34	120	0
34	121	0
34	122	0
34	123	0
34	124	0
34	125	0
34	126	0
34	127	0
34	128	0
34	129	0
34	130	0
34	131	0
34	132	0
34	133	0
34	134	0
34	135	0
34	136	0
34	137	0
34	138	0
34	139	0
34	140	0
34	141	0
34	142	0
34	143	0
34	144	0
34	145	0
34	146	0
34	147	0
34	148	0
34	149	0
34	150	0
34	151	0
34	152	0
34	153	0
34	154	0
34	155	0
34	156	0
34	157	0
34	158	0
34	159	0
34	160	0
34	161	0
34	162	0
34	163	0
34	164	0
34	165	0
34	166	0
34	167	0
34	168	0
34	169	0
34	170	0
34	171	0
34	172	0
34	173	0
34	174	0
34	175	0
34	176	0
34	177	0
34	178	0
34	179	0
34	180	0
34	181	0
34	182	0
34	183	0
34	184	0
34	185	0
34	186	0
34	187	0
34	188	0
34	189	0
34	190	0
34	191	0
34	192	0
34	193	0
34	194	0
34	195	0
34	196	0
34	197	0
34	198	0
34	199	0
34	200	0
34	201	0
34	202	0
34	203	0
34	204	0
34	205	0
34	206	0
34	207	0
34	208	0
34	209	0
34	210	0
34	211	0
34	212	0
34	213	0
34	214	0
34	215	0
34	216	0
34	217	0
34	218	0
34	219	0
34	220	0
34	221	0
34	222	0
34	223	0
34	224	0
34	225	0
34	226	0
34	227	0
34	228	0
34	229	0
34	230	0
34	231	0
34	232	0
34	233	0
34	234	0
34	235	0
34	236	0
34	237	0
34	238	0
34	239	0
34	240	0
34	241	0
34	242	0
34	243	0
34	244	0
34	245	0
34	246	0
34	247	0
34	248	0
34	249	0
34	250	0
34	251	0
34	252	0
34	253	0
34	254	0
34	255	0
34	256	0
35	1	0
35	2	0
35	3	0
35	4	0
35	5	0
35	6	0
35	7	0
35	8	0
35	9	0
35	10	0
35	11	0
35	12	0
35	13	0
35	14	0
35	15	0
35	16	0
35	17	0
35	18	0
35	19	0
35	20	0
35	21	0
35	22	0
35	23	0
35	24	0
35	25	0
35	26	0
35	27	0
35	28	0
35	29	0
35	30	0
35	31	0
35	32	0
35	33	0
35	34	0
35	36	0
35	37	0
35	38	0
35	39	0
35	40	0
35	41	0
35	42	0
35	43	0
35	44	0
35	45	0
35	46	0
35	47	0
35	48	0
35	49	0
35	50	0
35	51	0
35	52	0
35	53	0
35	54	0
35	55	0
35	56	0
35	57	0
35	58	0
35	59	0
35	60	0
35	61	0
35	62	0
35	63	0
35	64	0
35	65	0
35	66	0
35	67	0
35	68	0
35	69	0
35	70	0
35	71	0
35	72	0
35	73	0
35	74	0
35	75	0
35	76	0
35	77	0
35	78	0
35	79	0
35	80	0
35	81	0
35	82	0
35	83	0
35	84	0
35	85	0
35	86	0
35	87	0
35	88	0
35	89	0
35	90	0
35	91	0
35	92	0
35	93	0
35	94	0
35	95	0
35	96	0
35	97	0
35	98	0
35	99	0
35	100	0
35	101	0
35	102	0
35	103	0
35	104	0
35	105	0
35	106	0
35	107	0
35	108	0
35	109	0
35	110	0
35	111	0
35	112	0
35	113	0
35	114	0
35	115	0
35	116	0
35	117	0
35	118	0
35	119	0
35	120	0
35	121	0
35	122	0
35	123	0
35	124	0
35	125	0
35	126	0
35	127	0
35	128	0
35	129	0
35	130	0
35	131	0
35	132	0
35	133	0
35	134	0
35	135	0
35	136	0
35	137	0
35	138	0
35	139	0
35	140	0
35	141	0
35	142	0
35	143	0
35	144	0
35	145	0
35	146	0
35	147	0
35	148	0
35	149	0
35	150	0
35	151	0
35	152	0
35	153	0
35	154	0
35	155	0
35	156	0
35	157	0
35	158	0
35	159	0
35	160	0
35	161	0
35	162	0
35	163	0
35	164	0
35	165	0
35	166	0
35	167	0
35	168	0
35	169	0
35	170	0
35	171	0
35	172	0
35	173	0
35	174	0
35	175	0
35	176	0
35	177	0
35	178	0
35	179	0
35	180	0
35	181	0
35	182	0
35	183	0
35	184	0
35	185	0
35	186	0
35	187	0
35	188	0
35	189	0
35	190	0
35	191	0
35	192	0
35	193	0
35	194	0
35	195	0
35	196	0
35	197	0
35	198	0
35	199	0
35	200	0
35	201	0
35	202	0
35	203	0
35	204	0
35	205	0
35	206	0
35	207	0
35	208	0
35	209	0
35	210	0
35	211	0
35	212	0
35	213	0
35	214	0
35	215	0
35	216	0
35	217	0
35	218	0
35	219	0
35	220	0
35	221	0
35	222	0
35	223	0
35	224	0
35	225	0
35	226	0
35	227	0
35	228	0
35	229	0
35	230	0
35	231	0
35	232	0
35	233	0
35	234	0
35	235	0
35	236	0
35	237	0
35	238	0
35	239	0
35	240	0
35	241	0
35	242	0
35	243	0
35	244	0
35	245	0
35	246	0
35	247	0
35	248	0
35	249	0
35	250	0
35	251	0
35	252	0
35	253	0
35	254	0
35	255	0
35	256	0
36	1	0
36	2	0
36	3	0
36	4	0
36	5	0
36	6	0
36	7	0
36	8	0
36	9	0
36	10	0
36	11	0
36	12	0
36	13	0
36	14	0
36	15	0
36	16	0
36	17	0
36	18	0
36	19	0
36	20	0
36	21	0
36	22	0
36	23	0
36	24	0
36	25	0
36	26	0
36	27	0
36	28	0
36	29	0
36	30	0
36	31	0
36	32	0
36	33	0
36	34	0
36	35	0
36	37	0
36	38	0
36	39	0
36	40	0
36	41	0
36	42	0
36	43	0
36	44	0
36	45	0
36	46	0
36	47	0
36	48	0
36	49	0
36	50	0
36	51	0
36	52	0
36	53	0
36	54	0
36	55	0
36	56	0
36	57	0
36	58	0
36	59	0
36	60	0
36	61	0
36	62	0
36	63	0
36	64	0
36	65	0
36	66	0
36	67	0
36	68	0
36	69	0
36	70	0
36	71	0
36	72	0
36	73	0
36	74	0
36	75	0
36	76	0
36	77	0
36	78	0
36	79	0
36	80	0
36	81	0
36	82	0
36	83	0
36	84	0
36	85	0
36	86	0
36	87	0
36	88	0
36	89	0
36	90	0
36	91	0
36	92	0
36	93	0
36	94	0
36	95	0
36	96	0
36	97	0
36	98	0
36	99	0
36	100	0
36	101	0
36	102	0
36	103	0
36	104	0
36	105	0
36	106	0
36	107	0
36	108	0
36	109	0
36	110	0
36	111	0
36	112	0
36	113	0
36	114	0
36	115	0
36	116	0
36	117	0
36	118	0
36	119	0
36	120	0
36	121	0
36	122	0
36	123	0
36	124	0
36	125	0
36	126	0
36	127	0
36	128	0
36	129	0
36	130	0
36	131	0
36	132	0
36	133	0
36	134	0
36	135	0
36	136	0
36	137	0
36	138	0
36	139	0
36	140	0
36	141	0
36	142	0
36	143	0
36	144	0
36	145	0
36	146	0
36	147	0
36	148	0
36	149	0
36	150	0
36	151	0
36	152	0
36	153	0
36	154	0
36	155	0
36	156	0
36	157	0
36	158	0
36	159	0
36	160	0
36	161	0
36	162	0
36	163	0
36	164	0
36	165	0
36	166	0
36	167	0
36	168	0
36	169	0
36	170	0
36	171	0
36	172	0
36	173	0
36	174	0
36	175	0
36	176	0
36	177	0
36	178	0
36	179	0
36	180	0
36	181	0
36	182	0
36	183	0
36	184	0
36	185	0
36	186	0
36	187	0
36	188	0
36	189	0
36	190	0
36	191	0
36	192	0
36	193	0
36	194	0
36	195	0
36	196	0
36	197	0
36	198	0
36	199	0
36	200	0
36	201	0
36	202	0
36	203	0
36	204	0
36	205	0
36	206	0
36	207	0
36	208	0
36	209	0
36	210	0
36	211	0
36	212	0
36	213	0
36	214	0
36	215	0
36	216	0
36	217	0
36	218	0
36	219	0
36	220	0
36	221	0
36	222	0
36	223	0
36	224	0
36	225	0
36	226	0
36	227	0
36	228	0
36	229	0
36	230	0
36	231	0
36	232	0
36	233	0
36	234	0
36	235	0
36	236	0
36	237	0
36	238	0
36	239	0
36	240	0
36	241	0
36	242	0
36	243	0
36	244	0
36	245	0
36	246	0
36	247	0
36	248	0
36	249	0
36	250	0
36	251	0
36	252	0
36	253	0
36	254	0
36	255	0
36	256	0
37	1	0
37	2	0
37	3	0
37	4	0
37	5	0
37	6	0
37	7	0
37	8	0
37	9	0
37	10	0
37	11	0
37	12	0
37	13	0
37	14	0
37	15	0
37	16	0
37	17	0
37	18	0
37	19	0
37	20	0
37	21	0
37	22	0
37	23	0
37	24	0
37	25	0
37	26	0
37	27	0
37	28	0
37	29	0
37	30	0
37	31	0
37	32	0
37	33	0
37	34	0
37	35	0
37	36	0
37	38	0
37	39	0
37	40	0
37	41	0
37	42	0
37	43	0
37	44	0
37	45	0
37	46	0
37	47	0
37	48	0
37	49	0
37	50	0
37	51	0
37	52	0
37	53	0
37	54	0
37	55	0
37	56	0
37	57	0
37	58	0
37	59	0
37	60	0
37	61	0
37	62	0
37	63	0
37	64	0
37	65	0
37	66	0
37	67	0
37	68	0
37	69	0
37	70	0
37	71	0
37	72	0
37	73	0
37	74	0
37	75	0
37	76	0
37	77	0
37	78	0
37	79	0
37	80	0
37	81	0
37	82	0
37	83	0
37	84	0
37	85	0
37	86	0
37	87	0
37	88	0
37	89	0
37	90	0
37	91	0
37	92	0
37	93	0
37	94	0
37	95	0
37	96	0
37	97	0
37	98	0
37	99	0
37	100	0
37	101	0
37	102	0
37	103	0
37	104	0
37	105	0
37	106	0
37	107	0
37	108	0
37	109	0
37	110	0
37	111	0
37	112	0
37	113	0
37	114	0
37	115	0
37	116	0
37	117	0
37	118	0
37	119	0
37	120	0
37	121	0
37	122	0
37	123	0
37	124	0
37	125	0
37	126	0
37	127	0
37	128	0
37	129	0
37	130	0
37	131	0
37	132	0
37	133	0
37	134	0
37	135	0
37	136	0
37	137	0
37	138	0
37	139	0
37	140	0
37	141	0
37	142	0
37	143	0
37	144	0
37	145	0
37	146	0
37	147	0
37	148	0
37	149	0
37	150	0
37	151	0
37	152	0
37	153	0
37	154	0
37	155	0
37	156	0
37	157	0
37	158	0
37	159	0
37	160	0
37	161	0
37	162	0
37	163	0
37	164	0
37	165	0
37	166	0
37	167	0
37	168	0
37	169	0
37	170	0
37	171	0
37	172	0
37	173	0
37	174	0
37	175	0
37	176	0
37	177	0
37	178	0
37	179	0
37	180	0
37	181	0
37	182	0
37	183	0
37	184	0
37	185	0
37	186	0
37	187	0
37	188	0
37	189	0
37	190	0
37	191	0
37	192	0
37	193	0
37	194	0
37	195	0
37	196	0
37	197	0
37	198	0
37	199	0
37	200	0
37	201	0
37	202	0
37	203	0
37	204	0
37	205	0
37	206	0
37	207	0
37	208	0
37	209	0
37	210	0
37	211	0
37	212	0
37	213	0
37	214	0
37	215	0
37	216	0
37	217	0
37	218	0
37	219	0
37	220	0
37	221	0
37	222	0
37	223	0
37	224	0
37	225	0
37	226	0
37	227	0
37	228	0
37	229	0
37	230	0
37	231	0
37	232	0
37	233	0
37	234	0
37	235	0
37	236	0
37	237	0
37	238	0
37	239	0
37	240	0
37	241	0
37	242	0
37	243	0
37	244	0
37	245	0
37	246	0
37	247	0
37	248	0
37	249	0
37	250	0
37	251	0
37	252	0
37	253	0
37	254	0
37	255	0
37	256	0
38	1	0
38	2	0
38	3	0
38	4	0
38	5	0
38	6	0
38	7	0
38	8	0
38	9	0
38	10	0
38	11	0
38	12	0
38	13	0
38	14	0
38	15	0
38	16	0
38	17	0
38	18	0
38	19	0
38	20	0
38	21	0
38	22	0
38	23	0
38	24	0
38	25	0
38	26	0
38	27	0
38	28	0
38	29	0
38	30	0
38	31	0
38	32	0
38	33	0
38	34	0
38	35	0
38	36	0
38	37	0
38	39	0
38	40	0
38	41	0
38	42	0
38	43	0
38	44	0
38	45	0
38	46	0
38	47	0
38	48	0
38	49	0
38	50	0
38	51	0
38	52	0
38	53	0
38	54	0
38	55	0
38	56	0
38	57	0
38	58	0
38	59	0
38	60	0
38	61	0
38	62	0
38	63	0
38	64	0
38	65	0
38	66	0
38	67	0
38	68	0
38	69	0
38	70	0
38	71	0
38	72	0
38	73	0
38	74	0
38	75	0
38	76	0
38	77	0
38	78	0
38	79	0
38	80	0
38	81	0
38	82	0
38	83	0
38	84	0
38	85	0
38	86	0
38	87	0
38	88	0
38	89	0
38	90	0
38	91	0
38	92	0
38	93	0
38	94	0
38	95	0
38	96	0
38	97	0
38	98	0
38	99	0
38	100	0
38	101	0
38	102	0
38	103	0
38	104	0
38	105	0
38	106	0
38	107	0
38	108	0
38	109	0
38	110	0
38	111	0
38	112	0
38	113	0
38	114	0
38	115	0
38	116	0
38	117	0
38	118	0
38	119	0
38	120	0
38	121	0
38	122	0
38	123	0
38	124	0
38	125	0
38	126	0
38	127	0
38	128	0
38	129	0
38	130	0
38	131	0
38	132	0
38	133	0
38	134	0
38	135	0
38	136	0
38	137	0
38	138	0
38	139	0
38	140	0
38	141	0
38	142	0
38	143	0
38	144	0
38	145	0
38	146	0
38	147	0
38	148	0
38	149	0
38	150	0
38	151	0
38	152	0
38	153	0
38	154	0
38	155	0
38	156	0
38	157	0
38	158	0
38	159	0
38	160	0
38	161	0
38	162	0
38	163	0
38	164	0
38	165	0
38	166	0
38	167	0
38	168	0
38	169	0
38	170	0
38	171	0
38	172	0
38	173	0
38	174	0
38	175	0
38	176	0
38	177	0
38	178	0
38	179	0
38	180	0
38	181	0
38	182	0
38	183	0
38	184	0
38	185	0
38	186	0
38	187	0
38	188	0
38	189	0
38	190	0
38	191	0
38	192	0
38	193	0
38	194	0
38	195	0
38	196	0
38	197	0
38	198	0
38	199	0
38	200	0
38	201	0
38	202	0
38	203	0
38	204	0
38	205	0
38	206	0
38	207	0
38	208	0
38	209	0
38	210	0
38	211	0
38	212	0
38	213	0
38	214	0
38	215	0
38	216	0
38	217	0
38	218	0
38	219	0
38	220	0
38	221	0
38	222	0
38	223	0
38	224	0
38	225	0
38	226	0
38	227	0
38	228	0
38	229	0
38	230	0
38	231	0
38	232	0
38	233	0
38	234	0
38	235	0
38	236	0
38	237	0
38	238	0
38	239	0
38	240	0
38	241	0
38	242	0
38	243	0
38	244	0
38	245	0
38	246	0
38	247	0
38	248	0
38	249	0
38	250	0
38	251	0
38	252	0
38	253	0
38	254	0
38	255	0
38	256	0
39	1	0
39	2	0
39	3	0
39	4	0
39	5	0
39	6	0
39	7	0
39	8	0
39	9	0
39	10	0
39	11	0
39	12	0
39	13	0
39	14	0
39	15	0
39	16	0
39	17	0
39	18	0
39	19	0
39	20	0
39	21	0
39	22	0
39	23	0
39	24	0
39	25	0
39	26	0
39	27	0
39	28	0
39	29	0
39	30	0
39	31	0
39	32	0
39	33	0
39	34	0
39	35	0
39	36	0
39	37	0
39	38	0
39	40	0
39	41	0
39	42	0
39	43	0
39	44	0
39	45	0
39	46	0
39	47	0
39	48	0
39	49	0
39	50	0
39	51	0
39	52	0
39	53	0
39	54	0
39	55	0
39	56	0
39	57	0
39	58	0
39	59	0
39	60	0
39	61	0
39	62	0
39	63	0
39	64	0
39	65	0
39	66	0
39	67	0
39	68	0
39	69	0
39	70	0
39	71	0
39	72	0
39	73	0
39	74	0
39	75	0
39	76	0
39	77	0
39	78	0
39	79	0
39	80	0
39	81	0
39	82	0
39	83	0
39	84	0
39	85	0
39	86	0
39	87	0
39	88	0
39	89	0
39	90	0
39	91	0
39	92	0
39	93	0
39	94	0
39	95	0
39	96	0
39	97	0
39	98	0
39	99	0
39	100	0
39	101	0
39	102	0
39	103	0
39	104	0
39	105	0
39	106	0
39	107	0
39	108	0
39	109	0
39	110	0
39	111	0
39	112	0
39	113	0
39	114	0
39	115	0
39	116	0
39	117	0
39	118	0
39	119	0
39	120	0
39	121	0
39	122	0
39	123	0
39	124	0
39	125	0
39	126	0
39	127	0
39	128	0
39	129	0
39	130	0
39	131	0
39	132	0
39	133	0
39	134	0
39	135	0
39	136	0
39	137	0
39	138	0
39	139	0
39	140	0
39	141	0
39	142	0
39	143	0
39	144	0
39	145	0
39	146	0
39	147	0
39	148	0
39	149	0
39	150	0
39	151	0
39	152	0
39	153	0
39	154	0
39	155	0
39	156	0
39	157	0
39	158	0
39	159	0
39	160	0
39	161	0
39	162	0
39	163	0
39	164	0
39	165	0
39	166	0
39	167	0
39	168	0
39	169	0
39	170	0
39	171	0
39	172	0
39	173	0
39	174	0
39	175	0
39	176	0
39	177	0
39	178	0
39	179	0
39	180	0
39	181	0
39	182	0
39	183	0
39	184	0
39	185	0
39	186	0
39	187	0
39	188	0
39	189	0
39	190	0
39	191	0
39	192	0
39	193	0
39	194	0
39	195	0
39	196	0
39	197	0
39	198	0
39	199	0
39	200	0
39	201	0
39	202	0
39	203	0
39	204	0
39	205	0
39	206	0
39	207	0
39	208	0
39	209	0
39	210	0
39	211	0
39	212	0
39	213	0
39	214	0
39	215	0
39	216	0
39	217	0
39	218	0
39	219	0
39	220	0
39	221	0
39	222	0
39	223	0
39	224	0
39	225	0
39	226	0
39	227	0
39	228	0
39	229	0
39	230	0
39	231	0
39	232	0
39	233	0
39	234	0
39	235	0
39	236	0
39	237	0
39	238	0
39	239	0
39	240	0
39	241	0
39	242	0
39	243	0
39	244	0
39	245	0
39	246	0
39	247	0
39	248	0
39	249	0
39	250	0
39	251	0
39	252	0
39	253	0
39	254	0
39	255	0
39	256	0
40	1	0
40	2	0
40	3	0
40	4	0
40	5	0
40	6	0
40	7	0
40	8	0
40	9	0
40	10	0
40	11	0
40	12	0
40	13	0
40	14	0
40	15	0
40	16	0
40	17	0
40	18	0
40	19	0
40	20	0
40	21	0
40	22	0
40	23	0
40	24	0
40	25	0
40	26	0
40	27	0
40	28	0
40	29	0
40	30	0
40	31	0
40	32	0
40	33	0
40	34	0
40	35	0
40	36	0
40	37	0
40	38	0
40	39	0
40	41	0
40	42	0
40	43	0
40	44	0
40	45	0
40	46	0
40	47	0
40	48	0
40	49	0
40	50	0
40	51	0
40	52	0
40	53	0
40	54	0
40	55	0
40	56	0
40	57	0
40	58	0
40	59	0
40	60	0
40	61	0
40	62	0
40	63	0
40	64	0
40	65	0
40	66	0
40	67	0
40	68	0
40	69	0
40	70	0
40	71	0
40	72	0
40	73	0
40	74	0
40	75	0
40	76	0
40	77	0
40	78	0
40	79	0
40	80	0
40	81	0
40	82	0
40	83	0
40	84	0
40	85	0
40	86	0
40	87	0
40	88	0
40	89	0
40	90	0
40	91	0
40	92	0
40	93	0
40	94	0
40	95	0
40	96	0
40	97	0
40	98	0
40	99	0
40	100	0
40	101	0
40	102	0
40	103	0
40	104	0
40	105	0
40	106	0
40	107	0
40	108	0
40	109	0
40	110	0
40	111	0
40	112	0
40	113	0
40	114	0
40	115	0
40	116	0
40	117	0
40	118	0
40	119	0
40	120	0
40	121	0
40	122	0
40	123	0
40	124	0
40	125	0
40	126	0
40	127	0
40	128	0
40	129	0
40	130	0
40	131	0
40	132	0
40	133	0
40	134	0
40	135	0
40	136	0
40	137	0
40	138	0
40	139	0
40	140	0
40	141	0
40	142	0
40	143	0
40	144	0
40	145	0
40	146	0
40	147	0
40	148	0
40	149	0
40	150	0
40	151	0
40	152	0
40	153	0
40	154	0
40	155	0
40	156	0
40	157	0
40	158	0
40	159	0
40	160	0
40	161	0
40	162	0
40	163	0
40	164	0
40	165	0
40	166	0
40	167	0
40	168	0
40	169	0
40	170	0
40	171	0
40	172	0
40	173	0
40	174	0
40	175	0
40	176	0
40	177	0
40	178	0
40	179	0
40	180	0
40	181	0
40	182	0
40	183	0
40	184	0
40	185	0
40	186	0
40	187	0
40	188	0
40	189	0
40	190	0
40	191	0
40	192	0
40	193	0
40	194	0
40	195	0
40	196	0
40	197	0
40	198	0
40	199	0
40	200	0
40	201	0
40	202	0
40	203	0
40	204	0
40	205	0
40	206	0
40	207	0
40	208	0
40	209	0
40	210	0
40	211	0
40	212	0
40	213	0
40	214	0
40	215	0
40	216	0
40	217	0
40	218	0
40	219	0
40	220	0
40	221	0
40	222	0
40	223	0
40	224	0
40	225	0
40	226	0
40	227	0
40	228	0
40	229	0
40	230	0
40	231	0
40	232	0
40	233	0
40	234	0
40	235	0
40	236	0
40	237	0
40	238	0
40	239	0
40	240	0
40	241	0
40	242	0
40	243	0
40	244	0
40	245	0
40	246	0
40	247	0
40	248	0
40	249	0
40	250	0
40	251	0
40	252	0
40	253	0
40	254	0
40	255	0
40	256	0
41	1	0
41	2	0
41	3	0
41	4	0
41	5	0
41	6	0
41	7	0
41	8	0
41	9	0
41	10	0
41	11	0
41	12	0
41	13	0
41	14	0
41	15	0
41	16	0
41	17	0
41	18	0
41	19	0
41	20	0
41	21	0
41	22	0
41	23	0
41	24	0
41	25	0
41	26	0
41	27	0
41	28	0
41	29	0
41	30	0
41	31	0
41	32	0
41	33	0
41	34	0
41	35	0
41	36	0
41	37	0
41	38	0
41	39	0
41	40	0
41	42	0
41	43	0
41	44	0
41	45	0
41	46	0
41	47	0
41	48	0
41	49	0
41	50	0
41	51	0
41	52	0
41	53	0
41	54	0
41	55	0
41	56	0
41	57	0
41	58	0
41	59	0
41	60	0
41	61	0
41	62	0
41	63	0
41	64	0
41	65	0
41	66	0
41	67	0
41	68	0
41	69	0
41	70	0
41	71	0
41	72	0
41	73	0
41	74	0
41	75	0
41	76	0
41	77	0
41	78	0
41	79	0
41	80	0
41	81	0
41	82	0
41	83	0
41	84	0
41	85	0
41	86	0
41	87	0
41	88	0
41	89	0
41	90	0
41	91	0
41	92	0
41	93	0
41	94	0
41	95	0
41	96	0
41	97	0
41	98	0
41	99	0
41	100	0
41	101	0
41	102	0
41	103	0
41	104	0
41	105	0
41	106	0
41	107	0
41	108	0
41	109	0
41	110	0
41	111	0
41	112	0
41	113	0
41	114	0
41	115	0
41	116	0
41	117	0
41	118	0
41	119	0
41	120	0
41	121	0
41	122	0
41	123	0
41	124	0
41	125	0
41	126	0
41	127	0
41	128	0
41	129	0
41	130	0
41	131	0
41	132	0
41	133	0
41	134	0
41	135	0
41	136	0
41	137	0
41	138	0
41	139	0
41	140	0
41	141	0
41	142	0
41	143	0
41	144	0
41	145	0
41	146	0
41	147	0
41	148	0
41	149	0
41	150	0
41	151	0
41	152	0
41	153	0
41	154	0
41	155	0
41	156	0
41	157	0
41	158	0
41	159	0
41	160	0
41	161	0
41	162	0
41	163	0
41	164	0
41	165	0
41	166	0
41	167	0
41	168	0
41	169	0
41	170	0
41	171	0
41	172	0
41	173	0
41	174	0
41	175	0
41	176	0
41	177	0
41	178	0
41	179	0
41	180	0
41	181	0
41	182	0
41	183	0
41	184	0
41	185	0
41	186	0
41	187	0
41	188	0
41	189	0
41	190	0
41	191	0
41	192	0
41	193	0
41	194	0
41	195	0
41	196	0
41	197	0
41	198	0
41	199	0
41	200	0
41	201	0
41	202	0
41	203	0
41	204	0
41	205	0
41	206	0
41	207	0
41	208	0
41	209	0
41	210	0
41	211	0
41	212	0
41	213	0
41	214	0
41	215	0
41	216	0
41	217	0
41	218	0
41	219	0
41	220	0
41	221	0
41	222	0
41	223	0
41	224	0
41	225	0
41	226	0
41	227	0
41	228	0
41	229	0
41	230	0
41	231	0
41	232	0
41	233	0
41	234	0
41	235	0
41	236	0
41	237	0
41	238	0
41	239	0
41	240	0
41	241	0
41	242	0
41	243	0
41	244	0
41	245	0
41	246	0
41	247	0
41	248	0
41	249	0
41	250	0
41	251	0
41	252	0
41	253	0
41	254	0
41	255	0
41	256	0
42	1	0
42	2	0
42	3	0
42	4	0
42	5	0
42	6	0
42	7	0
42	8	0
42	9	0
42	10	0
42	11	0
42	12	0
42	13	0
42	14	0
42	15	0
42	16	0
42	17	0
42	18	0
42	19	0
42	20	0
42	21	0
42	22	0
42	23	0
42	24	0
42	25	0
42	26	0
42	27	0
42	28	0
42	29	0
42	30	0
42	31	0
42	32	0
42	33	0
42	34	0
42	35	0
42	36	0
42	37	0
42	38	0
42	39	0
42	40	0
42	41	0
42	43	0
42	44	0
42	45	0
42	46	0
42	47	0
42	48	0
42	49	0
42	50	0
42	51	0
42	52	0
42	53	0
42	54	0
42	55	0
42	56	0
42	57	0
42	58	0
42	59	0
42	60	0
42	61	0
42	62	0
42	63	0
42	64	0
42	65	0
42	66	0
42	67	0
42	68	0
42	69	0
42	70	0
42	71	0
42	72	0
42	73	0
42	74	0
42	75	0
42	76	0
42	77	0
42	78	0
42	79	0
42	80	0
42	81	0
42	82	0
42	83	0
42	84	0
42	85	0
42	86	0
42	87	0
42	88	0
42	89	0
42	90	0
42	91	0
42	92	0
42	93	0
42	94	0
42	95	0
42	96	0
42	97	0
42	98	0
42	99	0
42	100	0
42	101	0
42	102	0
42	103	0
42	104	0
42	105	0
42	106	0
42	107	0
42	108	0
42	109	0
42	110	0
42	111	0
42	112	0
42	113	0
42	114	0
42	115	0
42	116	0
42	117	0
42	118	0
42	119	0
42	120	0
42	121	0
42	122	0
42	123	0
42	124	0
42	125	0
42	126	0
42	127	0
42	128	0
42	129	0
42	130	0
42	131	0
42	132	0
42	133	0
42	134	0
42	135	0
42	136	0
42	137	0
42	138	0
42	139	0
42	140	0
42	141	0
42	142	0
42	143	0
42	144	0
42	145	0
42	146	0
42	147	0
42	148	0
42	149	0
42	150	0
42	151	0
42	152	0
42	153	0
42	154	0
42	155	0
42	156	0
42	157	0
42	158	0
42	159	0
42	160	0
42	161	0
42	162	0
42	163	0
42	164	0
42	165	0
42	166	0
42	167	0
42	168	0
42	169	0
42	170	0
42	171	0
42	172	0
42	173	0
42	174	0
42	175	0
42	176	0
42	177	0
42	178	0
42	179	0
42	180	0
42	181	0
42	182	0
42	183	0
42	184	0
42	185	0
42	186	0
42	187	0
42	188	0
42	189	0
42	190	0
42	191	0
42	192	0
42	193	0
42	194	0
42	195	0
42	196	0
42	197	0
42	198	0
42	199	0
42	200	0
42	201	0
42	202	0
42	203	0
42	204	0
42	205	0
42	206	0
42	207	0
42	208	0
42	209	0
42	210	0
42	211	0
42	212	0
42	213	0
42	214	0
42	215	0
42	216	0
42	217	0
42	218	0
42	219	0
42	220	0
42	221	0
42	222	0
42	223	0
42	224	0
42	225	0
42	226	0
42	227	0
42	228	0
42	229	0
42	230	0
42	231	0
42	232	0
42	233	0
42	234	0
42	235	0
42	236	0
42	237	0
42	238	0
42	239	0
42	240	0
42	241	0
42	242	0
42	243	0
42	244	0
42	245	0
42	246	0
42	247	0
42	248	0
42	249	0
42	250	0
42	251	0
42	252	0
42	253	0
42	254	0
42	255	0
42	256	0
43	1	0
43	2	0
43	3	0
43	4	0
43	5	0
43	6	0
43	7	0
43	8	0
43	9	0
43	10	0
43	11	0
43	12	0
43	13	0
43	14	0
43	15	0
43	16	0
43	17	0
43	18	0
43	19	0
43	20	0
43	21	0
43	22	0
43	23	0
43	24	0
43	25	0
43	26	0
43	27	0
43	28	0
43	29	0
43	30	0
43	31	0
43	32	0
43	33	0
43	34	0
43	35	0
43	36	0
43	37	0
43	38	0
43	39	0
43	40	0
43	41	0
43	42	0
43	44	0
43	45	0
43	46	0
43	47	0
43	48	0
43	49	0
43	50	0
43	51	0
43	52	0
43	53	0
43	54	0
43	55	0
43	56	0
43	57	0
43	58	0
43	59	0
43	60	0
43	61	0
43	62	0
43	63	0
43	64	0
43	65	0
43	66	0
43	67	0
43	68	0
43	69	0
43	70	0
43	71	0
43	72	0
43	73	0
43	74	0
43	75	0
43	76	0
43	77	0
43	78	0
43	79	0
43	80	0
43	81	0
43	82	0
43	83	0
43	84	0
43	85	0
43	86	0
43	87	0
43	88	0
43	89	0
43	90	0
43	91	0
43	92	0
43	93	0
43	94	0
43	95	0
43	96	0
43	97	0
43	98	0
43	99	0
43	100	0
43	101	0
43	102	0
43	103	0
43	104	0
43	105	0
43	106	0
43	107	0
43	108	0
43	109	0
43	110	0
43	111	0
43	112	0
43	113	0
43	114	0
43	115	0
43	116	0
43	117	0
43	118	0
43	119	0
43	120	0
43	121	0
43	122	0
43	123	0
43	124	0
43	125	0
43	126	0
43	127	0
43	128	0
43	129	0
43	130	0
43	131	0
43	132	0
43	133	0
43	134	0
43	135	0
43	136	0
43	137	0
43	138	0
43	139	0
43	140	0
43	141	0
43	142	0
43	143	0
43	144	0
43	145	0
43	146	0
43	147	0
43	148	0
43	149	0
43	150	0
43	151	0
43	152	0
43	153	0
43	154	0
43	155	0
43	156	0
43	157	0
43	158	0
43	159	0
43	160	0
43	161	0
43	162	0
43	163	0
43	164	0
43	165	0
43	166	0
43	167	0
43	168	0
43	169	0
43	170	0
43	171	0
43	172	0
43	173	0
43	174	0
43	175	0
43	176	0
43	177	0
43	178	0
43	179	0
43	180	0
43	181	0
43	182	0
43	183	0
43	184	0
43	185	0
43	186	0
43	187	0
43	188	0
43	189	0
43	190	0
43	191	0
43	192	0
43	193	0
43	194	0
43	195	0
43	196	0
43	197	0
43	198	0
43	199	0
43	200	0
43	201	0
43	202	0
43	203	0
43	204	0
43	205	0
43	206	0
43	207	0
43	208	0
43	209	0
43	210	0
43	211	0
43	212	0
43	213	0
43	214	0
43	215	0
43	216	0
43	217	0
43	218	0
43	219	0
43	220	0
43	221	0
43	222	0
43	223	0
43	224	0
43	225	0
43	226	0
43	227	0
43	228	0
43	229	0
43	230	0
43	231	0
43	232	0
43	233	0
43	234	0
43	235	0
43	236	0
43	237	0
43	238	0
43	239	0
43	240	0
43	241	0
43	242	0
43	243	0
43	244	0
43	245	0
43	246	0
43	247	0
43	248	0
43	249	0
43	250	0
43	251	0
43	252	0
43	253	0
43	254	0
43	255	0
43	256	0
44	1	0
44	2	0
44	3	0
44	4	0
44	5	0
44	6	0
44	7	0
44	8	0
44	9	0
44	10	0
44	11	0
44	12	0
44	13	0
44	14	0
44	15	0
44	16	0
44	17	0
44	18	0
44	19	0
44	20	0
44	21	0
44	22	0
44	23	0
44	24	0
44	25	0
44	26	0
44	27	0
44	28	0
44	29	0
44	30	0
44	31	0
44	32	0
44	33	0
44	34	0
44	35	0
44	36	0
44	37	0
44	38	0
44	39	0
44	40	0
44	41	0
44	42	0
44	43	0
44	45	0
44	46	0
44	47	0
44	48	0
44	49	0
44	50	0
44	51	0
44	52	0
44	53	0
44	54	0
44	55	0
44	56	0
44	57	0
44	58	0
44	59	0
44	60	0
44	61	0
44	62	0
44	63	0
44	64	0
44	65	0
44	66	0
44	67	0
44	68	0
44	69	0
44	70	0
44	71	0
44	72	0
44	73	0
44	74	0
44	75	0
44	76	0
44	77	0
44	78	0
44	79	0
44	80	0
44	81	0
44	82	0
44	83	0
44	84	0
44	85	0
44	86	0
44	87	0
44	88	0
44	89	0
44	90	0
44	91	0
44	92	0
44	93	0
44	94	0
44	95	0
44	96	0
44	97	0
44	98	0
44	99	0
44	100	0
44	101	0
44	102	0
44	103	0
44	104	0
44	105	0
44	106	0
44	107	0
44	108	0
44	109	0
44	110	0
44	111	0
44	112	0
44	113	0
44	114	0
44	115	0
44	116	0
44	117	0
44	118	0
44	119	0
44	120	0
44	121	0
44	122	0
44	123	0
44	124	0
44	125	0
44	126	0
44	127	0
44	128	0
44	129	0
44	130	0
44	131	0
44	132	0
44	133	0
44	134	0
44	135	0
44	136	0
44	137	0
44	138	0
44	139	0
44	140	0
44	141	0
44	142	0
44	143	0
44	144	0
44	145	0
44	146	0
44	147	0
44	148	0
44	149	0
44	150	0
44	151	0
44	152	0
44	153	0
44	154	0
44	155	0
44	156	0
44	157	0
44	158	0
44	159	0
44	160	0
44	161	0
44	162	0
44	163	0
44	164	0
44	165	0
44	166	0
44	167	0
44	168	0
44	169	0
44	170	0
44	171	0
44	172	0
44	173	0
44	174	0
44	175	0
44	176	0
44	177	0
44	178	0
44	179	0
44	180	0
44	181	0
44	182	0
44	183	0
44	184	0
44	185	0
44	186	0
44	187	0
44	188	0
44	189	0
44	190	0
44	191	0
44	192	0
44	193	0
44	194	0
44	195	0
44	196	0
44	197	0
44	198	0
44	199	0
44	200	0
44	201	0
44	202	0
44	203	0
44	204	0
44	205	0
44	206	0
44	207	0
44	208	0
44	209	0
44	210	0
44	211	0
44	212	0
44	213	0
44	214	0
44	215	0
44	216	0
44	217	0
44	218	0
44	219	0
44	220	0
44	221	0
44	222	0
44	223	0
44	224	0
44	225	0
44	226	0
44	227	0
44	228	0
44	229	0
44	230	0
44	231	0
44	232	0
44	233	0
44	234	0
44	235	0
44	236	0
44	237	0
44	238	0
44	239	0
44	240	0
44	241	0
44	242	0
44	243	0
44	244	0
44	245	0
44	246	0
44	247	0
44	248	0
44	249	0
44	250	0
44	251	0
44	252	0
44	253	0
44	254	0
44	255	0
44	256	0
45	1	0
45	2	0
45	3	0
45	4	0
45	5	0
45	6	0
45	7	0
45	8	0
45	9	0
45	10	0
45	11	0
45	12	0
45	13	0
45	14	0
45	15	0
45	16	0
45	17	0
45	18	0
45	19	0
45	20	0
45	21	0
45	22	0
45	23	0
45	24	0
45	25	0
45	26	0
45	27	0
45	28	0
45	29	0
45	30	0
45	31	0
45	32	0
45	33	0
45	34	0
45	35	0
45	36	0
45	37	0
45	38	0
45	39	0
45	40	0
45	41	0
45	42	0
45	43	0
45	44	0
45	46	0
45	47	0
45	48	0
45	49	0
45	50	0
45	51	0
45	52	0
45	53	0
45	54	0
45	55	0
45	56	0
45	57	0
45	58	0
45	59	0
45	60	0
45	61	0
45	62	0
45	63	0
45	64	0
45	65	0
45	66	0
45	67	0
45	68	0
45	69	0
45	70	0
45	71	0
45	72	0
45	73	0
45	74	0
45	75	0
45	76	0
45	77	0
45	78	0
45	79	0
45	80	0
45	81	0
45	82	0
45	83	0
45	84	0
45	85	0
45	86	0
45	87	0
45	88	0
45	89	0
45	90	0
45	91	0
45	92	0
45	93	0
45	94	0
45	95	0
45	96	0
45	97	0
45	98	0
45	99	0
45	100	0
45	101	0
45	102	0
45	103	0
45	104	0
45	105	0
45	106	0
45	107	0
45	108	0
45	109	0
45	110	0
45	111	0
45	112	0
45	113	0
45	114	0
45	115	0
45	116	0
45	117	0
45	118	0
45	119	0
45	120	0
45	121	0
45	122	0
45	123	0
45	124	0
45	125	0
45	126	0
45	127	0
45	128	0
45	129	0
45	130	0
45	131	0
45	132	0
45	133	0
45	134	0
45	135	0
45	136	0
45	137	0
45	138	0
45	139	0
45	140	0
45	141	0
45	142	0
45	143	0
45	144	0
45	145	0
45	146	0
45	147	0
45	148	0
45	149	0
45	150	0
45	151	0
45	152	0
45	153	0
45	154	0
45	155	0
45	156	0
45	157	0
45	158	0
45	159	0
45	160	0
45	161	0
45	162	0
45	163	0
45	164	0
45	165	0
45	166	0
45	167	0
45	168	0
45	169	0
45	170	0
45	171	0
45	172	0
45	173	0
45	174	0
45	175	0
45	176	0
45	177	0
45	178	0
45	179	0
45	180	0
45	181	0
45	182	0
45	183	0
45	184	0
45	185	0
45	186	0
45	187	0
45	188	0
45	189	0
45	190	0
45	191	0
45	192	0
45	193	0
45	194	0
45	195	0
45	196	0
45	197	0
45	198	0
45	199	0
45	200	0
45	201	0
45	202	0
45	203	0
45	204	0
45	205	0
45	206	0
45	207	0
45	208	0
45	209	0
45	210	0
45	211	0
45	212	0
45	213	0
45	214	0
45	215	0
45	216	0
45	217	0
45	218	0
45	219	0
45	220	0
45	221	0
45	222	0
45	223	0
45	224	0
45	225	0
45	226	0
45	227	0
45	228	0
45	229	0
45	230	0
45	231	0
45	232	0
45	233	0
45	234	0
45	235	0
45	236	0
45	237	0
45	238	0
45	239	0
45	240	0
45	241	0
45	242	0
45	243	0
45	244	0
45	245	0
45	246	0
45	247	0
45	248	0
45	249	0
45	250	0
45	251	0
45	252	0
45	253	0
45	254	0
45	255	0
45	256	0
46	1	0
46	2	0
46	3	0
46	4	0
46	5	0
46	6	0
46	7	0
46	8	0
46	9	0
46	10	0
46	11	0
46	12	0
46	13	0
46	14	0
46	15	0
46	16	0
46	17	0
46	18	0
46	19	0
46	20	0
46	21	0
46	22	0
46	23	0
46	24	0
46	25	0
46	26	0
46	27	0
46	28	0
46	29	0
46	30	0
46	31	0
46	32	0
46	33	0
46	34	0
46	35	0
46	36	0
46	37	0
46	38	0
46	39	0
46	40	0
46	41	0
46	42	0
46	43	0
46	44	0
46	45	0
46	47	0
46	48	0
46	49	0
46	50	0
46	51	0
46	52	0
46	53	0
46	54	0
46	55	0
46	56	0
46	57	0
46	58	0
46	59	0
46	60	0
46	61	0
46	62	0
46	63	0
46	64	0
46	65	0
46	66	0
46	67	0
46	68	0
46	69	0
46	70	0
46	71	0
46	72	0
46	73	0
46	74	0
46	75	0
46	76	0
46	77	0
46	78	0
46	79	0
46	80	0
46	81	0
46	82	0
46	83	0
46	84	0
46	85	0
46	86	0
46	87	0
46	88	0
46	89	0
46	90	0
46	91	0
46	92	0
46	93	0
46	94	0
46	95	0
46	96	0
46	97	0
46	98	0
46	99	0
46	100	0
46	101	0
46	102	0
46	103	0
46	104	0
46	105	0
46	106	0
46	107	0
46	108	0
46	109	0
46	110	0
46	111	0
46	112	0
46	113	0
46	114	0
46	115	0
46	116	0
46	117	0
46	118	0
46	119	0
46	120	0
46	121	0
46	122	0
46	123	0
46	124	0
46	125	0
46	126	0
46	127	0
46	128	0
46	129	0
46	130	0
46	131	0
46	132	0
46	133	0
46	134	0
46	135	0
46	136	0
46	137	0
46	138	0
46	139	0
46	140	0
46	141	0
46	142	0
46	143	0
46	144	0
46	145	0
46	146	0
46	147	0
46	148	0
46	149	0
46	150	0
46	151	0
46	152	0
46	153	0
46	154	0
46	155	0
46	156	0
46	157	0
46	158	0
46	159	0
46	160	0
46	161	0
46	162	0
46	163	0
46	164	0
46	165	0
46	166	0
46	167	0
46	168	0
46	169	0
46	170	0
46	171	0
46	172	0
46	173	0
46	174	0
46	175	0
46	176	0
46	177	0
46	178	0
46	179	0
46	180	0
46	181	0
46	182	0
46	183	0
46	184	0
46	185	0
46	186	0
46	187	0
46	188	0
46	189	0
46	190	0
46	191	0
46	192	0
46	193	0
46	194	0
46	195	0
46	196	0
46	197	0
46	198	0
46	199	0
46	200	0
46	201	0
46	202	0
46	203	0
46	204	0
46	205	0
46	206	0
46	207	0
46	208	0
46	209	0
46	210	0
46	211	0
46	212	0
46	213	0
46	214	0
46	215	0
46	216	0
46	217	0
46	218	0
46	219	0
46	220	0
46	221	0
46	222	0
46	223	0
46	224	0
46	225	0
46	226	0
46	227	0
46	228	0
46	229	0
46	230	0
46	231	0
46	232	0
46	233	0
46	234	0
46	235	0
46	236	0
46	237	0
46	238	0
46	239	0
46	240	0
46	241	0
46	242	0
46	243	0
46	244	0
46	245	0
46	246	0
46	247	0
46	248	0
46	249	0
46	250	0
46	251	0
46	252	0
46	253	0
46	254	0
46	255	0
46	256	0
47	1	0
47	2	0
47	3	0
47	4	0
47	5	0
47	6	0
47	7	0
47	8	0
47	9	0
47	10	0
47	11	0
47	12	0
47	13	0
47	14	0
47	15	0
47	16	0
47	17	0
47	18	0
47	19	0
47	20	0
47	21	0
47	22	0
47	23	0
47	24	0
47	25	0
47	26	0
47	27	0
47	28	0
47	29	0
47	30	0
47	31	0
47	32	0
47	33	0
47	34	0
47	35	0
47	36	0
47	37	0
47	38	0
47	39	0
47	40	0
47	41	0
47	42	0
47	43	0
47	44	0
47	45	0
47	46	0
47	48	0
47	49	0
47	50	0
47	51	0
47	52	0
47	53	0
47	54	0
47	55	0
47	56	0
47	57	0
47	58	0
47	59	0
47	60	0
47	61	0
47	62	0
47	63	0
47	64	0
47	65	0
47	66	0
47	67	0
47	68	0
47	69	0
47	70	0
47	71	0
47	72	0
47	73	0
47	74	0
47	75	0
47	76	0
47	77	0
47	78	0
47	79	0
47	80	0
47	81	0
47	82	0
47	83	0
47	84	0
47	85	0
47	86	0
47	87	0
47	88	0
47	89	0
47	90	0
47	91	0
47	92	0
47	93	0
47	94	0
47	95	0
47	96	0
47	97	0
47	98	0
47	99	0
47	100	0
47	101	0
47	102	0
47	103	0
47	104	0
47	105	0
47	106	0
47	107	0
47	108	0
47	109	0
47	110	0
47	111	0
47	112	0
47	113	0
47	114	0
47	115	0
47	116	0
47	117	0
47	118	0
47	119	0
47	120	0
47	121	0
47	122	0
47	123	0
47	124	0
47	125	0
47	126	0
47	127	0
47	128	0
47	129	0
47	130	0
47	131	0
47	132	0
47	133	0
47	134	0
47	135	0
47	136	0
47	137	0
47	138	0
47	139	0
47	140	0
47	141	0
47	142	0
47	143	0
47	144	0
47	145	0
47	146	0
47	147	0
47	148	0
47	149	0
47	150	0
47	151	0
47	152	0
47	153	0
47	154	0
47	155	0
47	156	0
47	157	0
47	158	0
47	159	0
47	160	0
47	161	0
47	162	0
47	163	0
47	164	0
47	165	0
47	166	0
47	167	0
47	168	0
47	169	0
47	170	0
47	171	0
47	172	0
47	173	0
47	174	0
47	175	0
47	176	0
47	177	0
47	178	0
47	179	0
47	180	0
47	181	0
47	182	0
47	183	0
47	184	0
47	185	0
47	186	0
47	187	0
47	188	0
47	189	0
47	190	0
47	191	0
47	192	0
47	193	0
47	194	0
47	195	0
47	196	0
47	197	0
47	198	0
47	199	0
47	200	0
47	201	0
47	202	0
47	203	0
47	204	0
47	205	0
47	206	0
47	207	0
47	208	0
47	209	0
47	210	0
47	211	0
47	212	0
47	213	0
47	214	0
47	215	0
47	216	0
47	217	0
47	218	0
47	219	0
47	220	0
47	221	0
47	222	0
47	223	0
47	224	0
47	225	0
47	226	0
47	227	0
47	228	0
47	229	0
47	230	0
47	231	0
47	232	0
47	233	0
47	234	0
47	235	0
47	236	0
47	237	0
47	238	0
47	239	0
47	240	0
47	241	0
47	242	0
47	243	0
47	244	0
47	245	0
47	246	0
47	247	0
47	248	0
47	249	0
47	250	0
47	251	0
47	252	0
47	253	0
47	254	0
47	255	0
47	256	0
48	1	0
48	2	0
48	3	0
48	4	0
48	5	0
48	6	0
48	7	0
48	8	0
48	9	0
48	10	0
48	11	0
48	12	0
48	13	0
48	14	0
48	15	0
48	16	0
48	17	0
48	18	0
48	19	0
48	20	0
48	21	0
48	22	0
48	23	0
48	24	0
48	25	0
48	26	0
48	27	0
48	28	0
48	29	0
48	30	0
48	31	0
48	32	0
48	33	0
48	34	0
48	35	0
48	36	0
48	37	0
48	38	0
48	39	0
48	40	0
48	41	0
48	42	0
48	43	0
48	44	0
48	45	0
48	46	0
48	47	0
48	49	0
48	50	0
48	51	0
48	52	0
48	53	0
48	54	0
48	55	0
48	56	0
48	57	0
48	58	0
48	59	0
48	60	0
48	61	0
48	62	0
48	63	0
48	64	0
48	65	0
48	66	0
48	67	0
48	68	0
48	69	0
48	70	0
48	71	0
48	72	0
48	73	0
48	74	0
48	75	0
48	76	0
48	77	0
48	78	0
48	79	0
48	80	0
48	81	0
48	82	0
48	83	0
48	84	0
48	85	0
48	86	0
48	87	0
48	88	0
48	89	0
48	90	0
48	91	0
48	92	0
48	93	0
48	94	0
48	95	0
48	96	0
48	97	0
48	98	0
48	99	0
48	100	0
48	101	0
48	102	0
48	103	0
48	104	0
48	105	0
48	106	0
48	107	0
48	108	0
48	109	0
48	110	0
48	111	0
48	112	0
48	113	0
48	114	0
48	115	0
48	116	0
48	117	0
48	118	0
48	119	0
48	120	0
48	121	0
48	122	0
48	123	0
48	124	0
48	125	0
48	126	0
48	127	0
48	128	0
48	129	0
48	130	0
48	131	0
48	132	0
48	133	0
48	134	0
48	135	0
48	136	0
48	137	0
48	138	0
48	139	0
48	140	0
48	141	0
48	142	0
48	143	0
48	144	0
48	145	0
48	146	0
48	147	0
48	148	0
48	149	0
48	150	0
48	151	0
48	152	0
48	153	0
48	154	0
48	155	0
48	156	0
48	157	0
48	158	0
48	159	0
48	160	0
48	161	0
48	162	0
48	163	0
48	164	0
48	165	0
48	166	0
48	167	0
48	168	0
48	169	0
48	170	0
48	171	0
48	172	0
48	173	0
48	174	0
48	175	0
48	176	0
48	177	0
48	178	0
48	179	0
48	180	0
48	181	0
48	182	0
48	183	0
48	184	0
48	185	0
48	186	0
48	187	0
48	188	0
48	189	0
48	190	0
48	191	0
48	192	0
48	193	0
48	194	0
48	195	0
48	196	0
48	197	0
48	198	0
48	199	0
48	200	0
48	201	0
48	202	0
48	203	0
48	204	0
48	205	0
48	206	0
48	207	0
48	208	0
48	209	0
48	210	0
48	211	0
48	212	0
48	213	0
48	214	0
48	215	0
48	216	0
48	217	0
48	218	0
48	219	0
48	220	0
48	221	0
48	222	0
48	223	0
48	224	0
48	225	0
48	226	0
48	227	0
48	228	0
48	229	0
48	230	0
48	231	0
48	232	0
48	233	0
48	234	0
48	235	0
48	236	0
48	237	0
48	238	0
48	239	0
48	240	0
48	241	0
48	242	0
48	243	0
48	244	0
48	245	0
48	246	0
48	247	0
48	248	0
48	249	0
48	250	0
48	251	0
48	252	0
48	253	0
48	254	0
48	255	0
48	256	0
49	1	0
49	2	0
49	3	0
49	4	0
49	5	0
49	6	0
49	7	0
49	8	0
49	9	0
49	10	0
49	11	0
49	12	0
49	13	0
49	14	0
49	15	0
49	16	0
49	17	0
49	18	0
49	19	0
49	20	0
49	21	0
49	22	0
49	23	0
49	24	0
49	25	0
49	26	0
49	27	0
49	28	0
49	29	0
49	30	0
49	31	0
49	32	0
49	33	0
49	34	0
49	35	0
49	36	0
49	37	0
49	38	0
49	39	0
49	40	0
49	41	0
49	42	0
49	43	0
49	44	0
49	45	0
49	46	0
49	47	0
49	48	0
49	50	0
49	51	0
49	52	0
49	53	0
49	54	0
49	55	0
49	56	0
49	57	0
49	58	0
49	59	0
49	60	0
49	61	0
49	62	0
49	63	0
49	64	0
49	65	0
49	66	0
49	67	0
49	68	0
49	69	0
49	70	0
49	71	0
49	72	0
49	73	0
49	74	0
49	75	0
49	76	0
49	77	0
49	78	0
49	79	0
49	80	0
49	81	0
49	82	0
49	83	0
49	84	0
49	85	0
49	86	0
49	87	0
49	88	0
49	89	0
49	90	0
49	91	0
49	92	0
49	93	0
49	94	0
49	95	0
49	96	0
49	97	0
49	98	0
49	99	0
49	100	0
49	101	0
49	102	0
49	103	0
49	104	0
49	105	0
49	106	0
49	107	0
49	108	0
49	109	0
49	110	0
49	111	0
49	112	0
49	113	0
49	114	0
49	115	0
49	116	0
49	117	0
49	118	0
49	119	0
49	120	0
49	121	0
49	122	0
49	123	0
49	124	0
49	125	0
49	126	0
49	127	0
49	128	0
49	129	0
49	130	0
49	131	0
49	132	0
49	133	0
49	134	0
49	135	0
49	136	0
49	137	0
49	138	0
49	139	0
49	140	0
49	141	0
49	142	0
49	143	0
49	144	0
49	145	0
49	146	0
49	147	0
49	148	0
49	149	0
49	150	0
49	151	0
49	152	0
49	153	0
49	154	0
49	155	0
49	156	0
49	157	0
49	158	0
49	159	0
49	160	0
49	161	0
49	162	0
49	163	0
49	164	0
49	165	0
49	166	0
49	167	0
49	168	0
49	169	0
49	170	0
49	171	0
49	172	0
49	173	0
49	174	0
49	175	0
49	176	0
49	177	0
49	178	0
49	179	0
49	180	0
49	181	0
49	182	0
49	183	0
49	184	0
49	185	0
49	186	0
49	187	0
49	188	0
49	189	0
49	190	0
49	191	0
49	192	0
49	193	0
49	194	0
49	195	0
49	196	0
49	197	0
49	198	0
49	199	0
49	200	0
49	201	0
49	202	0
49	203	0
49	204	0
49	205	0
49	206	0
49	207	0
49	208	0
49	209	0
49	210	0
49	211	0
49	212	0
49	213	0
49	214	0
49	215	0
49	216	0
49	217	0
49	218	0
49	219	0
49	220	0
49	221	0
49	222	0
49	223	0
49	224	0
49	225	0
49	226	0
49	227	0
49	228	0
49	229	0
49	230	0
49	231	0
49	232	0
49	233	0
49	234	0
49	235	0
49	236	0
49	237	0
49	238	0
49	239	0
49	240	0
49	241	0
49	242	0
49	243	0
49	244	0
49	245	0
49	246	0
49	247	0
49	248	0
49	249	0
49	250	0
49	251	0
49	252	0
49	253	0
49	254	0
49	255	0
49	256	0
50	1	0
50	2	0
50	3	0
50	4	0
50	5	0
50	6	0
50	7	0
50	8	0
50	9	0
50	10	0
50	11	0
50	12	0
50	13	0
50	14	0
50	15	0
50	16	0
50	17	0
50	18	0
50	19	0
50	20	0
50	21	0
50	22	0
50	23	0
50	24	0
50	25	0
50	26	0
50	27	0
50	28	0
50	29	0
50	30	0
50	31	0
50	32	0
50	33	0
50	34	0
50	35	0
50	36	0
50	37	0
50	38	0
50	39	0
50	40	0
50	41	0
50	42	0
50	43	0
50	44	0
50	45	0
50	46	0
50	47	0
50	48	0
50	49	0
50	51	0
50	52	0
50	53	0
50	54	0
50	55	0
50	56	0
50	57	0
50	58	0
50	59	0
50	60	0
50	61	0
50	62	0
50	63	0
50	64	0
50	65	0
50	66	0
50	67	0
50	68	0
50	69	0
50	70	0
50	71	0
50	72	0
50	73	0
50	74	0
50	75	0
50	76	0
50	77	0
50	78	0
50	79	0
50	80	0
50	81	0
50	82	0
50	83	0
50	84	0
50	85	0
50	86	0
50	87	0
50	88	0
50	89	0
50	90	0
50	91	0
50	92	0
50	93	0
50	94	0
50	95	0
50	96	0
50	97	0
50	98	0
50	99	0
50	100	0
50	101	0
50	102	0
50	103	0
50	104	0
50	105	0
50	106	0
50	107	0
50	108	0
50	109	0
50	110	0
50	111	0
50	112	0
50	113	0
50	114	0
50	115	0
50	116	0
50	117	0
50	118	0
50	119	0
50	120	0
50	121	0
50	122	0
50	123	0
50	124	0
50	125	0
50	126	0
50	127	0
50	128	0
50	129	0
50	130	0
50	131	0
50	132	0
50	133	0
50	134	0
50	135	0
50	136	0
50	137	0
50	138	0
50	139	0
50	140	0
50	141	0
50	142	0
50	143	0
50	144	0
50	145	0
50	146	0
50	147	0
50	148	0
50	149	0
50	150	0
50	151	0
50	152	0
50	153	0
50	154	0
50	155	0
50	156	0
50	157	0
50	158	0
50	159	0
50	160	0
50	161	0
50	162	0
50	163	0
50	164	0
50	165	0
50	166	0
50	167	0
50	168	0
50	169	0
50	170	0
50	171	0
50	172	0
50	173	0
50	174	0
50	175	0
50	176	0
50	177	0
50	178	0
50	179	0
50	180	0
50	181	0
50	182	0
50	183	0
50	184	0
50	185	0
50	186	0
50	187	0
50	188	0
50	189	0
50	190	0
50	191	0
50	192	0
50	193	0
50	194	0
50	195	0
50	196	0
50	197	0
50	198	0
50	199	0
50	200	0
50	201	0
50	202	0
50	203	0
50	204	0
50	205	0
50	206	0
50	207	0
50	208	0
50	209	0
50	210	0
50	211	0
50	212	0
50	213	0
50	214	0
50	215	0
50	216	0
50	217	0
50	218	0
50	219	0
50	220	0
50	221	0
50	222	0
50	223	0
50	224	0
50	225	0
50	226	0
50	227	0
50	228	0
50	229	0
50	230	0
50	231	0
50	232	0
50	233	0
50	234	0
50	235	0
50	236	0
50	237	0
50	238	0
50	239	0
50	240	0
50	241	0
50	242	0
50	243	0
50	244	0
50	245	0
50	246	0
50	247	0
50	248	0
50	249	0
50	250	0
50	251	0
50	252	0
50	253	0
50	254	0
50	255	0
50	256	0
51	1	0
51	2	0
51	3	0
51	4	0
51	5	0
51	6	0
51	7	0
51	8	0
51	9	0
51	10	0
51	11	0
51	12	0
51	13	0
51	14	0
51	15	0
51	16	0
51	17	0
51	18	0
51	19	0
51	20	0
51	21	0
51	22	0
51	23	0
51	24	0
51	25	0
51	26	0
51	27	0
51	28	0
51	29	0
51	30	0
51	31	0
51	32	0
51	33	0
51	34	0
51	35	0
51	36	0
51	37	0
51	38	0
51	39	0
51	40	0
51	41	0
51	42	0
51	43	0
51	44	0
51	45	0
51	46	0
51	47	0
51	48	0
51	49	0
51	50	0
51	52	0
51	53	0
51	54	0
51	55	0
51	56	0
51	57	0
51	58	0
51	59	0
51	60	0
51	61	0
51	62	0
51	63	0
51	64	0
51	65	0
51	66	0
51	67	0
51	68	0
51	69	0
51	70	0
51	71	0
51	72	0
51	73	0
51	74	0
51	75	0
51	76	0
51	77	0
51	78	0
51	79	0
51	80	0
51	81	0
51	82	0
51	83	0
51	84	0
51	85	0
51	86	0
51	87	0
51	88	0
51	89	0
51	90	0
51	91	0
51	92	0
51	93	0
51	94	0
51	95	0
51	96	0
51	97	0
51	98	0
51	99	0
51	100	0
51	101	0
51	102	0
51	103	0
51	104	0
51	105	0
51	106	0
51	107	0
51	108	0
51	109	0
51	110	0
51	111	0
51	112	0
51	113	0
51	114	0
51	115	0
51	116	0
51	117	0
51	118	0
51	119	0
51	120	0
51	121	0
51	122	0
51	123	0
51	124	0
51	125	0
51	126	0
51	127	0
51	128	0
51	129	0
51	130	0
51	131	0
51	132	0
51	133	0
51	134	0
51	135	0
51	136	0
51	137	0
51	138	0
51	139	0
51	140	0
51	141	0
51	142	0
51	143	0
51	144	0
51	145	0
51	146	0
51	147	0
51	148	0
51	149	0
51	150	0
51	151	0
51	152	0
51	153	0
51	154	0
51	155	0
51	156	0
51	157	0
51	158	0
51	159	0
51	160	0
51	161	0
51	162	0
51	163	0
51	164	0
51	165	0
51	166	0
51	167	0
51	168	0
51	169	0
51	170	0
51	171	0
51	172	0
51	173	0
51	174	0
51	175	0
51	176	0
51	177	0
51	178	0
51	179	0
51	180	0
51	181	0
51	182	0
51	183	0
51	184	0
51	185	0
51	186	0
51	187	0
51	188	0
51	189	0
51	190	0
51	191	0
51	192	0
51	193	0
51	194	0
51	195	0
51	196	0
51	197	0
51	198	0
51	199	0
51	200	0
51	201	0
51	202	0
51	203	0
51	204	0
51	205	0
51	206	0
51	207	0
51	208	0
51	209	0
51	210	0
51	211	0
51	212	0
51	213	0
51	214	0
51	215	0
51	216	0
51	217	0
51	218	0
51	219	0
51	220	0
51	221	0
51	222	0
51	223	0
51	224	0
51	225	0
51	226	0
51	227	0
51	228	0
51	229	0
51	230	0
51	231	0
51	232	0
51	233	0
51	234	0
51	235	0
51	236	0
51	237	0
51	238	0
51	239	0
51	240	0
51	241	0
51	242	0
51	243	0
51	244	0
51	245	0
51	246	0
51	247	0
51	248	0
51	249	0
51	250	0
51	251	0
51	252	0
51	253	0
51	254	0
51	255	0
51	256	0
52	1	0
52	2	0
52	3	0
52	4	0
52	5	0
52	6	0
52	7	0
52	8	0
52	9	0
52	10	0
52	11	0
52	12	0
52	13	0
52	14	0
52	15	0
52	16	0
52	17	0
52	18	0
52	19	0
52	20	0
52	21	0
52	22	0
52	23	0
52	24	0
52	25	0
52	26	0
52	27	0
52	28	0
52	29	0
52	30	0
52	31	0
52	32	0
52	33	0
52	34	0
52	35	0
52	36	0
52	37	0
52	38	0
52	39	0
52	40	0
52	41	0
52	42	0
52	43	0
52	44	0
52	45	0
52	46	0
52	47	0
52	48	0
52	49	0
52	50	0
52	51	0
52	53	0
52	54	0
52	55	0
52	56	0
52	57	0
52	58	0
52	59	0
52	60	0
52	61	0
52	62	0
52	63	0
52	64	0
52	65	0
52	66	0
52	67	0
52	68	0
52	69	0
52	70	0
52	71	0
52	72	0
52	73	0
52	74	0
52	75	0
52	76	0
52	77	0
52	78	0
52	79	0
52	80	0
52	81	0
52	82	0
52	83	0
52	84	0
52	85	0
52	86	0
52	87	0
52	88	0
52	89	0
52	90	0
52	91	0
52	92	0
52	93	0
52	94	0
52	95	0
52	96	0
52	97	0
52	98	0
52	99	0
52	100	0
52	101	0
52	102	0
52	103	0
52	104	0
52	105	0
52	106	0
52	107	0
52	108	0
52	109	0
52	110	0
52	111	0
52	112	0
52	113	0
52	114	0
52	115	0
52	116	0
52	117	0
52	118	0
52	119	0
52	120	0
52	121	0
52	122	0
52	123	0
52	124	0
52	125	0
52	126	0
52	127	0
52	128	0
52	129	0
52	130	0
52	131	0
52	132	0
52	133	0
52	134	0
52	135	0
52	136	0
52	137	0
52	138	0
52	139	0
52	140	0
52	141	0
52	142	0
52	143	0
52	144	0
52	145	0
52	146	0
52	147	0
52	148	0
52	149	0
52	150	0
52	151	0
52	152	0
52	153	0
52	154	0
52	155	0
52	156	0
52	157	0
52	158	0
52	159	0
52	160	0
52	161	0
52	162	0
52	163	0
52	164	0
52	165	0
52	166	0
52	167	0
52	168	0
52	169	0
52	170	0
52	171	0
52	172	0
52	173	0
52	174	0
52	175	0
52	176	0
52	177	0
52	178	0
52	179	0
52	180	0
52	181	0
52	182	0
52	183	0
52	184	0
52	185	0
52	186	0
52	187	0
52	188	0
52	189	0
52	190	0
52	191	0
52	192	0
52	193	0
52	194	0
52	195	0
52	196	0
52	197	0
52	198	0
52	199	0
52	200	0
52	201	0
52	202	0
52	203	0
52	204	0
52	205	0
52	206	0
52	207	0
52	208	0
52	209	0
52	210	0
52	211	0
52	212	0
52	213	0
52	214	0
52	215	0
52	216	0
52	217	0
52	218	0
52	219	0
52	220	0
52	221	0
52	222	0
52	223	0
52	224	0
52	225	0
52	226	0
52	227	0
52	228	0
52	229	0
52	230	0
52	231	0
52	232	0
52	233	0
52	234	0
52	235	0
52	236	0
52	237	0
52	238	0
52	239	0
52	240	0
52	241	0
52	242	0
52	243	0
52	244	0
52	245	0
52	246	0
52	247	0
52	248	0
52	249	0
52	250	0
52	251	0
52	252	0
52	253	0
52	254	0
52	255	0
52	256	0
53	1	0
53	2	0
53	3	0
53	4	0
53	5	0
53	6	0
53	7	0
53	8	0
53	9	0
53	10	0
53	11	0
53	12	0
53	13	0
53	14	0
53	15	0
53	16	0
53	17	0
53	18	0
53	19	0
53	20	0
53	21	0
53	22	0
53	23	0
53	24	0
53	25	0
53	26	0
53	27	0
53	28	0
53	29	0
53	30	0
53	31	0
53	32	0
53	33	0
53	34	0
53	35	0
53	36	0
53	37	0
53	38	0
53	39	0
53	40	0
53	41	0
53	42	0
53	43	0
53	44	0
53	45	0
53	46	0
53	47	0
53	48	0
53	49	0
53	50	0
53	51	0
53	52	0
53	54	0
53	55	0
53	56	0
53	57	0
53	58	0
53	59	0
53	60	0
53	61	0
53	62	0
53	63	0
53	64	0
53	65	0
53	66	0
53	67	0
53	68	0
53	69	0
53	70	0
53	71	0
53	72	0
53	73	0
53	74	0
53	75	0
53	76	0
53	77	0
53	78	0
53	79	0
53	80	0
53	81	0
53	82	0
53	83	0
53	84	0
53	85	0
53	86	0
53	87	0
53	88	0
53	89	0
53	90	0
53	91	0
53	92	0
53	93	0
53	94	0
53	95	0
53	96	0
53	97	0
53	98	0
53	99	0
53	100	0
53	101	0
53	102	0
53	103	0
53	104	0
53	105	0
53	106	0
53	107	0
53	108	0
53	109	0
53	110	0
53	111	0
53	112	0
53	113	0
53	114	0
53	115	0
53	116	0
53	117	0
53	118	0
53	119	0
53	120	0
53	121	0
53	122	0
53	123	0
53	124	0
53	125	0
53	126	0
53	127	0
53	128	0
53	129	0
53	130	0
53	131	0
53	132	0
53	133	0
53	134	0
53	135	0
53	136	0
53	137	0
53	138	0
53	139	0
53	140	0
53	141	0
53	142	0
53	143	0
53	144	0
53	145	0
53	146	0
53	147	0
53	148	0
53	149	0
53	150	0
53	151	0
53	152	0
53	153	0
53	154	0
53	155	0
53	156	0
53	157	0
53	158	0
53	159	0
53	160	0
53	161	0
53	162	0
53	163	0
53	164	0
53	165	0
53	166	0
53	167	0
53	168	0
53	169	0
53	170	0
53	171	0
53	172	0
53	173	0
53	174	0
53	175	0
53	176	0
53	177	0
53	178	0
53	179	0
53	180	0
53	181	0
53	182	0
53	183	0
53	184	0
53	185	0
53	186	0
53	187	0
53	188	0
53	189	0
53	190	0
53	191	0
53	192	0
53	193	0
53	194	0
53	195	0
53	196	0
53	197	0
53	198	0
53	199	0
53	200	0
53	201	0
53	202	0
53	203	0
53	204	0
53	205	0
53	206	0
53	207	0
53	208	0
53	209	0
53	210	0
53	211	0
53	212	0
53	213	0
53	214	0
53	215	0
53	216	0
53	217	0
53	218	0
53	219	0
53	220	0
53	221	0
53	222	0
53	223	0
53	224	0
53	225	0
53	226	0
53	227	0
53	228	0
53	229	0
53	230	0
53	231	0
53	232	0
53	233	0
53	234	0
53	235	0
53	236	0
53	237	0
53	238	0
53	239	0
53	240	0
53	241	0
53	242	0
53	243	0
53	244	0
53	245	0
53	246	0
53	247	0
53	248	0
53	249	0
53	250	0
53	251	0
53	252	0
53	253	0
53	254	0
53	255	0
53	256	0
54	1	0
54	2	0
54	3	0
54	4	0
54	5	0
54	6	0
54	7	0
54	8	0
54	9	0
54	10	0
54	11	0
54	12	0
54	13	0
54	14	0
54	15	0
54	16	0
54	17	0
54	18	0
54	19	0
54	20	0
54	21	0
54	22	0
54	23	0
54	24	0
54	25	0
54	26	0
54	27	0
54	28	0
54	29	0
54	30	0
54	31	0
54	32	0
54	33	0
54	34	0
54	35	0
54	36	0
54	37	0
54	38	0
54	39	0
54	40	0
54	41	0
54	42	0
54	43	0
54	44	0
54	45	0
54	46	0
54	47	0
54	48	0
54	49	0
54	50	0
54	51	0
54	52	0
54	53	0
54	55	0
54	56	0
54	57	0
54	58	0
54	59	0
54	60	0
54	61	0
54	62	0
54	63	0
54	64	0
54	65	0
54	66	0
54	67	0
54	68	0
54	69	0
54	70	0
54	71	0
54	72	0
54	73	0
54	74	0
54	75	0
54	76	0
54	77	0
54	78	0
54	79	0
54	80	0
54	81	0
54	82	0
54	83	0
54	84	0
54	85	0
54	86	0
54	87	0
54	88	0
54	89	0
54	90	0
54	91	0
54	92	0
54	93	0
54	94	0
54	95	0
54	96	0
54	97	0
54	98	0
54	99	0
54	100	0
54	101	0
54	102	0
54	103	0
54	104	0
54	105	0
54	106	0
54	107	0
54	108	0
54	109	0
54	110	0
54	111	0
54	112	0
54	113	0
54	114	0
54	115	0
54	116	0
54	117	0
54	118	0
54	119	0
54	120	0
54	121	0
54	122	0
54	123	0
54	124	0
54	125	0
54	126	0
54	127	0
54	128	0
54	129	0
54	130	0
54	131	0
54	132	0
54	133	0
54	134	0
54	135	0
54	136	0
54	137	0
54	138	0
54	139	0
54	140	0
54	141	0
54	142	0
54	143	0
54	144	0
54	145	0
54	146	0
54	147	0
54	148	0
54	149	0
54	150	0
54	151	0
54	152	0
54	153	0
54	154	0
54	155	0
54	156	0
54	157	0
54	158	0
54	159	0
54	160	0
54	161	0
54	162	0
54	163	0
54	164	0
54	165	0
54	166	0
54	167	0
54	168	0
54	169	0
54	170	0
54	171	0
54	172	0
54	173	0
54	174	0
54	175	0
54	176	0
54	177	0
54	178	0
54	179	0
54	180	0
54	181	0
54	182	0
54	183	0
54	184	0
54	185	0
54	186	0
54	187	0
54	188	0
54	189	0
54	190	0
54	191	0
54	192	0
54	193	0
54	194	0
54	195	0
54	196	0
54	197	0
54	198	0
54	199	0
54	200	0
54	201	0
54	202	0
54	203	0
54	204	0
54	205	0
54	206	0
54	207	0
54	208	0
54	209	0
54	210	0
54	211	0
54	212	0
54	213	0
54	214	0
54	215	0
54	216	0
54	217	0
54	218	0
54	219	0
54	220	0
54	221	0
54	222	0
54	223	0
54	224	0
54	225	0
54	226	0
54	227	0
54	228	0
54	229	0
54	230	0
54	231	0
54	232	0
54	233	0
54	234	0
54	235	0
54	236	0
54	237	0
54	238	0
54	239	0
54	240	0
54	241	0
54	242	0
54	243	0
54	244	0
54	245	0
54	246	0
54	247	0
54	248	0
54	249	0
54	250	0
54	251	0
54	252	0
54	253	0
54	254	0
54	255	0
54	256	0
55	1	0
55	2	0
55	3	0
55	4	0
55	5	0
55	6	0
55	7	0
55	8	0
55	9	0
55	10	0
55	11	0
55	12	0
55	13	0
55	14	0
55	15	0
55	16	0
55	17	0
55	18	0
55	19	0
55	20	0
55	21	0
55	22	0
55	23	0
55	24	0
55	25	0
55	26	0
55	27	0
55	28	0
55	29	0
55	30	0
55	31	0
55	32	0
55	33	0
55	34	0
55	35	0
55	36	0
55	37	0
55	38	0
55	39	0
55	40	0
55	41	0
55	42	0
55	43	0
55	44	0
55	45	0
55	46	0
55	47	0
55	48	0
55	49	0
55	50	0
55	51	0
55	52	0
55	53	0
55	54	0
55	56	0
55	57	0
55	58	0
55	59	0
55	60	0
55	61	0
55	62	0
55	63	0
55	64	0
55	65	0
55	66	0
55	67	0
55	68	0
55	69	0
55	70	0
55	71	0
55	72	0
55	73	0
55	74	0
55	75	0
55	76	0
55	77	0
55	78	0
55	79	0
55	80	0
55	81	0
55	82	0
55	83	0
55	84	0
55	85	0
55	86	0
55	87	0
55	88	0
55	89	0
55	90	0
55	91	0
55	92	0
55	93	0
55	94	0
55	95	0
55	96	0
55	97	0
55	98	0
55	99	0
55	100	0
55	101	0
55	102	0
55	103	0
55	104	0
55	105	0
55	106	0
55	107	0
55	108	0
55	109	0
55	110	0
55	111	0
55	112	0
55	113	0
55	114	0
55	115	0
55	116	0
55	117	0
55	118	0
55	119	0
55	120	0
55	121	0
55	122	0
55	123	0
55	124	0
55	125	0
55	126	0
55	127	0
55	128	0
55	129	0
55	130	0
55	131	0
55	132	0
55	133	0
55	134	0
55	135	0
55	136	0
55	137	0
55	138	0
55	139	0
55	140	0
55	141	0
55	142	0
55	143	0
55	144	0
55	145	0
55	146	0
55	147	0
55	148	0
55	149	0
55	150	0
55	151	0
55	152	0
55	153	0
55	154	0
55	155	0
55	156	0
55	157	0
55	158	0
55	159	0
55	160	0
55	161	0
55	162	0
55	163	0
55	164	0
55	165	0
55	166	0
55	167	0
55	168	0
55	169	0
55	170	0
55	171	0
55	172	0
55	173	0
55	174	0
55	175	0
55	176	0
55	177	0
55	178	0
55	179	0
55	180	0
55	181	0
55	182	0
55	183	0
55	184	0
55	185	0
55	186	0
55	187	0
55	188	0
55	189	0
55	190	0
55	191	0
55	192	0
55	193	0
55	194	0
55	195	0
55	196	0
55	197	0
55	198	0
55	199	0
55	200	0
55	201	0
55	202	0
55	203	0
55	204	0
55	205	0
55	206	0
55	207	0
55	208	0
55	209	0
55	210	0
55	211	0
55	212	0
55	213	0
55	214	0
55	215	0
55	216	0
55	217	0
55	218	0
55	219	0
55	220	0
55	221	0
55	222	0
55	223	0
55	224	0
55	225	0
55	226	0
55	227	0
55	228	0
55	229	0
55	230	0
55	231	0
55	232	0
55	233	0
55	234	0
55	235	0
55	236	0
55	237	0
55	238	0
55	239	0
55	240	0
55	241	0
55	242	0
55	243	0
55	244	0
55	245	0
55	246	0
55	247	0
55	248	0
55	249	0
55	250	0
55	251	0
55	252	0
55	253	0
55	254	0
55	255	0
55	256	0
56	1	0
56	2	0
56	3	0
56	4	0
56	5	0
56	6	0
56	7	0
56	8	0
56	9	0
56	10	0
56	11	0
56	12	0
56	13	0
56	14	0
56	15	0
56	16	0
56	17	0
56	18	0
56	19	0
56	20	0
56	21	0
56	22	0
56	23	0
56	24	0
56	25	0
56	26	0
56	27	0
56	28	0
56	29	0
56	30	0
56	31	0
56	32	0
56	33	0
56	34	0
56	35	0
56	36	0
56	37	0
56	38	0
56	39	0
56	40	0
56	41	0
56	42	0
56	43	0
56	44	0
56	45	0
56	46	0
56	47	0
56	48	0
56	49	0
56	50	0
56	51	0
56	52	0
56	53	0
56	54	0
56	55	0
56	57	0
56	58	0
56	59	0
56	60	0
56	61	0
56	62	0
56	63	0
56	64	0
56	65	0
56	66	0
56	67	0
56	68	0
56	69	0
56	70	0
56	71	0
56	72	0
56	73	0
56	74	0
56	75	0
56	76	0
56	77	0
56	78	0
56	79	0
56	80	0
56	81	0
56	82	0
56	83	0
56	84	0
56	85	0
56	86	0
56	87	0
56	88	0
56	89	0
56	90	0
56	91	0
56	92	0
56	93	0
56	94	0
56	95	0
56	96	0
56	97	0
56	98	0
56	99	0
56	100	0
56	101	0
56	102	0
56	103	0
56	104	0
56	105	0
56	106	0
56	107	0
56	108	0
56	109	0
56	110	0
56	111	0
56	112	0
56	113	0
56	114	0
56	115	0
56	116	0
56	117	0
56	118	0
56	119	0
56	120	0
56	121	0
56	122	0
56	123	0
56	124	0
56	125	0
56	126	0
56	127	0
56	128	0
56	129	0
56	130	0
56	131	0
56	132	0
56	133	0
56	134	0
56	135	0
56	136	0
56	137	0
56	138	0
56	139	0
56	140	0
56	141	0
56	142	0
56	143	0
56	144	0
56	145	0
56	146	0
56	147	0
56	148	0
56	149	0
56	150	0
56	151	0
56	152	0
56	153	0
56	154	0
56	155	0
56	156	0
56	157	0
56	158	0
56	159	0
56	160	0
56	161	0
56	162	0
56	163	0
56	164	0
56	165	0
56	166	0
56	167	0
56	168	0
56	169	0
56	170	0
56	171	0
56	172	0
56	173	0
56	174	0
56	175	0
56	176	0
56	177	0
56	178	0
56	179	0
56	180	0
56	181	0
56	182	0
56	183	0
56	184	0
56	185	0
56	186	0
56	187	0
56	188	0
56	189	0
56	190	0
56	191	0
56	192	0
56	193	0
56	194	0
56	195	0
56	196	0
56	197	0
56	198	0
56	199	0
56	200	0
56	201	0
56	202	0
56	203	0
56	204	0
56	205	0
56	206	0
56	207	0
56	208	0
56	209	0
56	210	0
56	211	0
56	212	0
56	213	0
56	214	0
56	215	0
56	216	0
56	217	0
56	218	0
56	219	0
56	220	0
56	221	0
56	222	0
56	223	0
56	224	0
56	225	0
56	226	0
56	227	0
56	228	0
56	229	0
56	230	0
56	231	0
56	232	0
56	233	0
56	234	0
56	235	0
56	236	0
56	237	0
56	238	0
56	239	0
56	240	0
56	241	0
56	242	0
56	243	0
56	244	0
56	245	0
56	246	0
56	247	0
56	248	0
56	249	0
56	250	0
56	251	0
56	252	0
56	253	0
56	254	0
56	255	0
56	256	0
57	1	0.564269
57	2	0.51846
57	3	0.557829
57	4	0.545094
57	5	0.565581
57	6	0.564312
57	7	0.547139
57	8	0.555116
57	9	0.528906
57	10	0.536413
57	11	0.476432
57	12	0.485055
57	13	0.51534
57	14	0.470329
57	15	0.51319
57	16	0.520358
57	17	0.523745
57	18	0.511313
57	19	0.502992
57	20	0.490882
57	21	0
57	22	0.511999
57	23	0.389759
57	24	0.481785
57	25	0
57	26	0.467248
57	27	0.444375
57	28	0.462437
57	29	0.428351
57	30	0.455737
57	31	0.455912
57	32	0.464928
57	33	0
57	34	0.425725
57	35	0.468942
57	36	0.421102
57	37	0.457802
57	38	0.0688173
57	39	0.464478
57	40	0.464328
57	41	0.458571
57	42	0.438705
57	43	0.458877
57	44	0.441073
57	45	0.447407
57	46	0.45663
57	47	0.45271
57	48	0.418467
57	49	0.451377
57	50	0.43714
57	51	0.448028
57	52	0.449221
57	53	0.43604
57	54	0.332333
57	55	0.324599
57	56	0.322664
57	58	0
57	59	0
57	60	0
57	61	0
57	62	0.496061
57	63	0.474005
57	64	0.506591
57	65	0.681895
57	66	0.662978
57	67	0.636367
57	68	0.65944
57	69	0.666581
57	70	0.641535
57	71	0.649098
57	72	0.688885
57	73	0.655739
57	74	0.63803
57	75	0.722604
57	76	0.647363
57	77	0.660049
57	78	0.729318
57	79	0.670653
57	80	0.721852
57	81	0.698095
57	82	0.712635
57	83	0.673304
57	84	0.686722
57	85	0.705204
57	86	0.605447
57	87	0.614581
57	88	0.634812
57	89	0.661653
57	90	0.63025
57	91	0.653002
57	92	0.621421
57	93	0.635647
57	94	0.618025
57	95	0.633835
57	96	0.63148
57	97	0.61454
57	98	0.553137
57	99	0.619135
57	100	0.61365
57	101	0.60742
57	102	0.610198
57	103	0.557986
57	104	0.534988
57	105	0.59487
57	106	0.522817
57	107	0.474423
57	108	0.492843
57	109	0.500233
57	110	0.582146
57	111	0.584187
57	112	0.583852
57	113	0.516935
57	114	0.482793
57	115	0.558225
57	116	0.542111
57	117	0.574027
57	118	0.549806
57	119	0.567379
57	120	0.575958
57	121	0.570654
57	122	0.572695
57	123	0.55787
57	124	0.564587
57	125	0.561747
57	126	0.481066
57	127	0
57	128	0.554727
57	129	0.495224
57	130	0.476142
57	131	0.475357
57	132	0.472545
57	133	0.530658
57	134	0.531799
57	135	0.470743
57	136	0.468454
57	137	0.515166
57	138	0.478469
57	139	0.512941
57	140	0.478342
57	141	0.495688
57	142	0.488398
57	143	0.427803
57	144	0.448584
57	145	0.444293
57	146	0.435512
57	147	0.467762
57	148	0.459957
57	149	0.464526
57	150	0.433675
57	151	0.445065
57	152	0.441344
57	153	0.438095
57	154	0.448432
57	155	0.42637
57	156	0.461313
57	157	0.432003
57	158	0.437099
57	159	0.433627
57	160	0.454955
57	161	0.426989
57	162	0.430703
57	163	0.463061
57	164	0.438517
57	165	0.458102
57	166	0.423112
57	167	0.42312
57	168	0.439976
57	169	0.433083
57	170	0.446203
57	171	0.416887
57	172	0.418719
57	173	0.419751
57	174	0.440765
57	175	0.428175
57	176	0.429203
57	177	0.450345
57	178	0.323371
57	179	0.32937
57	180	0.325217
57	181	0.326279
57	182	0.316444
57	183	0.318626
57	184	0.319478
57	185	0.32056
57	186	0.317316
57	187	0
57	188	0
57	189	0
57	190	0
57	191	0
57	192	0
57	193	0
57	194	0
57	195	0
57	196	0
57	197	0
57	198	0
57	199	0
57	200	0
57	201	0
57	202	0
57	203	0
57	204	0
57	205	0
57	206	0
57	207	0.377581
57	208	0.371024
57	209	0.525115
57	210	0.381673
57	211	0.480943
57	212	0.443034
57	213	0.40028
57	214	0.366825
57	215	0.383371
57	216	0.379467
57	217	0.365481
57	218	0.175444
57	219	0.387319
57	220	0.186776
57	221	0.35064
57	222	0.355879
57	223	0.189221
57	224	0.206224
57	225	0.20439
57	226	0.200491
57	227	0.216348
57	228	0.18938
57	229	0.21136
57	230	0.205917
57	231	0.19015
57	232	0.190708
57	233	0.22802
57	234	0.208971
57	235	0.647423
57	236	0.243947
57	237	0.242185
57	238	0.261934
57	239	0.262921
57	240	0
57	241	0.604023
57	242	0.601284
57	243	0.541134
57	244	0.492444
57	245	0.554156
57	246	0.566813
57	247	0.577596
57	248	0.5788
57	249	0.491636
57	250	0
57	251	0.524405
57	252	0.573701
57	253	0.577137
57	254	0.507742
57	255	0.580724
57	256	0.563141
58	1	0.786929
58	2	0.723044
58	3	0.777947
58	4	0.760187
58	5	0.788758
58	6	0.786988
58	7	0.763039
58	8	0.774163
58	9	0.737611
58	10	0.74808
58	11	0.664431
58	12	0.676457
58	13	0.718693
58	14	0.65592
58	15	0.715694
58	16	0.72569
58	17	0.730414
58	18	0.713076
58	19	0.701472
58	20	0.684583
58	21	0
58	22	0.714033
58	23	0.543557
58	24	0.671896
58	25	0
58	26	0.651623
58	27	0.619725
58	28	0.644914
58	29	0.597377
58	30	0.63557
58	31	0.635814
58	32	0.648388
58	33	0
58	34	0.593715
58	35	0.653986
58	36	0.587268
58	37	0.63845
58	38	0.0959725
58	39	0.64776
58	40	0.647551
58	41	0.639523
58	42	0.611817
58	43	0.639949
58	44	0.61512
58	45	0.623953
58	46	0.636816
58	47	0.631349
58	48	0.583593
58	49	0.62949
58	50	0.609635
58	51	0.624819
58	52	0.626482
58	53	0.608101
58	54	0.463471
58	55	0.452685
58	56	0.449986
58	57	0
58	59	0
58	60	0
58	61	0
58	62	0.636195
58	63	0.607908
58	64	0.649699
58	65	0.874525
58	66	0.867502
58	67	0.848158
58	68	0.862872
58	69	0.878918
58	70	0.863625
58	71	0.868401
58	72	0.883491
58	73	0.894616
58	74	0.888427
58	75	0.926735
58	76	0.901423
58	77	0.919088
58	78	0.945759
58	79	0.933854
58	80	0.965888
58	81	0.972066
58	82	0.977143
58	83	0.938988
58	84	0.957701
58	85	0.984166
58	86	0.844355
58	87	0.857093
58	88	0.885307
58	89	0.92274
58	90	0.878945
58	91	0.910676
58	92	0.866632
58	93	0.886472
58	94	0.861896
58	95	0.883945
58	96	0.880661
58	97	0.857037
58	98	0.771403
58	99	0.863445
58	100	0.855794
58	101	0.847106
58	102	0.85098
58	103	0.778166
58	104	0.746093
58	105	0.829604
58	106	0.72912
58	107	0.661629
58	108	0.687318
58	109	0.697624
58	110	0.811859
58	111	0.814706
58	112	0.814239
58	113	0.720916
58	114	0.673302
58	115	0.7785
58	116	0.756027
58	117	0.800537
58	118	0.766758
58	119	0.791265
58	120	0.803229
58	121	0.795833
58	122	0.79868
58	123	0.778004
58	124	0.787373
58	125	0.783412
58	126	0.670893
58	127	0
58	128	0.773621
58	129	0.690638
58	130	0.664027
58	131	0.662932
58	132	0.659011
58	133	0.740055
58	134	0.741645
58	135	0.656497
58	136	0.653304
58	137	0.718449
58	138	0.667272
58	139	0.715346
58	140	0.667095
58	141	0.691285
58	142	0.681119
58	143	0.596613
58	144	0.625595
58	145	0.61961
58	146	0.607365
58	147	0.652341
58	148	0.641455
58	149	0.647827
58	150	0.604802
58	151	0.620687
58	152	0.615498
58	153	0.610967
58	154	0.625382
58	155	0.594615
58	156	0.643346
58	157	0.60247
58	158	0.609578
58	159	0.604735
58	160	0.634479
58	161	0.595478
58	162	0.600658
58	163	0.645785
58	164	0.611555
58	165	0.638868
58	166	0.590071
58	167	0.590083
58	168	0.613589
58	169	0.603977
58	170	0.622274
58	171	0.58139
58	172	0.583945
58	173	0.585384
58	174	0.614691
58	175	0.597132
58	176	0.598566
58	177	0.62805
58	178	0.450972
58	179	0.459339
58	180	0.453547
58	181	0.455028
58	182	0.441312
58	183	0.444356
58	184	0.445544
58	185	0.447052
58	186	0.442529
58	187	0
58	188	0
58	189	0
58	190	0
58	191	0
58	192	0
58	193	0
58	194	0
58	195	0
58	196	0
58	197	0
58	198	0
58	199	0
58	200	0
58	201	0
58	202	0
58	203	0
58	204	0
58	205	0
58	206	0
58	207	0.484761
58	208	0.476114
58	209	0.674174
58	210	0.490014
58	211	0.617464
58	212	0.568793
58	213	0.513903
58	214	0.470727
58	215	0.492195
58	216	0.487183
58	217	0.469227
58	218	0.229975
58	219	0.497264
58	220	0.244829
58	221	0.450172
58	222	0.456899
58	223	0.248033
58	224	0.270321
58	225	0.267917
58	226	0.262807
58	227	0.283592
58	228	0.248243
58	229	0.277054
58	230	0.269919
58	231	0.249251
58	232	0.249983
58	233	0.298892
58	234	0.273922
58	235	0.864936
58	236	0.319769
58	237	0.317459
58	238	0.343346
58	239	0.344641
58	240	0
58	241	0.84237
58	242	0.83855
58	243	0.754665
58	244	0.686762
58	245	0.772825
58	246	0.790476
58	247	0.805514
58	248	0.807193
58	249	0.685634
58	250	0
58	251	0.731335
58	252	0.800082
58	253	0.804874
58	254	0.708095
58	255	0.809876
58	256	0.785355
59	1	0.37587
59	2	0.345356
59	3	0.37158
59	4	0.363097
59	5	0.376744
59	6	0.375899
59	7	0.36446
59	8	0.369773
59	9	0.352314
59	10	0.357315
59	11	0.31736
59	12	0.323104
59	13	0.343278
59	14	0.313295
59	15	0.341845
59	16	0.34662
59	17	0.348876
59	18	0.340595
59	19	0.335052
59	20	0.326985
59	21	0
59	22	0.341052
59	23	0.259626
59	24	0.320926
59	25	0
59	26	0.311243
59	27	0.296007
59	28	0.308038
59	29	0.285332
59	30	0.303575
59	31	0.303691
59	32	0.309697
59	33	0
59	34	0.283583
59	35	0.312371
59	36	0.280504
59	37	0.304951
59	38	0.0458405
59	39	0.309397
59	40	0.309298
59	41	0.305463
59	42	0.292229
59	43	0.305667
59	44	0.293807
59	45	0.298026
59	46	0.30417
59	47	0.301559
59	48	0.278749
59	49	0.300671
59	50	0.291187
59	51	0.29844
59	52	0.299234
59	53	0.290454
59	54	0.221373
59	55	0.216221
59	56	0.214932
59	57	0
59	58	0
59	60	0
59	61	0
59	62	0.330435
59	63	0.315743
59	64	0.33745
59	65	0.454223
59	66	0.441622
59	67	0.423896
59	68	0.439265
59	69	0.444022
59	70	0.427338
59	71	0.432376
59	72	0.45888
59	73	0.4368
59	74	0.425003
59	75	0.48134
59	76	0.43122
59	77	0.439671
59	78	0.485812
59	79	0.446735
59	80	0.480839
59	81	0.465014
59	82	0.474699
59	83	0.4485
59	84	0.457439
59	85	0.46975
59	86	0.403299
59	87	0.409384
59	88	0.42286
59	89	0.440739
59	90	0.419821
59	91	0.434977
59	92	0.41394
59	93	0.423416
59	94	0.411678
59	95	0.42221
59	96	0.420641
59	97	0.409357
59	98	0.368455
59	99	0.412418
59	100	0.408763
59	101	0.404614
59	102	0.406464
59	103	0.371685
59	104	0.356366
59	105	0.396254
59	106	0.348258
59	107	0.316022
59	108	0.328292
59	109	0.333215
59	110	0.387778
59	111	0.389138
59	112	0.388915
59	113	0.34434
59	114	0.321597
59	115	0.371844
59	116	0.36111
59	117	0.38237
59	118	0.366236
59	119	0.377942
59	120	0.383656
59	121	0.380123
59	122	0.381483
59	123	0.371608
59	124	0.376082
59	125	0.37419
59	126	0.320447
59	127	0
59	128	0.369514
59	129	0.329878
59	130	0.317167
59	131	0.316644
59	132	0.314771
59	133	0.353481
59	134	0.354241
59	135	0.31357
59	136	0.312046
59	137	0.343161
59	138	0.318717
59	139	0.341679
59	140	0.318633
59	141	0.330187
59	142	0.325331
59	143	0.284967
59	144	0.29881
59	145	0.295952
59	146	0.290103
59	147	0.311585
59	148	0.306386
59	149	0.30943
59	150	0.288879
59	151	0.296466
59	152	0.293988
59	153	0.291824
59	154	0.298709
59	155	0.284013
59	156	0.307289
59	157	0.287765
59	158	0.29116
59	159	0.288847
59	160	0.303054
59	161	0.284425
59	162	0.286899
59	163	0.308454
59	164	0.292105
59	165	0.30515
59	166	0.281843
59	167	0.281848
59	168	0.293076
59	169	0.288485
59	170	0.297224
59	171	0.277696
59	172	0.278917
59	173	0.279604
59	174	0.293602
59	175	0.285215
59	176	0.2859
59	177	0.299983
59	178	0.215403
59	179	0.2194
59	180	0.216633
59	181	0.21734
59	182	0.210789
59	183	0.212243
59	184	0.212811
59	185	0.213531
59	186	0.21137
59	187	0
59	188	0
59	189	0
59	190	0
59	191	0
59	192	0
59	193	0
59	194	0
59	195	0
59	196	0
59	197	0
59	198	0
59	199	0
59	200	0
59	201	0
59	202	0
59	203	0
59	204	0
59	205	0
59	206	0
59	207	0.251514
59	208	0.247146
59	209	0.349789
59	210	0.254239
59	211	0.320365
59	212	0.295113
59	213	0.266634
59	214	0.244349
59	215	0.255371
59	216	0.25277
59	217	0.243454
59	218	0.194682
59	219	0.258001
59	220	0.207257
59	221	0.233568
59	222	0.237057
59	223	0.209969
59	224	0.228837
59	225	0.226802
59	226	0.222476
59	227	0.240071
59	228	0.210147
59	229	0.234536
59	230	0.228497
59	231	0.211
59	232	0.21162
59	233	0.253023
59	234	0.231885
59	235	0.431261
59	236	0.270696
59	237	0.268741
59	238	0.290655
59	239	0.291751
59	240	0
59	241	0.402351
59	242	0.400527
59	243	0.36046
59	244	0.328026
59	245	0.369134
59	246	0.377565
59	247	0.384747
59	248	0.38555
59	249	0.327488
59	250	0
59	251	0.349316
59	252	0.382153
59	253	0.384442
59	254	0.338216
59	255	0.386831
59	256	0.375119
60	1	0.416837
60	2	0.382997
60	3	0.41208
60	4	0.402672
60	5	0.417806
60	6	0.416869
60	7	0.404183
60	8	0.410075
60	9	0.390714
60	10	0.396259
60	11	0.35195
60	12	0.35832
60	13	0.380693
60	14	0.347442
60	15	0.379104
60	16	0.384399
60	17	0.386901
60	18	0.377717
60	19	0.37157
60	20	0.362624
60	21	0
60	22	0.378224
60	23	0.287923
60	24	0.355904
60	25	0
60	26	0.345166
60	27	0.328269
60	28	0.341612
60	29	0.316431
60	30	0.336662
60	31	0.336791
60	32	0.343452
60	33	0
60	34	0.314492
60	35	0.346417
60	36	0.311077
60	37	0.338188
60	38	0.0508367
60	39	0.343119
60	40	0.343009
60	41	0.338756
60	42	0.32408
60	43	0.338982
60	44	0.32583
60	45	0.330509
60	46	0.337322
60	47	0.334426
60	48	0.30913
60	49	0.333442
60	50	0.322924
60	51	0.330967
60	52	0.331849
60	53	0.322112
60	54	0.245501
60	55	0.239788
60	56	0.238358
60	57	0
60	58	0
60	59	0
60	61	0
60	62	0.36645
60	63	0.350157
60	64	0.374229
60	65	0.50373
60	66	0.489756
60	67	0.470097
60	68	0.487142
60	69	0.492417
60	70	0.473915
60	71	0.479502
60	72	0.508894
60	73	0.484408
60	74	0.471326
60	75	0.533803
60	76	0.47822
60	77	0.487592
60	78	0.538762
60	79	0.495425
60	80	0.533247
60	81	0.515697
60	82	0.526438
60	83	0.497384
60	84	0.507296
60	85	0.520949
60	86	0.447256
60	87	0.454003
60	88	0.468948
60	89	0.488777
60	90	0.465579
60	91	0.482386
60	92	0.459056
60	93	0.469566
60	94	0.456548
60	95	0.468227
60	96	0.466488
60	97	0.453974
60	98	0.408613
60	99	0.457368
60	100	0.453316
60	101	0.448713
60	102	0.450766
60	103	0.412196
60	104	0.395207
60	105	0.439442
60	106	0.386216
60	107	0.350466
60	108	0.364073
60	109	0.369533
60	110	0.430043
60	111	0.431551
60	112	0.431304
60	113	0.38187
60	114	0.356649
60	115	0.412372
60	116	0.400468
60	117	0.424046
60	118	0.406153
60	119	0.419134
60	120	0.425472
60	121	0.421554
60	122	0.423062
60	123	0.41211
60	124	0.417072
60	125	0.414974
60	126	0.355373
60	127	0
60	128	0.409788
60	129	0.365832
60	130	0.351736
60	131	0.351156
60	132	0.349079
60	133	0.392008
60	134	0.392851
60	135	0.347747
60	136	0.346056
60	137	0.380563
60	138	0.353455
60	139	0.37892
60	140	0.353361
60	141	0.366175
60	142	0.36079
60	143	0.316027
60	144	0.331379
60	145	0.328208
60	146	0.321722
60	147	0.345546
60	148	0.339779
60	149	0.343155
60	150	0.320364
60	151	0.328779
60	152	0.32603
60	153	0.32363
60	154	0.331266
60	155	0.314968
60	156	0.340781
60	157	0.319129
60	158	0.322894
60	159	0.320329
60	160	0.336084
60	161	0.315426
60	162	0.318169
60	163	0.342073
60	164	0.323942
60	165	0.338409
60	166	0.312562
60	167	0.312567
60	168	0.325019
60	169	0.319928
60	170	0.32962
60	171	0.307963
60	172	0.309317
60	173	0.310079
60	174	0.325602
60	175	0.316302
60	176	0.317061
60	177	0.332679
60	178	0.238881
60	179	0.243313
60	180	0.240244
60	181	0.241029
60	182	0.233764
60	183	0.235376
60	184	0.236005
60	185	0.236804
60	186	0.234408
60	187	0
60	188	0
60	189	0
60	190	0
60	191	0
60	192	0
60	193	0
60	194	0
60	195	0
60	196	0
60	197	0
60	198	0
60	199	0
60	200	0
60	201	0
60	202	0
60	203	0
60	204	0
60	205	0
60	206	0
60	207	0.278927
60	208	0.274083
60	209	0.387913
60	210	0.281949
60	211	0.355282
60	212	0.327278
60	213	0.295695
60	214	0.270981
60	215	0.283204
60	216	0.28032
60	217	0.269988
60	218	0.160772
60	219	0.286121
60	220	0.171157
60	221	0.259025
60	222	0.262895
60	223	0.173396
60	224	0.188978
60	225	0.187297
60	226	0.183725
60	227	0.198255
60	228	0.173543
60	229	0.193684
60	230	0.188696
60	231	0.174248
60	232	0.174759
60	233	0.208951
60	234	0.191495
60	235	0.478265
60	236	0.223546
60	237	0.221931
60	238	0.240028
60	239	0.240933
60	240	0
60	241	0.446204
60	242	0.444181
60	243	0.399747
60	244	0.363779
60	245	0.409366
60	246	0.418716
60	247	0.426682
60	248	0.427572
60	249	0.363181
60	250	0
60	251	0.387389
60	252	0.423805
60	253	0.426343
60	254	0.375079
60	255	0.428992
60	256	0.416004
61	1	0.875168
61	2	0.79631
61	3	0.840401
61	4	0.817713
61	5	0.871978
61	6	0.864733
61	7	0.84592
61	8	0.877484
61	9	0.829659
61	10	0.847598
61	11	0.714711
61	12	0.767726
61	13	0.82544
61	14	0.712682
61	15	0.821996
61	16	0.81493
61	17	0.838903
61	18	0.818989
61	19	0.789349
61	20	0.764436
61	21	0
61	22	0.817436
61	23	0.623177
61	24	0.775543
61	25	0
61	26	0.742515
61	27	0.709146
61	28	0.735304
61	29	0.689635
61	30	0.72761
61	31	0.727889
61	32	0.742284
61	33	0
61	34	0.680683
61	35	0.748693
61	36	0.673291
61	37	0.731219
61	38	0.110794
61	39	0.741566
61	40	0.741326
61	41	0.732135
61	42	0.700996
61	43	0.732623
61	44	0.704941
61	45	0.715064
61	46	0.729036
61	47	0.723539
61	48	0.668451
61	49	0.721409
61	50	0.697919
61	51	0.716308
61	52	0.718215
61	53	0.697142
61	54	0.530862
61	55	0.518508
61	56	0.515417
61	57	0
61	58	0
61	59	0
61	60	0
61	62	0.529792
61	63	0.499701
61	64	0.541038
61	65	0.724489
61	66	0.73582
61	67	0.719411
61	68	0.731893
61	69	0.745503
61	70	0.732531
61	71	0.736582
61	72	0.727889
61	73	0.758818
61	74	0.753568
61	75	0.746423
61	76	0.764592
61	77	0.779575
61	78	0.761746
61	79	0.792099
61	80	0.777958
61	81	0.793355
61	82	0.787023
61	83	0.798991
61	84	0.811395
61	85	0.795766
61	86	0.866134
61	87	0.8792
61	88	0.879149
61	89	0.848739
61	90	0.862506
61	91	0.859972
61	92	0.896538
61	93	0.879254
61	94	0.893669
61	95	0.869805
61	96	0.854628
61	97	0.910741
61	98	0.886122
61	99	0.901484
61	100	0.908444
61	101	0.914993
61	102	0.906862
61	103	0.808469
61	104	0.782328
61	105	0.872826
61	106	0.764531
61	107	0.710015
61	108	0.737583
61	109	0.738944
61	110	0.857823
61	111	0.863717
61	112	0.863794
61	113	0.775343
61	114	0.724134
61	115	0.837274
61	116	0.813104
61	117	0.863732
61	118	0.824646
61	119	0.851143
61	120	0.878192
61	121	0.889993
61	122	0.872419
61	123	0.836878
61	124	0.850972
61	125	0.86022
61	126	0.721662
61	127	0
61	128	0.85766
61	129	0.742901
61	130	0.714276
61	131	0.713098
61	132	0.70888
61	133	0.837973
61	134	0.850753
61	135	0.709607
61	136	0.716396
61	137	0.829624
61	138	0.765439
61	139	0.821368
61	140	0.759978
61	141	0.792984
61	142	0.786518
61	143	0.688935
61	144	0.722402
61	145	0.710764
61	146	0.70135
61	147	0.74831
61	148	0.740715
61	149	0.748074
61	150	0.698391
61	151	0.716735
61	152	0.710742
61	153	0.70551
61	154	0.717386
61	155	0.682092
61	156	0.737992
61	157	0.691103
61	158	0.703906
61	159	0.698314
61	160	0.727821
61	161	0.683083
61	162	0.693605
61	163	0.74079
61	164	0.701525
61	165	0.732856
61	166	0.681381
61	167	0.681394
61	168	0.703858
61	169	0.692832
61	170	0.713821
61	171	0.666922
61	172	0.674307
61	173	0.671503
61	174	0.705122
61	175	0.68498
61	176	0.686624
61	177	0.720446
61	178	0.517318
61	179	0.526915
61	180	0.520271
61	181	0.52197
61	182	0.506236
61	183	0.509727
61	184	0.511091
61	185	0.512821
61	186	0.507632
61	187	0
61	188	0
61	189	0
61	190	0
61	191	0
61	192	0
61	193	0
61	194	0
61	195	0
61	196	0
61	197	0
61	198	0
61	199	0
61	200	0
61	201	0
61	202	0
61	203	0
61	204	0
61	205	0
61	206	0
61	207	0.403686
61	208	0.391367
61	209	0.561419
61	210	0.40806
61	211	0.514194
61	212	0.473664
61	213	0.427954
61	214	0.386938
61	215	0.409876
61	216	0.405702
61	217	0.385705
61	218	0.185229
61	219	0.414097
61	220	0.197194
61	221	0.370042
61	222	0.368001
61	223	0.199774
61	224	0.217725
61	225	0.215789
61	226	0.211673
61	227	0.228415
61	228	0.199943
61	229	0.223148
61	230	0.217402
61	231	0.200755
61	232	0.201344
61	233	0.240738
61	234	0.220626
61	235	0.733643
61	236	0.257552
61	237	0.255692
61	238	0.276542
61	239	0.277585
61	240	0
61	241	0.862576
61	242	0.85884
61	243	0.804862
61	244	0.737559
61	245	0.819316
61	246	0.837616
61	247	0.853179
61	248	0.873772
61	249	0.737287
61	250	0
61	251	0.78643
61	252	0.858491
61	253	0.869684
61	254	0.76144
61	255	0.863153
61	256	0.838082
62	1	0.532338
62	2	0.489121
62	3	0.526262
62	4	0.514248
62	5	0.533576
62	6	0.532379
62	7	0.516178
62	8	0.523702
62	9	0.498976
62	10	0.506058
62	11	0.449471
62	12	0.457607
62	13	0.486178
62	14	0.443714
62	15	0.484149
62	16	0.490912
62	17	0.494107
62	18	0.482378
62	19	0.474528
62	20	0.463103
62	21	0
62	22	0.483026
62	23	0.367703
62	24	0.454521
62	25	0
62	26	0.440807
62	27	0.419229
62	28	0.436269
62	29	0.404111
62	30	0.429948
62	31	0.430112
62	32	0.438619
62	33	0
62	34	0.401634
62	35	0.442405
62	36	0.397273
62	37	0.431896
62	38	0.064923
62	39	0.438194
62	40	0.438053
62	41	0.432621
62	42	0.413879
62	43	0.43291
62	44	0.416114
62	45	0.422089
62	46	0.43079
62	47	0.427092
62	48	0.394786
62	49	0.425834
62	50	0.412403
62	51	0.422675
62	52	0.4238
62	53	0.411365
62	54	0.313527
62	55	0.30623
62	56	0.304405
62	57	0
62	58	0
62	59	0
62	60	0
62	61	0
62	63	0.71342
62	64	0.777663
62	65	0.725968
62	66	0.705332
62	67	0.67702
62	68	0.701568
62	69	0.709165
62	70	0.682518
62	71	0.690565
62	72	0.706131
62	73	0.69763
62	74	0.677168
62	75	0.685759
62	76	0.681084
62	77	0.678632
62	78	0.672197
62	79	0.664031
62	80	0.658663
62	81	0.642553
62	82	0.650252
62	83	0.661481
62	84	0.651536
62	85	0.643472
62	86	0.571186
62	87	0.579803
62	88	0.598889
62	89	0.624211
62	90	0.594585
62	91	0.61605
62	92	0.586255
62	93	0.599677
62	94	0.583052
62	95	0.597968
62	96	0.595746
62	97	0.579764
62	98	0.521836
62	99	0.584099
62	100	0.578924
62	101	0.573047
62	102	0.575668
62	103	0.52641
62	104	0.504714
62	105	0.561207
62	106	0.493232
62	107	0.447576
62	108	0.464954
62	109	0.471926
62	110	0.549203
62	111	0.551129
62	112	0.550813
62	113	0.487682
62	114	0.455472
62	115	0.526636
62	116	0.511434
62	117	0.541544
62	118	0.518693
62	119	0.535272
62	120	0.543365
62	121	0.538361
62	122	0.540287
62	123	0.526301
62	124	0.532638
62	125	0.529959
62	126	0.453843
62	127	0
62	128	0.523336
62	129	0.4672
62	130	0.449198
62	131	0.448457
62	132	0.445805
62	133	0.500629
62	134	0.501705
62	135	0.444104
62	136	0.441944
62	137	0.486013
62	138	0.451393
62	139	0.483914
62	140	0.451274
62	141	0.467638
62	142	0.460761
62	143	0.403594
62	144	0.4232
62	145	0.419151
62	146	0.410867
62	147	0.441293
62	148	0.433928
62	149	0.438239
62	150	0.409134
62	151	0.41988
62	152	0.416369
62	153	0.413304
62	154	0.423056
62	155	0.402242
62	156	0.435208
62	157	0.407556
62	158	0.412365
62	159	0.409089
62	160	0.42921
62	161	0.402826
62	162	0.40633
62	163	0.436857
62	164	0.413702
62	165	0.432179
62	166	0.399169
62	167	0.399176
62	168	0.415078
62	169	0.408576
62	170	0.420953
62	171	0.393296
62	172	0.395025
62	173	0.395998
62	174	0.415823
62	175	0.403945
62	176	0.404915
62	177	0.42486
62	178	0.305072
62	179	0.310732
62	180	0.306813
62	181	0.307815
62	182	0.298537
62	183	0.300596
62	184	0.3014
62	185	0.30242
62	186	0.29936
62	187	0
62	188	0
62	189	0
62	190	0
62	191	0
62	192	0
62	193	0
62	194	0
62	195	0
62	196	0
62	197	0
62	198	0
62	199	0
62	200	0
62	201	0
62	202	0
62	203	0
62	204	0
62	205	0
62	206	0
62	207	0.661628
62	208	0.701104
62	209	0.939935
62	210	0.648723
62	211	0.730724
62	212	0.688304
62	213	0.674785
62	214	0.656007
62	215	0.647238
62	216	0.637281
62	217	0.648144
62	218	0.163621
62	219	0.616982
62	220	0.17419
62	221	0.621824
62	222	0.597084
62	223	0.176469
62	224	0.192327
62	225	0.190616
62	226	0.186981
62	227	0.201769
62	228	0.176618
62	229	0.197117
62	230	0.192041
62	231	0.177336
62	232	0.177856
62	233	0.212654
62	234	0.194889
62	235	0.688783
62	236	0.227508
62	237	0.225864
62	238	0.244282
62	239	0.245203
62	240	0
62	241	0.569842
62	242	0.567259
62	243	0.510512
62	244	0.464578
62	245	0.522797
62	246	0.534738
62	247	0.54491
62	248	0.546047
62	249	0.463815
62	250	0
62	251	0.49473
62	252	0.541236
62	253	0.544477
62	254	0.479009
62	255	0.547861
62	256	0.531274
63	1	0.502102
63	2	0.46134
63	3	0.496371
63	4	0.485039
63	5	0.50327
63	6	0.50214
63	7	0.486859
63	8	0.493957
63	9	0.470635
63	10	0.477315
63	11	0.423942
63	12	0.431615
63	13	0.458564
63	14	0.418512
63	15	0.45665
63	16	0.463029
63	17	0.466043
63	18	0.45498
63	19	0.447576
63	20	0.4368
63	21	0
63	22	0.455591
63	23	0.346818
63	24	0.428705
63	25	0
63	26	0.41577
63	27	0.395417
63	28	0.411489
63	29	0.381158
63	30	0.405527
63	31	0.405683
63	32	0.413706
63	33	0
63	34	0.378822
63	35	0.417277
63	36	0.374708
63	37	0.407365
63	38	0.0612355
63	39	0.413305
63	40	0.413172
63	41	0.408049
63	42	0.390371
63	43	0.408321
63	44	0.392479
63	45	0.398115
63	46	0.406322
63	47	0.402834
63	48	0.372363
63	49	0.401648
63	50	0.388979
63	51	0.398667
63	52	0.399729
63	53	0.388
63	54	0.295719
63	55	0.288837
63	56	0.287115
63	57	0
63	58	0
63	59	0
63	60	0
63	61	0
63	62	0.71342
63	64	0.788762
63	65	0.688302
63	66	0.66527
63	67	0.638566
63	68	0.66172
63	69	0.668885
63	70	0.643752
63	71	0.651342
63	72	0.674735
63	73	0.658006
63	74	0.638706
63	75	0.655269
63	76	0.6424
63	77	0.640087
63	78	0.64231
63	79	0.626315
63	80	0.629377
63	81	0.608664
63	82	0.62134
63	83	0.62391
63	84	0.614529
63	85	0.614862
63	86	0.538743
63	87	0.546871
63	88	0.564873
63	89	0.588757
63	90	0.560814
63	91	0.581059
63	92	0.552957
63	93	0.565616
63	94	0.549935
63	95	0.564004
63	96	0.561908
63	97	0.546835
63	98	0.492196
63	99	0.550923
63	100	0.546042
63	101	0.540499
63	102	0.542971
63	103	0.496511
63	104	0.476047
63	105	0.529331
63	106	0.465217
63	107	0.422154
63	108	0.438545
63	109	0.445121
63	110	0.518009
63	111	0.519826
63	112	0.519528
63	113	0.459982
63	114	0.429602
63	115	0.496724
63	116	0.482385
63	117	0.510785
63	118	0.489232
63	119	0.504869
63	120	0.512503
63	121	0.507783
63	122	0.5096
63	123	0.496408
63	124	0.502385
63	125	0.499858
63	126	0.428065
63	127	0
63	128	0.493611
63	129	0.440664
63	130	0.423684
63	131	0.422985
63	132	0.420484
63	133	0.472194
63	134	0.473209
63	135	0.41888
63	136	0.416843
63	137	0.458408
63	138	0.425755
63	139	0.456428
63	140	0.425642
63	141	0.441077
63	142	0.43459
63	143	0.380671
63	144	0.399163
63	145	0.395344
63	146	0.387531
63	147	0.416228
63	148	0.409282
63	149	0.413348
63	150	0.385896
63	151	0.396031
63	152	0.39272
63	153	0.389829
63	154	0.399027
63	155	0.379396
63	156	0.410489
63	157	0.384408
63	158	0.388943
63	159	0.385853
63	160	0.404831
63	161	0.379947
63	162	0.383251
63	163	0.412045
63	164	0.390205
63	165	0.407632
63	166	0.376497
63	167	0.376504
63	168	0.391502
63	169	0.385369
63	170	0.397044
63	171	0.370958
63	172	0.372588
63	173	0.373506
63	174	0.392205
63	175	0.381002
63	176	0.381916
63	177	0.400729
63	178	0.287744
63	179	0.293083
63	180	0.289387
63	181	0.290332
63	182	0.28158
63	183	0.283522
63	184	0.284281
63	185	0.285243
63	186	0.282357
63	187	0
63	188	0
63	189	0
63	190	0
63	191	0
63	192	0
63	193	0
63	194	0
63	195	0
63	196	0
63	197	0
63	198	0
63	199	0
63	200	0
63	201	0
63	202	0
63	203	0
63	204	0
63	205	0
63	206	0
63	207	0.48069
63	208	0.782742
63	209	0.722648
63	210	0.471314
63	211	0.554472
63	212	0.504902
63	213	0.490248
63	214	0.773885
63	215	0.470235
63	216	0.463001
63	217	0.764609
63	218	0.156346
63	219	0.448253
63	220	0.166445
63	221	0.73356
63	222	0.704374
63	223	0.168623
63	224	0.183775
63	225	0.182141
63	226	0.178667
63	227	0.192798
63	228	0.168765
63	229	0.188352
63	230	0.183502
63	231	0.169451
63	232	0.169948
63	233	0.203199
63	234	0.186223
63	235	0.649661
63	236	0.217392
63	237	0.215822
63	238	0.233421
63	239	0.234301
63	240	0
63	241	0.537476
63	242	0.535039
63	243	0.481516
63	244	0.43819
63	245	0.493103
63	246	0.504365
63	247	0.51396
63	248	0.515032
63	249	0.437471
63	250	0
63	251	0.46663
63	252	0.510495
63	253	0.513552
63	254	0.451802
63	255	0.516744
63	256	0.501098
64	1	0.543638
64	2	0.499504
64	3	0.537433
64	4	0.525164
64	5	0.544902
64	6	0.543679
64	7	0.527134
64	8	0.534819
64	9	0.509568
64	10	0.5168
64	11	0.459012
64	12	0.46732
64	13	0.496498
64	14	0.453133
64	15	0.494426
64	16	0.501332
64	17	0.504596
64	18	0.492618
64	19	0.484601
64	20	0.472934
64	21	0
64	22	0.493279
64	23	0.375508
64	24	0.464169
64	25	0
64	26	0.450164
64	27	0.428128
64	28	0.445529
64	29	0.412689
64	30	0.439074
64	31	0.439242
64	32	0.447929
64	33	0
64	34	0.410159
64	35	0.451796
64	36	0.405706
64	37	0.441064
64	38	0.0663012
64	39	0.447495
64	40	0.447351
64	41	0.441805
64	42	0.422664
64	43	0.442099
64	44	0.424947
64	45	0.431049
64	46	0.439935
64	47	0.436158
64	48	0.403167
64	49	0.434874
64	50	0.421157
64	51	0.431647
64	52	0.432796
64	53	0.420097
64	54	0.320182
64	55	0.312731
64	56	0.310866
64	57	0
64	58	0
64	59	0
64	60	0
64	61	0
64	62	0.777663
64	63	0.788762
64	65	0.741378
64	66	0.720304
64	67	0.691391
64	68	0.71646
64	69	0.724218
64	70	0.697006
64	71	0.705223
64	72	0.72112
64	73	0.712439
64	74	0.691542
64	75	0.700316
64	76	0.695542
64	77	0.693037
64	78	0.686466
64	79	0.678127
64	80	0.672644
64	81	0.656193
64	82	0.664055
64	83	0.675522
64	84	0.665366
64	85	0.657131
64	86	0.58331
64	87	0.59211
64	88	0.611601
64	89	0.637461
64	90	0.607206
64	91	0.629127
64	92	0.5987
64	93	0.612406
64	94	0.595428
64	95	0.61066
64	96	0.608392
64	97	0.592071
64	98	0.532912
64	99	0.596498
64	100	0.591213
64	101	0.585211
64	102	0.587887
64	103	0.537585
64	104	0.515427
64	105	0.573119
64	106	0.503702
64	107	0.457077
64	108	0.474823
64	109	0.481943
64	110	0.560861
64	111	0.562828
64	112	0.562505
64	113	0.498034
64	114	0.46514
64	115	0.537815
64	116	0.52229
64	117	0.553039
64	118	0.529703
64	119	0.546634
64	120	0.554899
64	121	0.549789
64	122	0.551756
64	123	0.537473
64	124	0.543945
64	125	0.541208
64	126	0.463476
64	127	0
64	128	0.534445
64	129	0.477117
64	130	0.458733
64	131	0.457976
64	132	0.455268
64	133	0.511256
64	134	0.512355
64	135	0.453531
64	136	0.451326
64	137	0.49633
64	138	0.460975
64	139	0.494186
64	140	0.460853
64	141	0.477564
64	142	0.470541
64	143	0.412161
64	144	0.432183
64	145	0.428048
64	146	0.419589
64	147	0.45066
64	148	0.443139
64	149	0.447542
64	150	0.417818
64	151	0.428793
64	152	0.425207
64	153	0.422077
64	154	0.432036
64	155	0.410781
64	156	0.444446
64	157	0.416208
64	158	0.421118
64	159	0.417772
64	160	0.43832
64	161	0.411377
64	162	0.414955
64	163	0.446131
64	164	0.422484
64	165	0.441353
64	166	0.407642
64	167	0.40765
64	168	0.423889
64	169	0.417249
64	170	0.429889
64	171	0.401645
64	172	0.40341
64	173	0.404404
64	174	0.42465
64	175	0.41252
64	176	0.41351
64	177	0.433879
64	178	0.311547
64	179	0.317328
64	180	0.313326
64	181	0.314349
64	182	0.304874
64	183	0.306976
64	184	0.307797
64	185	0.308839
64	186	0.305714
64	187	0
64	188	0
64	189	0
64	190	0
64	191	0
64	192	0
64	193	0
64	194	0
64	195	0
64	196	0
64	197	0
64	198	0
64	199	0
64	200	0
64	201	0
64	202	0
64	203	0
64	204	0
64	205	0
64	206	0
64	207	0.543533
64	208	0.619558
64	209	0.817124
64	210	0.532931
64	211	0.626961
64	212	0.57091
64	213	0.554341
64	214	0.612547
64	215	0.531711
64	216	0.523532
64	217	0.605205
64	218	0.167094
64	219	0.506856
64	220	0.177887
64	221	0.580629
64	222	0.557527
64	223	0.180215
64	224	0.196409
64	225	0.194662
64	226	0.19095
64	227	0.206052
64	228	0.180367
64	229	0.201301
64	230	0.196117
64	231	0.1811
64	232	0.181632
64	233	0.217168
64	234	0.199025
64	235	0.703403
64	236	0.232337
64	237	0.230659
64	238	0.249468
64	239	0.250408
64	240	0
64	241	0.581938
64	242	0.5793
64	243	0.521349
64	244	0.474439
64	245	0.533894
64	246	0.546088
64	247	0.556477
64	248	0.557638
64	249	0.47366
64	250	0
64	251	0.505232
64	252	0.552725
64	253	0.556035
64	254	0.489177
64	255	0.559491
64	256	0.542551
65	1	0.72797
65	2	0.668872
65	3	0.719661
65	4	0.703232
65	5	0.729663
65	6	0.728025
65	7	0.705871
65	8	0.716161
65	9	0.682348
65	10	0.692032
65	11	0.61465
65	12	0.625775
65	13	0.664847
65	14	0.606777
65	15	0.662072
65	16	0.67132
65	17	0.67569
65	18	0.65965
65	19	0.648916
65	20	0.633292
65	21	0
65	22	0.660536
65	23	0.502832
65	24	0.621556
65	25	0
65	26	0.602802
65	27	0.573294
65	28	0.596596
65	29	0.55262
65	30	0.587952
65	31	0.588177
65	32	0.599809
65	33	0
65	34	0.549233
65	35	0.604988
65	36	0.543269
65	37	0.590616
65	38	0.088782
65	39	0.599228
65	40	0.599035
65	41	0.591608
65	42	0.565978
65	43	0.592003
65	44	0.569034
65	45	0.577205
65	46	0.589104
65	47	0.584046
65	48	0.539869
65	49	0.582327
65	50	0.56396
65	51	0.578006
65	52	0.579545
65	53	0.56254
65	54	0.428747
65	55	0.418769
65	56	0.416272
65	57	0
65	58	0
65	59	0
65	60	0
65	61	0
65	62	0.725968
65	63	0.688302
65	64	0.741378
65	66	0.964538
65	67	0.925822
65	68	0.959391
65	69	0.96978
65	70	0.933341
65	71	0.944344
65	72	0.970661
65	73	0.954006
65	74	0.926024
65	75	0.942658
65	76	0.93138
65	77	0.928026
65	78	0.924015
65	79	0.90806
65	80	0.905411
65	81	0.878689
65	82	0.893849
65	83	0.904572
65	84	0.890972
65	85	0.884529
65	86	0.781094
65	87	0.792878
65	88	0.818978
65	89	0.853606
65	90	0.813093
65	91	0.842446
65	92	0.801702
65	93	0.820056
65	94	0.797321
65	95	0.817718
65	96	0.81468
65	97	0.792825
65	98	0.713608
65	99	0.798753
65	100	0.791676
65	101	0.783639
65	102	0.787223
65	103	0.719864
65	104	0.690194
65	105	0.767448
65	106	0.674493
65	107	0.612058
65	108	0.635822
65	109	0.645357
65	110	0.751033
65	111	0.753667
65	112	0.753235
65	113	0.666903
65	114	0.622856
65	115	0.720173
65	116	0.699383
65	117	0.740559
65	118	0.709311
65	119	0.731982
65	120	0.74305
65	121	0.736207
65	122	0.738841
65	123	0.719714
65	124	0.728381
65	125	0.724717
65	126	0.620628
65	127	0
65	128	0.71566
65	129	0.638894
65	130	0.614277
65	131	0.613263
65	132	0.609636
65	133	0.684608
65	134	0.686079
65	135	0.60731
65	136	0.604357
65	137	0.664621
65	138	0.617278
65	139	0.66175
65	140	0.617115
65	141	0.639493
65	142	0.630088
65	143	0.551913
65	144	0.578724
65	145	0.573187
65	146	0.561859
65	147	0.603466
65	148	0.593395
65	149	0.599291
65	150	0.559489
65	151	0.574184
65	152	0.569383
65	153	0.565192
65	154	0.578527
65	155	0.550065
65	156	0.595145
65	157	0.557332
65	158	0.563907
65	159	0.559427
65	160	0.586942
65	161	0.550864
65	162	0.555655
65	163	0.597401
65	164	0.565736
65	165	0.591003
65	166	0.545862
65	167	0.545872
65	168	0.567618
65	169	0.558726
65	170	0.575652
65	171	0.537831
65	172	0.540195
65	173	0.541526
65	174	0.568637
65	175	0.552394
65	176	0.55372
65	177	0.580995
65	178	0.417184
65	179	0.424924
65	180	0.419566
65	181	0.420936
65	182	0.408248
65	183	0.411063
65	184	0.412163
65	185	0.413558
65	186	0.409373
65	187	0
65	188	0
65	189	0
65	190	0
65	191	0
65	192	0
65	193	0
65	194	0
65	195	0
65	196	0
65	197	0
65	198	0
65	199	0
65	200	0
65	201	0
65	202	0
65	203	0
65	204	0
65	205	0
65	206	0
65	207	0.553166
65	208	0.539079
65	209	0.769306
65	210	0.55916
65	211	0.704593
65	212	0.649055
65	213	0.586419
65	214	0.532979
65	215	0.561648
65	216	0.555929
65	217	0.53128
65	218	0.224917
65	219	0.567432
65	220	0.239445
65	221	0.509706
65	222	0.499467
65	223	0.242578
65	224	0.264376
65	225	0.262025
65	226	0.257027
65	227	0.277355
65	228	0.242783
65	229	0.27096
65	230	0.263983
65	231	0.243769
65	232	0.244485
65	233	0.292319
65	234	0.267898
65	235	0.941908
65	236	0.312737
65	237	0.310478
65	238	0.335795
65	239	0.337061
65	240	0
65	241	0.779257
65	242	0.775724
65	243	0.698123
65	244	0.635308
65	245	0.714923
65	246	0.731252
65	247	0.745163
65	248	0.746717
65	249	0.634265
65	250	0
65	251	0.676541
65	252	0.740138
65	253	0.744571
65	254	0.655043
65	255	0.749198
65	256	0.726515
66	1	0.739355
66	2	0.679332
66	3	0.730917
66	4	0.71423
66	5	0.741074
66	6	0.739411
66	7	0.71691
66	8	0.727361
66	9	0.693019
66	10	0.702855
66	11	0.624263
66	12	0.635562
66	13	0.675245
66	14	0.616267
66	15	0.672427
66	16	0.681819
66	17	0.686257
66	18	0.669967
66	19	0.659064
66	20	0.643196
66	21	0
66	22	0.670866
66	23	0.510696
66	24	0.631277
66	25	0
66	26	0.61223
66	27	0.58226
66	28	0.605926
66	29	0.561263
66	30	0.597147
66	31	0.597376
66	32	0.60919
66	33	0
66	34	0.557823
66	35	0.614449
66	36	0.551765
66	37	0.599853
66	38	0.0901705
66	39	0.6086
66	40	0.608404
66	41	0.600861
66	42	0.574829
66	43	0.601261
66	44	0.577933
66	45	0.586232
66	46	0.598317
66	47	0.593181
66	48	0.548312
66	49	0.591434
66	50	0.57278
66	51	0.587046
66	52	0.588609
66	53	0.571338
66	54	0.435452
66	55	0.425318
66	56	0.422783
66	57	0
66	58	0
66	59	0
66	60	0
66	61	0
66	62	0.705332
66	63	0.66527
66	64	0.720304
66	65	0.964538
66	67	0.955233
66	68	0.989405
66	69	0.984333
66	70	0.963731
66	71	0.975093
66	72	0.947068
66	73	0.968927
66	74	0.952529
66	75	0.916507
66	76	0.945946
66	77	0.94254
66	78	0.898382
66	79	0.922262
66	80	0.880293
66	81	0.892431
66	82	0.873117
66	83	0.918719
66	84	0.904907
66	85	0.881086
66	86	0.79331
66	87	0.805278
66	88	0.831786
66	89	0.866956
66	90	0.825809
66	91	0.855621
66	92	0.81424
66	93	0.832881
66	94	0.80979
66	95	0.830507
66	96	0.827421
66	97	0.805225
66	98	0.724768
66	99	0.811246
66	100	0.804058
66	101	0.795895
66	102	0.799535
66	103	0.731123
66	104	0.700989
66	105	0.779451
66	106	0.685041
66	107	0.621631
66	108	0.645766
66	109	0.65545
66	110	0.762778
66	111	0.765454
66	112	0.765015
66	113	0.677333
66	114	0.632597
66	115	0.731436
66	116	0.710321
66	117	0.752141
66	118	0.720404
66	119	0.74343
66	120	0.754671
66	121	0.747721
66	122	0.750396
66	123	0.73097
66	124	0.739772
66	125	0.736051
66	126	0.630335
66	127	0
66	128	0.726852
66	129	0.648886
66	130	0.623884
66	131	0.622854
66	132	0.619171
66	133	0.695315
66	134	0.696809
66	135	0.616808
66	136	0.613809
66	137	0.675015
66	138	0.626932
66	139	0.6721
66	140	0.626766
66	141	0.649494
66	142	0.639943
66	143	0.560545
66	144	0.587775
66	145	0.582151
66	146	0.570647
66	147	0.612904
66	148	0.602676
66	149	0.608663
66	150	0.568239
66	151	0.583164
66	152	0.578288
66	153	0.574031
66	154	0.587575
66	155	0.558668
66	156	0.604453
66	157	0.566048
66	158	0.572726
66	159	0.568176
66	160	0.596122
66	161	0.559479
66	162	0.564345
66	163	0.606744
66	164	0.574584
66	165	0.600246
66	166	0.554399
66	167	0.554409
66	168	0.576495
66	169	0.567464
66	170	0.584655
66	171	0.546242
66	172	0.548643
66	173	0.549995
66	174	0.57753
66	175	0.561033
66	176	0.56238
66	177	0.590081
66	178	0.423709
66	179	0.43157
66	180	0.426128
66	181	0.427519
66	182	0.414633
66	183	0.417492
66	184	0.418609
66	185	0.420026
66	186	0.415776
66	187	0
66	188	0
66	189	0
66	190	0
66	191	0
66	192	0
66	193	0
66	194	0
66	195	0
66	196	0
66	197	0
66	198	0
66	199	0
66	200	0
66	201	0
66	202	0
66	203	0
66	204	0
66	205	0
66	206	0
66	207	0.537442
66	208	0.52104
66	209	0.747438
66	210	0.543265
66	211	0.684565
66	212	0.630605
66	213	0.56975
66	214	0.515145
66	215	0.545683
66	216	0.540126
66	217	0.513503
66	218	0.218678
66	219	0.551303
66	220	0.232802
66	221	0.49265
66	222	0.482754
66	223	0.235849
66	224	0.257042
66	225	0.254756
66	226	0.249897
66	227	0.269661
66	228	0.236048
66	229	0.263444
66	230	0.25666
66	231	0.237007
66	232	0.237703
66	233	0.28421
66	234	0.260466
66	235	0.972577
66	236	0.304061
66	237	0.301865
66	238	0.32648
66	239	0.327711
66	240	0
66	241	0.791444
66	242	0.787856
66	243	0.709042
66	244	0.645244
66	245	0.726104
66	246	0.742688
66	247	0.756817
66	248	0.758395
66	249	0.644184
66	250	0
66	251	0.687122
66	252	0.751714
66	253	0.756215
66	254	0.665288
66	255	0.760915
66	256	0.737877
67	1	0.722868
67	2	0.664184
67	3	0.714618
67	4	0.698303
67	5	0.724549
67	6	0.722923
67	7	0.700924
67	8	0.711142
67	9	0.677566
67	10	0.687182
67	11	0.610342
67	12	0.62139
67	13	0.660187
67	14	0.602524
67	15	0.657432
67	16	0.666615
67	17	0.670954
67	18	0.655027
67	19	0.644368
67	20	0.628854
67	21	0
67	22	0.655907
67	23	0.499308
67	24	0.6172
67	25	0
67	26	0.598577
67	27	0.569276
67	28	0.592415
67	29	0.548747
67	30	0.583831
67	31	0.584055
67	32	0.595605
67	33	0
67	34	0.545383
67	35	0.600748
67	36	0.539461
67	37	0.586477
67	38	0.0881598
67	39	0.595029
67	40	0.594837
67	41	0.587462
67	42	0.562011
67	43	0.587854
67	44	0.565046
67	45	0.57316
67	46	0.584976
67	47	0.579953
67	48	0.536085
67	49	0.578246
67	50	0.560007
67	51	0.573955
67	52	0.575483
67	53	0.558598
67	54	0.425742
67	55	0.415834
67	56	0.413355
67	57	0
67	58	0
67	59	0
67	60	0
67	61	0
67	62	0.67702
67	63	0.638566
67	64	0.691391
67	65	0.925822
67	66	0.955233
67	68	0.964269
67	69	0.944822
67	70	0.964955
67	71	0.976533
67	72	0.909053
67	73	0.938902
67	74	0.953739
67	75	0.879719
67	76	0.940272
67	77	0.921522
67	78	0.862321
67	79	0.901696
67	80	0.844959
67	81	0.872531
67	82	0.853647
67	83	0.898233
67	84	0.884728
67	85	0.861438
67	86	0.78084
67	87	0.787321
67	88	0.813238
67	89	0.847624
67	90	0.807394
67	91	0.836541
67	92	0.796083
67	93	0.814308
67	94	0.791733
67	95	0.811987
67	96	0.80897
67	97	0.787269
67	98	0.708607
67	99	0.793155
67	100	0.786128
67	101	0.778147
67	102	0.781706
67	103	0.714819
67	104	0.685357
67	105	0.762069
67	106	0.669765
67	107	0.607769
67	108	0.631366
67	109	0.640834
67	110	0.745769
67	111	0.748385
67	112	0.747956
67	113	0.662229
67	114	0.618491
67	115	0.715125
67	116	0.694482
67	117	0.735369
67	118	0.70434
67	119	0.726852
67	120	0.737842
67	121	0.731047
67	122	0.733662
67	123	0.71467
67	124	0.723276
67	125	0.719638
67	126	0.616279
67	127	0
67	128	0.710644
67	129	0.634416
67	130	0.609972
67	131	0.608965
67	132	0.605364
67	133	0.67981
67	134	0.681271
67	135	0.603054
67	136	0.600122
67	137	0.659963
67	138	0.612952
67	139	0.657113
67	140	0.61279
67	141	0.635011
67	142	0.625672
67	143	0.548045
67	144	0.574668
67	145	0.56917
67	146	0.557922
67	147	0.599236
67	148	0.589237
67	149	0.59509
67	150	0.555568
67	151	0.57016
67	152	0.565393
67	153	0.561231
67	154	0.574473
67	155	0.54621
67	156	0.590974
67	157	0.553426
67	158	0.559955
67	159	0.555506
67	160	0.582829
67	161	0.547003
67	162	0.551761
67	163	0.593214
67	164	0.561771
67	165	0.586861
67	166	0.542036
67	167	0.542046
67	168	0.56364
67	169	0.55481
67	170	0.571618
67	171	0.534062
67	172	0.536409
67	173	0.53773
67	174	0.564651
67	175	0.548522
67	176	0.549839
67	177	0.576923
67	178	0.414261
67	179	0.421946
67	180	0.416625
67	181	0.417986
67	182	0.405387
67	183	0.408182
67	184	0.409274
67	185	0.41066
67	186	0.406504
67	187	0
67	188	0
67	189	0
67	190	0
67	191	0
67	192	0
67	193	0
67	194	0
67	195	0
67	196	0
67	197	0
67	198	0
67	199	0
67	200	0
67	201	0
67	202	0
67	203	0
67	204	0
67	205	0
67	206	0
67	207	0.515869
67	208	0.500126
67	209	0.717436
67	210	0.521459
67	211	0.657086
67	212	0.605293
67	213	0.54688
67	214	0.494467
67	215	0.523779
67	216	0.518446
67	217	0.492891
67	218	0.2099
67	219	0.529174
67	220	0.223458
67	221	0.472875
67	222	0.463377
67	223	0.226382
67	224	0.246724
67	225	0.24453
67	226	0.239866
67	227	0.258837
67	228	0.226573
67	229	0.252869
67	230	0.246357
67	231	0.227494
67	232	0.228161
67	233	0.272801
67	234	0.250011
67	235	0.976328
67	236	0.291856
67	237	0.289748
67	238	0.313375
67	239	0.314556
67	240	0
67	241	0.777167
67	242	0.773111
67	243	0.693231
67	244	0.630855
67	245	0.709912
67	246	0.726127
67	247	0.73994
67	248	0.741483
67	249	0.62982
67	250	0
67	251	0.6718
67	252	0.734951
67	253	0.739353
67	254	0.650452
67	255	0.743948
67	256	0.721423
68	1	0.73541
68	2	0.675707
68	3	0.727016
68	4	0.710419
68	5	0.73712
68	6	0.735465
68	7	0.713084
68	8	0.72348
68	9	0.689321
68	10	0.699104
68	11	0.620932
68	12	0.632171
68	13	0.671641
68	14	0.612978
68	15	0.668838
68	16	0.67818
68	17	0.682595
68	18	0.666392
68	19	0.655547
68	20	0.639764
68	21	0
68	22	0.667286
68	23	0.507971
68	24	0.627908
68	25	0
68	26	0.608962
68	27	0.579152
68	28	0.602693
68	29	0.558268
68	30	0.59396
68	31	0.594188
68	32	0.605939
68	33	0
68	34	0.554846
68	35	0.61117
68	36	0.548821
68	37	0.596652
68	38	0.0896893
68	39	0.605352
68	40	0.605157
68	41	0.597654
68	42	0.571762
68	43	0.598052
68	44	0.574849
68	45	0.583104
68	46	0.595124
68	47	0.590015
68	48	0.545386
68	49	0.588278
68	50	0.569723
68	51	0.583913
68	52	0.585467
68	53	0.568289
68	54	0.433128
68	55	0.423048
68	56	0.420526
68	57	0
68	58	0
68	59	0
68	60	0
68	61	0
68	62	0.701568
68	63	0.66172
68	64	0.71646
68	65	0.959391
68	66	0.989405
68	67	0.964269
68	69	0.97908
68	70	0.972847
68	71	0.984316
68	72	0.942014
68	73	0.963756
68	74	0.961539
68	75	0.911616
68	76	0.947962
68	77	0.93751
68	78	0.893588
68	79	0.91734
68	80	0.875596
68	81	0.887669
68	82	0.868457
68	83	0.913816
68	84	0.900077
68	85	0.876383
68	86	0.789076
68	87	0.80098
68	88	0.827347
68	89	0.862329
68	90	0.821402
68	91	0.851055
68	92	0.809895
68	93	0.828436
68	94	0.805469
68	95	0.826075
68	96	0.823006
68	97	0.800928
68	98	0.720901
68	99	0.806916
68	100	0.799767
68	101	0.791647
68	102	0.795268
68	103	0.727221
68	104	0.697248
68	105	0.775291
68	106	0.681385
68	107	0.618313
68	108	0.64232
68	109	0.651952
68	110	0.758708
68	111	0.761369
68	112	0.760932
68	113	0.673719
68	114	0.629221
68	115	0.727532
68	116	0.70653
68	117	0.748127
68	118	0.716559
68	119	0.739462
68	120	0.750643
68	121	0.743731
68	122	0.746391
68	123	0.727069
68	124	0.735824
68	125	0.732123
68	126	0.626971
68	127	0
68	128	0.722973
68	129	0.645423
68	130	0.620554
68	131	0.61953
68	132	0.615866
68	133	0.691604
68	134	0.693091
68	135	0.613517
68	136	0.610533
68	137	0.671413
68	138	0.623587
68	139	0.668513
68	140	0.623421
68	141	0.646028
68	142	0.636527
68	143	0.557554
68	144	0.584638
68	145	0.579045
68	146	0.567601
68	147	0.609633
68	148	0.59946
68	149	0.605415
68	150	0.565206
68	151	0.580052
68	152	0.575202
68	153	0.570968
68	154	0.584439
68	155	0.555686
68	156	0.601227
68	157	0.563027
68	158	0.56967
68	159	0.565144
68	160	0.592941
68	161	0.556493
68	162	0.561334
68	163	0.603506
68	164	0.571518
68	165	0.597043
68	166	0.55144
68	167	0.551451
68	168	0.573418
68	169	0.564436
68	170	0.581535
68	171	0.543327
68	172	0.545715
68	173	0.54706
68	174	0.574448
68	175	0.558039
68	176	0.559378
68	177	0.586932
68	178	0.421448
68	179	0.429267
68	180	0.423853
68	181	0.425238
68	182	0.41242
68	183	0.415264
68	184	0.416375
68	185	0.417784
68	186	0.413557
68	187	0
68	188	0
68	189	0
68	190	0
68	191	0
68	192	0
68	193	0
68	194	0
68	195	0
68	196	0
68	197	0
68	198	0
68	199	0
68	200	0
68	201	0
68	202	0
68	203	0
68	204	0
68	205	0
68	206	0
68	207	0.534574
68	208	0.51826
68	209	0.743449
68	210	0.540366
68	211	0.680912
68	212	0.62724
68	213	0.56671
68	214	0.512395
68	215	0.542771
68	216	0.537244
68	217	0.510762
68	218	0.217511
68	219	0.548361
68	220	0.23156
68	221	0.490021
68	222	0.480178
68	223	0.23459
68	224	0.25567
68	225	0.253396
68	226	0.248563
68	227	0.268222
68	228	0.234788
68	229	0.262038
68	230	0.25529
68	231	0.235742
68	232	0.236434
68	233	0.282693
68	234	0.259076
68	235	0.981776
68	236	0.302438
68	237	0.300254
68	238	0.324738
68	239	0.325962
68	240	0
68	241	0.787221
68	242	0.783651
68	243	0.705258
68	244	0.6418
68	245	0.722229
68	246	0.738725
68	247	0.752778
68	248	0.754348
68	249	0.640747
68	250	0
68	251	0.683455
68	252	0.747702
68	253	0.75218
68	254	0.661737
68	255	0.756855
68	256	0.733939
69	1	0.749085
69	2	0.688272
69	3	0.740535
69	4	0.723629
69	5	0.750827
69	6	0.749142
69	7	0.726344
69	8	0.736933
69	9	0.702139
69	10	0.712105
69	11	0.632478
69	12	0.643926
69	13	0.68413
69	14	0.624376
69	15	0.681276
69	16	0.690791
69	17	0.695288
69	18	0.678784
69	19	0.667737
69	20	0.651661
69	21	0
69	22	0.679695
69	23	0.517417
69	24	0.639584
69	25	0
69	26	0.620286
69	27	0.589922
69	28	0.6139
69	29	0.568649
69	30	0.605005
69	31	0.605237
69	32	0.617206
69	33	0
69	34	0.565163
69	35	0.622535
69	36	0.559026
69	37	0.607747
69	38	0.0913571
69	39	0.616609
69	40	0.61641
69	41	0.608768
69	42	0.582394
69	43	0.609174
69	44	0.585539
69	45	0.593947
69	46	0.606191
69	47	0.600987
69	48	0.555528
69	49	0.599217
69	50	0.580317
69	51	0.594771
69	52	0.596355
69	53	0.578857
69	54	0.441182
69	55	0.430915
69	56	0.428346
69	57	0
69	58	0
69	59	0
69	60	0
69	61	0
69	62	0.709165
69	63	0.668885
69	64	0.724218
69	65	0.96978
69	66	0.984333
69	67	0.944822
69	68	0.97908
69	70	0.952495
69	71	0.963725
69	72	0.952215
69	73	0.981677
69	74	0.952821
69	75	0.921488
69	76	0.958332
69	77	0.954944
69	78	0.903264
69	79	0.934398
69	80	0.885077
69	81	0.904175
69	82	0.884607
69	83	0.930809
69	84	0.916815
69	85	0.89268
69	86	0.803749
69	87	0.815875
69	88	0.842732
69	89	0.878365
69	90	0.836676
69	91	0.866881
69	92	0.824955
69	93	0.843841
69	94	0.820447
69	95	0.841436
69	96	0.83831
69	97	0.815821
69	98	0.734306
69	99	0.821921
69	100	0.814639
69	101	0.806368
69	102	0.810056
69	103	0.740744
69	104	0.710213
69	105	0.789708
69	106	0.694056
69	107	0.629811
69	108	0.654264
69	109	0.664075
69	110	0.772816
69	111	0.775527
69	112	0.775082
69	113	0.686247
69	114	0.640922
69	115	0.741061
69	116	0.719669
69	117	0.762039
69	118	0.729884
69	119	0.753213
69	120	0.764602
69	121	0.757561
69	122	0.760271
69	123	0.74059
69	124	0.749507
69	125	0.745737
69	126	0.638629
69	127	0
69	128	0.736417
69	129	0.657425
69	130	0.632094
69	131	0.631051
69	132	0.627319
69	133	0.704465
69	134	0.705979
69	135	0.624925
69	136	0.621887
69	137	0.683898
69	138	0.635183
69	139	0.680944
69	140	0.635014
69	141	0.658041
69	142	0.648364
69	143	0.567922
69	144	0.59551
69	145	0.589812
69	146	0.578156
69	147	0.620969
69	148	0.610607
69	149	0.616673
69	150	0.575717
69	151	0.590838
69	152	0.585898
69	153	0.581585
69	154	0.595307
69	155	0.56602
69	156	0.612407
69	157	0.573497
69	158	0.580263
69	159	0.575653
69	160	0.603967
69	161	0.566841
69	162	0.571772
69	163	0.614728
69	164	0.582145
69	165	0.608145
69	166	0.561695
69	167	0.561705
69	168	0.584081
69	169	0.574932
69	170	0.592349
69	171	0.553431
69	172	0.555863
69	173	0.557233
69	174	0.58513
69	175	0.568416
69	176	0.56978
69	177	0.597846
69	178	0.429285
69	179	0.437249
69	180	0.431735
69	181	0.433145
69	182	0.420089
69	183	0.422986
69	184	0.424118
69	185	0.425553
69	186	0.421247
69	187	0
69	188	0
69	189	0
69	190	0
69	191	0
69	192	0
69	193	0
69	194	0
69	195	0
69	196	0
69	197	0
69	198	0
69	199	0
69	200	0
69	201	0
69	202	0
69	203	0
69	204	0
69	205	0
69	206	0
69	207	0.540362
69	208	0.523872
69	209	0.7515
69	210	0.546218
69	211	0.688285
69	212	0.634032
69	213	0.572846
69	214	0.517944
69	215	0.548648
69	216	0.543062
69	217	0.516293
69	218	0.219866
69	219	0.554299
69	220	0.234068
69	221	0.495328
69	222	0.485378
69	223	0.237131
69	224	0.258439
69	225	0.25614
69	226	0.251255
69	227	0.271127
69	228	0.237331
69	229	0.264875
69	230	0.258055
69	231	0.238295
69	232	0.238994
69	233	0.285754
69	234	0.261881
69	235	0.961238
69	236	0.305713
69	237	0.303505
69	238	0.328254
69	239	0.329492
69	240	0
69	241	0.80186
69	242	0.798224
69	243	0.718372
69	244	0.653735
69	245	0.735659
69	246	0.752462
69	247	0.766776
69	248	0.768375
69	249	0.652662
69	250	0
69	251	0.696164
69	252	0.761606
69	253	0.766167
69	254	0.674043
69	255	0.770929
69	256	0.747587
70	1	0.736051
70	2	0.676296
70	3	0.72765
70	4	0.711038
70	5	0.737762
70	6	0.736107
70	7	0.713706
70	8	0.72411
70	9	0.689922
70	10	0.699714
70	11	0.621473
70	12	0.632722
70	13	0.672226
70	14	0.613512
70	15	0.669421
70	16	0.678771
70	17	0.68319
70	18	0.666973
70	19	0.656119
70	20	0.640322
70	21	0
70	22	0.667868
70	23	0.508414
70	24	0.628455
70	25	0
70	26	0.609493
70	27	0.579657
70	28	0.603218
70	29	0.558754
70	30	0.594478
70	31	0.594706
70	32	0.606467
70	33	0
70	34	0.555329
70	35	0.611703
70	36	0.549299
70	37	0.597172
70	38	0.0897675
70	39	0.60588
70	40	0.605684
70	41	0.598175
70	42	0.57226
70	43	0.598574
70	44	0.57535
70	45	0.583612
70	46	0.595643
70	47	0.590529
70	48	0.545861
70	49	0.588791
70	50	0.57022
70	51	0.584422
70	52	0.585978
70	53	0.568784
70	54	0.433506
70	55	0.423417
70	56	0.420893
70	57	0
70	58	0
70	59	0
70	60	0
70	61	0
70	62	0.682518
70	63	0.643752
70	64	0.697006
70	65	0.933341
70	66	0.963731
70	67	0.964955
70	68	0.972847
70	69	0.952495
70	71	0.987987
70	72	0.916436
70	73	0.944284
70	74	0.971131
70	75	0.886864
70	76	0.957419
70	77	0.938327
70	78	0.869325
70	79	0.91814
70	80	0.859203
70	81	0.888442
70	82	0.869215
70	83	0.914613
70	84	0.900862
70	85	0.877147
70	86	0.795079
70	87	0.801679
70	88	0.828068
70	89	0.863081
70	90	0.822118
70	91	0.851797
70	92	0.810601
70	93	0.829158
70	94	0.806171
70	95	0.826795
70	96	0.823723
70	97	0.801626
70	98	0.721529
70	99	0.80762
70	100	0.800464
70	101	0.792337
70	102	0.795961
70	103	0.727855
70	104	0.697855
70	105	0.775967
70	106	0.681979
70	107	0.618852
70	108	0.64288
70	109	0.65252
70	110	0.759369
70	111	0.762032
70	112	0.761596
70	113	0.674306
70	114	0.62977
70	115	0.728167
70	116	0.707146
70	117	0.748779
70	118	0.717184
70	119	0.740107
70	120	0.751298
70	121	0.744379
70	122	0.747042
70	123	0.727703
70	124	0.736466
70	125	0.732761
70	126	0.627517
70	127	0
70	128	0.723603
70	129	0.645986
70	130	0.621095
70	131	0.62007
70	132	0.616403
70	133	0.692207
70	134	0.693695
70	135	0.614051
70	136	0.611066
70	137	0.671998
70	138	0.62413
70	139	0.669096
70	140	0.623965
70	141	0.646591
70	142	0.637082
70	143	0.55804
70	144	0.585148
70	145	0.579549
70	146	0.568096
70	147	0.610164
70	148	0.599982
70	149	0.605943
70	150	0.565699
70	151	0.580558
70	152	0.575703
70	153	0.571466
70	154	0.584949
70	155	0.556171
70	156	0.601751
70	157	0.563518
70	158	0.570166
70	159	0.565637
70	160	0.593458
70	161	0.556978
70	162	0.561823
70	163	0.604032
70	164	0.572016
70	165	0.597563
70	166	0.551921
70	167	0.551931
70	168	0.573918
70	169	0.564928
70	170	0.582042
70	171	0.543801
70	172	0.546191
70	173	0.547537
70	174	0.574948
70	175	0.558525
70	176	0.559866
70	177	0.587444
70	178	0.421815
70	179	0.429641
70	180	0.424223
70	181	0.425608
70	182	0.412779
70	183	0.415626
70	184	0.416738
70	185	0.418149
70	186	0.413917
70	187	0
70	188	0
70	189	0
70	190	0
70	191	0
70	192	0
70	193	0
70	194	0
70	195	0
70	196	0
70	197	0
70	198	0
70	199	0
70	200	0
70	201	0
70	202	0
70	203	0
70	204	0
70	205	0
70	206	0
70	207	0.520059
70	208	0.504188
70	209	0.723263
70	210	0.525694
70	211	0.662423
70	212	0.610209
70	213	0.551322
70	214	0.498483
70	215	0.528033
70	216	0.522656
70	217	0.496894
70	218	0.211605
70	219	0.533471
70	220	0.225273
70	221	0.476716
70	222	0.46714
70	223	0.22822
70	224	0.248728
70	225	0.246516
70	226	0.241814
70	227	0.260939
70	228	0.228413
70	229	0.254923
70	230	0.248358
70	231	0.229341
70	232	0.230014
70	233	0.275017
70	234	0.252041
70	235	0.984044
70	236	0.294226
70	237	0.292101
70	238	0.31592
70	239	0.317111
70	240	0
70	241	0.79134
70	242	0.78721
70	243	0.705872
70	244	0.64236
70	245	0.722859
70	246	0.739369
70	247	0.753434
70	248	0.755005
70	249	0.641305
70	250	0
70	251	0.684051
70	252	0.748354
70	253	0.752835
70	254	0.662314
70	255	0.757514
70	256	0.734579
71	1	0.740122
71	2	0.680036
71	3	0.731674
71	4	0.71497
71	5	0.741843
71	6	0.740178
71	7	0.717653
71	8	0.728115
71	9	0.693738
71	10	0.703584
71	11	0.62491
71	12	0.636221
71	13	0.675944
71	14	0.616905
71	15	0.673124
71	16	0.682525
71	17	0.686968
71	18	0.670661
71	19	0.659747
71	20	0.643863
71	21	0
71	22	0.671562
71	23	0.511226
71	24	0.631931
71	25	0
71	26	0.612864
71	27	0.582863
71	28	0.606554
71	29	0.561845
71	30	0.597766
71	31	0.597995
71	32	0.609821
71	33	0
71	34	0.558401
71	35	0.615086
71	36	0.552337
71	37	0.600475
71	38	0.0902639
71	39	0.609231
71	40	0.609034
71	41	0.601483
71	42	0.575425
71	43	0.601884
71	44	0.578532
71	45	0.58684
71	46	0.598938
71	47	0.593795
71	48	0.54888
71	49	0.592047
71	50	0.573373
71	51	0.587654
71	52	0.589219
71	53	0.57193
71	54	0.435903
71	55	0.425759
71	56	0.423221
71	57	0
71	58	0
71	59	0
71	60	0
71	61	0
71	62	0.690565
71	63	0.651342
71	64	0.705223
71	65	0.944344
71	66	0.975093
71	67	0.976533
71	68	0.984316
71	69	0.963725
71	70	0.987987
71	72	0.92724
71	73	0.955591
71	74	0.976502
71	75	0.897319
71	76	0.962714
71	77	0.943517
71	78	0.879573
71	79	0.923218
71	80	0.863955
71	81	0.893356
71	82	0.874022
71	83	0.919672
71	84	0.905845
71	85	0.881999
71	86	0.799477
71	87	0.806113
71	88	0.832648
71	89	0.867855
71	90	0.826665
71	91	0.856508
71	92	0.815084
71	93	0.833744
71	94	0.81063
71	95	0.831368
71	96	0.828279
71	97	0.806059
71	98	0.72552
71	99	0.812086
71	100	0.804891
71	101	0.79672
71	102	0.800364
71	103	0.73188
71	104	0.701715
71	105	0.780258
71	106	0.685751
71	107	0.622275
71	108	0.646436
71	109	0.656129
71	110	0.763569
71	111	0.766247
71	112	0.765808
71	113	0.678035
71	114	0.633253
71	115	0.732194
71	116	0.711057
71	117	0.752921
71	118	0.721151
71	119	0.7442
71	120	0.755453
71	121	0.748496
71	122	0.751173
71	123	0.731728
71	124	0.740539
71	125	0.736814
71	126	0.630988
71	127	0
71	128	0.727605
71	129	0.649558
71	130	0.62453
71	131	0.6235
71	132	0.619812
71	133	0.696036
71	134	0.697532
71	135	0.617448
71	136	0.614445
71	137	0.675715
71	138	0.627582
71	139	0.672797
71	140	0.627416
71	141	0.650167
71	142	0.640606
71	143	0.561126
71	144	0.588384
71	145	0.582755
71	146	0.571238
71	147	0.613539
71	148	0.6033
71	149	0.609294
71	150	0.568828
71	151	0.583768
71	152	0.578887
71	153	0.574626
71	154	0.588184
71	155	0.559247
71	156	0.605079
71	157	0.566635
71	158	0.57332
71	159	0.568765
71	160	0.59674
71	161	0.560059
71	162	0.56493
71	163	0.607373
71	164	0.57518
71	165	0.600868
71	166	0.554973
71	167	0.554984
71	168	0.577093
71	169	0.568052
71	170	0.585261
71	171	0.546809
71	172	0.549212
71	173	0.550565
71	174	0.578128
71	175	0.561614
71	176	0.562962
71	177	0.590693
71	178	0.424148
71	179	0.432017
71	180	0.426569
71	181	0.427962
71	182	0.415062
71	183	0.417925
71	184	0.419043
71	185	0.420461
71	186	0.416207
71	187	0
71	188	0
71	189	0
71	190	0
71	191	0
71	192	0
71	193	0
71	194	0
71	195	0
71	196	0
71	197	0
71	198	0
71	199	0
71	200	0
71	201	0
71	202	0
71	203	0
71	204	0
71	205	0
71	206	0
71	207	0.52619
71	208	0.510132
71	209	0.731789
71	210	0.531891
71	211	0.670233
71	212	0.617403
71	213	0.557822
71	214	0.504359
71	215	0.534258
71	216	0.528818
71	217	0.502752
71	218	0.214099
71	219	0.539761
71	220	0.227928
71	221	0.482336
71	222	0.472647
71	223	0.230911
71	224	0.25166
71	225	0.249422
71	226	0.244665
71	227	0.264016
71	228	0.231106
71	229	0.257928
71	230	0.251286
71	231	0.232045
71	232	0.232726
71	233	0.278259
71	234	0.255013
71	235	0.995938
71	236	0.297695
71	237	0.295545
71	238	0.319645
71	239	0.32085
71	240	0
71	241	0.795717
71	242	0.791564
71	243	0.709776
71	244	0.645913
71	245	0.726857
71	246	0.743458
71	247	0.757601
71	248	0.759181
71	249	0.644852
71	250	0
71	251	0.687834
71	252	0.752493
71	253	0.756999
71	254	0.665977
71	255	0.761704
71	256	0.738642
72	1	0.731387
72	2	0.672011
72	3	0.723039
72	4	0.706532
72	5	0.733087
72	6	0.731442
72	7	0.709183
72	8	0.719522
72	9	0.68555
72	10	0.69528
72	11	0.617535
72	12	0.628712
72	13	0.667967
72	14	0.609625
72	15	0.665179
72	16	0.67447
72	17	0.678861
72	18	0.662746
72	19	0.651961
72	20	0.636264
72	21	0
72	22	0.663636
72	23	0.505192
72	24	0.624473
72	25	0
72	26	0.605631
72	27	0.575984
72	28	0.599396
72	29	0.555214
72	30	0.590711
72	31	0.590937
72	32	0.602624
72	33	0
72	34	0.55181
72	35	0.607827
72	36	0.545818
72	37	0.593388
72	38	0.0891986
72	39	0.602041
72	40	0.601847
72	41	0.594385
72	42	0.568634
72	43	0.594781
72	44	0.571704
72	45	0.579914
72	46	0.591869
72	47	0.586787
72	48	0.542403
72	49	0.58506
72	50	0.566606
72	51	0.580719
72	52	0.582265
72	53	0.56518
72	54	0.430759
72	55	0.420734
72	56	0.418226
72	57	0
72	58	0
72	59	0
72	60	0
72	61	0
72	62	0.706131
72	63	0.674735
72	64	0.72112
72	65	0.970661
72	66	0.947068
72	67	0.909053
72	68	0.942014
72	69	0.952215
72	70	0.916436
72	71	0.92724
72	73	0.939858
72	74	0.919369
72	75	0.952322
72	76	0.932817
72	77	0.932382
72	78	0.933488
72	79	0.912322
72	80	0.914693
72	81	0.884589
72	82	0.903013
72	83	0.908818
72	84	0.895154
72	85	0.893597
72	86	0.78476
72	87	0.796599
72	88	0.822821
72	89	0.857612
72	90	0.816909
72	91	0.846399
72	92	0.805464
72	93	0.823904
72	94	0.801063
72	95	0.821556
72	96	0.818503
72	97	0.796546
72	98	0.716957
72	99	0.802502
72	100	0.795392
72	101	0.787317
72	102	0.790918
72	103	0.723243
72	104	0.693433
72	105	0.77105
72	106	0.677658
72	107	0.614931
72	108	0.638806
72	109	0.648386
72	110	0.754557
72	111	0.757204
72	112	0.75677
72	113	0.670033
72	114	0.625779
72	115	0.723553
72	116	0.702666
72	117	0.744035
72	118	0.71264
72	119	0.735417
72	120	0.746537
72	121	0.739662
72	122	0.742308
72	123	0.723092
72	124	0.731799
72	125	0.728118
72	126	0.623541
72	127	0
72	128	0.719018
72	129	0.641892
72	130	0.61716
72	131	0.616141
72	132	0.612497
72	133	0.687821
72	134	0.689299
72	135	0.610161
72	136	0.607194
72	137	0.66774
72	138	0.620175
72	139	0.664856
72	140	0.620011
72	141	0.642494
72	142	0.633045
72	143	0.554504
72	144	0.58144
72	145	0.575877
72	146	0.564496
72	147	0.606298
72	148	0.59618
72	149	0.602103
72	150	0.562115
72	151	0.576879
72	152	0.572055
72	153	0.567844
72	154	0.581242
72	155	0.552646
72	156	0.597938
72	157	0.559947
72	158	0.566553
72	159	0.562052
72	160	0.589697
72	161	0.553449
72	162	0.558263
72	163	0.600204
72	164	0.568391
72	165	0.593777
72	166	0.548424
72	167	0.548434
72	168	0.570282
72	169	0.561348
72	170	0.578354
72	171	0.540355
72	172	0.54273
72	173	0.544067
72	174	0.571305
72	175	0.554986
72	176	0.556318
72	177	0.583721
72	178	0.419142
72	179	0.426919
72	180	0.421535
72	181	0.422911
72	182	0.410164
72	183	0.412993
72	184	0.414097
72	185	0.415499
72	186	0.411295
72	187	0
72	188	0
72	189	0
72	190	0
72	191	0
72	192	0
72	193	0
72	194	0
72	195	0
72	196	0
72	197	0
72	198	0
72	199	0
72	200	0
72	201	0
72	202	0
72	203	0
72	204	0
72	205	0
72	206	0
72	207	0.538051
72	208	0.528453
72	209	0.748285
72	210	0.543881
72	211	0.685341
72	212	0.63132
72	213	0.570396
72	214	0.522473
72	215	0.546301
72	216	0.540738
72	217	0.520808
72	218	0.227223
72	219	0.551928
72	220	0.2419
72	221	0.499659
72	222	0.489622
72	223	0.245065
72	224	0.267086
72	225	0.264711
72	226	0.259662
72	227	0.280199
72	228	0.245272
72	229	0.273738
72	230	0.266689
72	231	0.246268
72	232	0.246991
72	233	0.295316
72	234	0.270644
72	235	0.924848
72	236	0.315943
72	237	0.313661
72	238	0.339238
72	239	0.340517
72	240	0
72	241	0.782914
72	242	0.779365
72	243	0.7014
72	244	0.63829
72	245	0.718278
72	246	0.734683
72	247	0.74866
72	248	0.750221
72	249	0.637242
72	250	0
72	251	0.679717
72	252	0.743612
72	253	0.748065
72	254	0.658117
72	255	0.752714
72	256	0.729924
73	1	0.762464
73	2	0.700565
73	3	0.753761
73	4	0.736553
73	5	0.764237
73	6	0.762522
73	7	0.739317
73	8	0.750095
73	9	0.71468
73	10	0.724823
73	11	0.643774
73	12	0.655427
73	13	0.696349
73	14	0.635528
73	15	0.693443
73	16	0.703129
73	17	0.707706
73	18	0.690907
73	19	0.679663
73	20	0.663299
73	21	0
73	22	0.691834
73	23	0.526658
73	24	0.651007
73	25	0
73	26	0.631365
73	27	0.600458
73	28	0.624864
73	29	0.578805
73	30	0.615811
73	31	0.616047
73	32	0.62823
73	33	0
73	34	0.575257
73	35	0.633654
73	36	0.569011
73	37	0.618601
73	38	0.0929887
73	39	0.627622
73	40	0.627419
73	41	0.61964
73	42	0.592796
73	43	0.620053
73	44	0.595997
73	45	0.604555
73	46	0.617018
73	47	0.61172
73	48	0.56545
73	49	0.609919
73	50	0.590682
73	51	0.605394
73	52	0.607006
73	53	0.589195
73	54	0.449062
73	55	0.438611
73	56	0.435997
73	57	0
73	58	0
73	59	0
73	60	0
73	61	0
73	62	0.69763
73	63	0.658006
73	64	0.712439
73	65	0.954006
73	66	0.968927
73	67	0.938902
73	68	0.963756
73	69	0.981677
73	70	0.944284
73	71	0.955591
73	72	0.939858
73	74	0.961463
73	75	0.9065
73	76	0.972453
73	77	0.971999
73	78	0.888573
73	79	0.951087
73	80	0.890035
73	81	0.920324
73	82	0.900406
73	83	0.947434
73	84	0.933189
73	85	0.908624
73	86	0.818105
73	87	0.830447
73	88	0.857783
73	89	0.894053
73	90	0.851619
73	91	0.882363
73	92	0.839689
73	93	0.858912
73	94	0.8351
73	95	0.856464
73	96	0.853282
73	97	0.830392
73	98	0.747421
73	99	0.836601
73	100	0.829188
73	101	0.82077
73	102	0.824524
73	103	0.753974
73	104	0.722898
73	105	0.803812
73	106	0.706452
73	107	0.641059
73	108	0.66595
73	109	0.675936
73	110	0.786619
73	111	0.789378
73	112	0.788925
73	113	0.698503
73	114	0.652369
73	115	0.754297
73	116	0.732522
73	117	0.775649
73	118	0.74292
73	119	0.766665
73	120	0.778258
73	121	0.771091
73	122	0.773849
73	123	0.753817
73	124	0.762894
73	125	0.759056
73	126	0.650035
73	127	0
73	128	0.74957
73	129	0.669167
73	130	0.643383
73	131	0.642322
73	132	0.638523
73	133	0.717047
73	134	0.718588
73	135	0.636087
73	136	0.632994
73	137	0.696113
73	138	0.646527
73	139	0.693106
73	140	0.646356
73	141	0.669794
73	142	0.659944
73	143	0.578065
73	144	0.606146
73	145	0.600346
73	146	0.588482
73	147	0.63206
73	148	0.621512
73	149	0.627687
73	150	0.585999
73	151	0.601391
73	152	0.596362
73	153	0.591973
73	154	0.60594
73	155	0.576129
73	156	0.623345
73	157	0.58374
73	158	0.590627
73	159	0.585934
73	160	0.614754
73	161	0.576965
73	162	0.581984
73	163	0.625707
73	164	0.592543
73	165	0.619006
73	166	0.571726
73	167	0.571737
73	168	0.594513
73	169	0.5852
73	170	0.602928
73	171	0.563315
73	172	0.565791
73	173	0.567185
73	174	0.59558
73	175	0.578568
73	176	0.579957
73	177	0.608524
73	178	0.436952
73	179	0.445059
73	180	0.439446
73	181	0.440881
73	182	0.427592
73	183	0.430541
73	184	0.431692
73	185	0.433154
73	186	0.428771
73	187	0
73	188	0
73	189	0
73	190	0
73	191	0
73	192	0
73	193	0
73	194	0
73	195	0
73	196	0
73	197	0
73	198	0
73	199	0
73	200	0
73	201	0
73	202	0
73	203	0
73	204	0
73	205	0
73	206	0
73	207	0.531573
73	208	0.515351
73	209	0.739277
73	210	0.537333
73	211	0.67709
73	212	0.62372
73	213	0.563529
73	214	0.50952
73	215	0.539725
73	216	0.534229
73	217	0.507896
73	218	0.21629
73	219	0.545283
73	220	0.23026
73	221	0.487271
73	222	0.477483
73	223	0.233274
73	224	0.254235
73	225	0.251974
73	226	0.247168
73	227	0.266717
73	228	0.233471
73	229	0.260567
73	230	0.253857
73	231	0.234419
73	232	0.235107
73	233	0.281106
73	234	0.257622
73	235	0.956262
73	236	0.300741
73	237	0.298569
73	238	0.322915
73	239	0.324132
73	240	0
73	241	0.816181
73	242	0.81248
73	243	0.731203
73	244	0.665411
73	245	0.748798
73	246	0.765901
73	247	0.780471
73	248	0.782098
73	249	0.664318
73	250	0
73	251	0.708598
73	252	0.775208
73	253	0.779851
73	254	0.686081
73	255	0.784698
73	256	0.760939
74	1	0.757189
74	2	0.695718
74	3	0.748547
74	4	0.731458
74	5	0.75895
74	6	0.757247
74	7	0.734203
74	8	0.744906
74	9	0.709736
74	10	0.719809
74	11	0.639321
74	12	0.650893
74	13	0.691532
74	14	0.631132
74	15	0.688646
74	16	0.698265
74	17	0.70281
74	18	0.686127
74	19	0.674962
74	20	0.658711
74	21	0
74	22	0.687048
74	23	0.523015
74	24	0.646504
74	25	0
74	26	0.626997
74	27	0.596304
74	28	0.620542
74	29	0.574801
74	30	0.611551
74	31	0.611785
74	32	0.623884
74	33	0
74	34	0.571278
74	35	0.62927
74	36	0.565074
74	37	0.614322
74	38	0.0923455
74	39	0.62328
74	40	0.623079
74	41	0.615354
74	42	0.588695
74	43	0.615764
74	44	0.591874
74	45	0.600373
74	46	0.612749
74	47	0.607489
74	48	0.561538
74	49	0.6057
74	50	0.586596
74	51	0.601206
74	52	0.602806
74	53	0.585119
74	54	0.445956
74	55	0.435577
74	56	0.43298
74	57	0
74	58	0
74	59	0
74	60	0
74	61	0
74	62	0.677168
74	63	0.638706
74	64	0.691542
74	65	0.926024
74	66	0.952529
74	67	0.953739
74	68	0.961539
74	69	0.952821
74	70	0.971131
74	71	0.976502
74	72	0.919369
74	73	0.961463
74	75	0.880885
74	76	0.984915
74	77	0.965275
74	78	0.865458
74	79	0.944508
74	80	0.883878
74	81	0.913957
74	82	0.894177
74	83	0.94088
74	84	0.926734
74	85	0.902338
74	86	0.812445
74	87	0.824702
74	88	0.851849
74	89	0.887868
74	90	0.845728
74	91	0.876259
74	92	0.83388
74	93	0.852971
74	94	0.829323
74	95	0.850539
74	96	0.847379
74	97	0.824647
74	98	0.742251
74	99	0.830814
74	100	0.823452
74	101	0.815092
74	102	0.81882
74	103	0.748758
74	104	0.717897
74	105	0.798252
74	106	0.701565
74	107	0.636625
74	108	0.661343
74	109	0.67126
74	110	0.781177
74	111	0.783917
74	112	0.783468
74	113	0.693671
74	114	0.647856
74	115	0.749079
74	116	0.727455
74	117	0.770283
74	118	0.737781
74	119	0.761362
74	120	0.772874
74	121	0.765757
74	122	0.768496
74	123	0.748602
74	124	0.757616
74	125	0.753805
74	126	0.645539
74	127	0
74	128	0.744384
74	129	0.664538
74	130	0.638932
74	131	0.637878
74	132	0.634106
74	133	0.712086
74	134	0.713617
74	135	0.631686
74	136	0.628615
74	137	0.691297
74	138	0.642055
74	139	0.688312
74	140	0.641884
74	141	0.66516
74	142	0.655379
74	143	0.574066
74	144	0.601953
74	145	0.596193
74	146	0.584411
74	147	0.627687
74	148	0.617213
74	149	0.623345
74	150	0.581945
74	151	0.59723
74	152	0.592237
74	153	0.587877
74	154	0.601748
74	155	0.572143
74	156	0.619033
74	157	0.579702
74	158	0.586541
74	159	0.581881
74	160	0.610501
74	161	0.572974
74	162	0.577958
74	163	0.621379
74	164	0.588444
74	165	0.614724
74	166	0.567771
74	167	0.567782
74	168	0.590401
74	169	0.581152
74	170	0.598757
74	171	0.559418
74	172	0.561877
74	173	0.563261
74	174	0.59146
74	175	0.574565
74	176	0.575945
74	177	0.604314
74	178	0.433929
74	179	0.44198
74	180	0.436406
74	181	0.437831
74	182	0.424634
74	183	0.427563
74	184	0.428706
74	185	0.430157
74	186	0.425805
74	187	0
74	188	0
74	189	0
74	190	0
74	191	0
74	192	0
74	193	0
74	194	0
74	195	0
74	196	0
74	197	0
74	198	0
74	199	0
74	200	0
74	201	0
74	202	0
74	203	0
74	204	0
74	205	0
74	206	0
74	207	0.515982
74	208	0.500235
74	209	0.717593
74	210	0.521573
74	211	0.65723
74	212	0.605425
74	213	0.547
74	214	0.494575
74	215	0.523894
74	216	0.518559
74	217	0.492999
74	218	0.210448
74	219	0.529289
74	220	0.224042
74	221	0.472979
74	222	0.463478
74	223	0.226973
74	224	0.247369
74	225	0.245169
74	226	0.240493
74	227	0.259514
74	228	0.227165
74	229	0.25353
74	230	0.247001
74	231	0.228088
74	232	0.228758
74	233	0.273514
74	234	0.250664
74	235	0.972606
74	236	0.292619
74	237	0.290505
74	238	0.314194
74	239	0.315378
74	240	0
74	241	0.810535
74	242	0.80686
74	243	0.726144
74	244	0.660808
74	245	0.743618
74	246	0.760602
74	247	0.775072
74	248	0.776688
74	249	0.659723
74	250	0
74	251	0.703696
74	252	0.769846
74	253	0.774456
74	254	0.681335
74	255	0.779269
74	256	0.755675
75	1	0.750009
75	2	0.689122
75	3	0.741449
75	4	0.724522
75	5	0.751753
75	6	0.750066
75	7	0.727241
75	8	0.737843
75	9	0.703006
75	10	0.712983
75	11	0.633259
75	12	0.644721
75	13	0.684975
75	14	0.625147
75	15	0.682116
75	16	0.691644
75	17	0.696146
75	18	0.679621
75	19	0.668562
75	20	0.652465
75	21	0
75	22	0.680534
75	23	0.518055
75	24	0.640373
75	25	0
75	26	0.621052
75	27	0.59065
75	28	0.614658
75	29	0.569351
75	30	0.605752
75	31	0.605984
75	32	0.617968
75	33	0
75	34	0.565861
75	35	0.623304
75	36	0.559716
75	37	0.608497
75	38	0.0914698
75	39	0.61737
75	40	0.617171
75	41	0.609519
75	42	0.583113
75	43	0.609925
75	44	0.586261
75	45	0.59468
75	46	0.606939
75	47	0.601728
75	48	0.556213
75	49	0.599957
75	50	0.581033
75	51	0.595505
75	52	0.597091
75	53	0.579571
75	54	0.441727
75	55	0.431447
75	56	0.428875
75	57	0
75	58	0
75	59	0
75	60	0
75	61	0
75	62	0.685759
75	63	0.655269
75	64	0.700316
75	65	0.942658
75	66	0.916507
75	67	0.879719
75	68	0.911616
75	69	0.921488
75	70	0.886864
75	71	0.897319
75	72	0.952322
75	73	0.9065
75	74	0.880885
75	76	0.893771
75	77	0.893353
75	78	0.979179
75	79	0.891412
75	80	0.959464
75	81	0.927887
75	82	0.947212
75	83	0.894935
75	84	0.91277
75	85	0.937336
75	86	0.804741
75	87	0.816882
75	88	0.843772
75	89	0.879449
75	90	0.837709
75	91	0.867951
75	92	0.825973
75	93	0.844883
75	94	0.82146
75	95	0.842474
75	96	0.839344
75	97	0.816828
75	98	0.735212
75	99	0.822936
75	100	0.815644
75	101	0.807364
75	102	0.811056
75	103	0.741658
75	104	0.71109
75	105	0.790682
75	106	0.694913
75	107	0.630588
75	108	0.655072
75	109	0.664895
75	110	0.77377
75	111	0.776484
75	112	0.776039
75	113	0.687094
75	114	0.641713
75	115	0.741976
75	116	0.720557
75	117	0.76298
75	118	0.730785
75	119	0.754142
75	120	0.765545
75	121	0.758496
75	122	0.761209
75	123	0.741504
75	124	0.750432
75	125	0.746657
75	126	0.639418
75	127	0
75	128	0.737326
75	129	0.658236
75	130	0.632874
75	131	0.63183
75	132	0.628093
75	133	0.705334
75	134	0.70685
75	135	0.625697
75	136	0.622654
75	137	0.684742
75	138	0.635967
75	139	0.681785
75	140	0.635798
75	141	0.658853
75	142	0.649164
75	143	0.568622
75	144	0.596245
75	145	0.59054
75	146	0.57887
75	147	0.621736
75	148	0.61136
75	149	0.617434
75	150	0.576427
75	151	0.591567
75	152	0.586621
75	153	0.582303
75	154	0.596042
75	155	0.566718
75	156	0.613163
75	157	0.574205
75	158	0.580979
75	159	0.576364
75	160	0.604712
75	161	0.567541
75	162	0.572478
75	163	0.615487
75	164	0.582864
75	165	0.608895
75	166	0.562388
75	167	0.562398
75	168	0.584802
75	169	0.575641
75	170	0.59308
75	171	0.554114
75	172	0.556549
75	173	0.55792
75	174	0.585852
75	175	0.569117
75	176	0.570483
75	177	0.598584
75	178	0.429815
75	179	0.437789
75	180	0.432268
75	181	0.43368
75	182	0.420608
75	183	0.423508
75	184	0.424641
75	185	0.426079
75	186	0.421767
75	187	0
75	188	0
75	189	0
75	190	0
75	191	0
75	192	0
75	193	0
75	194	0
75	195	0
75	196	0
75	197	0
75	198	0
75	199	0
75	200	0
75	201	0
75	202	0
75	203	0
75	204	0
75	205	0
75	206	0
75	207	0.522528
75	208	0.513207
75	209	0.726697
75	210	0.52819
75	211	0.665569
75	212	0.613107
75	213	0.55394
75	214	0.5074
75	215	0.530541
75	216	0.525138
75	217	0.505783
75	218	0.238345
75	219	0.536005
75	220	0.25374
75	221	0.485244
75	222	0.492495
75	223	0.25706
75	224	0.280159
75	225	0.277668
75	226	0.272372
75	227	0.293914
75	228	0.257277
75	229	0.287137
75	230	0.279743
75	231	0.258323
75	232	0.259081
75	233	0.30977
75	234	0.283891
75	235	0.895004
75	236	0.331407
75	237	0.329013
75	238	0.355842
75	239	0.357184
75	240	0
75	241	0.802849
75	242	0.799209
75	243	0.719259
75	244	0.654542
75	245	0.736567
75	246	0.75339
75	247	0.767723
75	248	0.769323
75	249	0.653467
75	250	0
75	251	0.697024
75	252	0.762546
75	253	0.767113
75	254	0.674875
75	255	0.77188
75	256	0.74851
76	1	0.768265
76	2	0.705896
76	3	0.759497
76	4	0.742158
76	5	0.770052
76	6	0.768324
76	7	0.744943
76	8	0.755803
76	9	0.720118
76	10	0.730338
76	11	0.648673
76	12	0.660414
76	13	0.701648
76	14	0.640364
76	15	0.69872
76	16	0.708479
76	17	0.713091
76	18	0.696164
76	19	0.684835
76	20	0.668347
76	21	0
76	22	0.697099
76	23	0.530665
76	24	0.655961
76	25	0
76	26	0.636169
76	27	0.605027
76	28	0.629619
76	29	0.583209
76	30	0.620497
76	31	0.620734
76	32	0.63301
76	33	0
76	34	0.579634
76	35	0.638476
76	36	0.57334
76	37	0.623308
76	38	0.0936963
76	39	0.632398
76	40	0.632194
76	41	0.624355
76	42	0.597306
76	43	0.624772
76	44	0.600532
76	45	0.609155
76	46	0.621713
76	47	0.616375
76	48	0.569752
76	49	0.61456
76	50	0.595176
76	51	0.61
76	52	0.611624
76	53	0.593679
76	54	0.452479
76	55	0.441949
76	56	0.439314
76	57	0
76	58	0
76	59	0
76	60	0
76	61	0
76	62	0.681084
76	63	0.6424
76	64	0.695542
76	65	0.93138
76	66	0.945946
76	67	0.940272
76	68	0.947962
76	69	0.958332
76	70	0.957419
76	71	0.962714
76	72	0.932817
76	73	0.972453
76	74	0.984915
76	75	0.893771
76	77	0.979395
76	78	0.878119
76	79	0.958324
76	80	0.896808
76	81	0.927327
76	82	0.907258
76	83	0.954643
76	84	0.94029
76	85	0.915538
76	86	0.82433
76	87	0.836766
76	88	0.864311
76	89	0.900856
76	90	0.8581
76	91	0.889077
76	92	0.846078
76	93	0.865448
76	94	0.841455
76	95	0.862981
76	96	0.859775
76	97	0.836711
76	98	0.753108
76	99	0.842967
76	100	0.835498
76	101	0.827016
76	102	0.830798
76	103	0.759711
76	104	0.728399
76	105	0.809929
76	106	0.711828
76	107	0.645938
76	108	0.671017
76	109	0.681079
76	110	0.792605
76	111	0.795384
76	112	0.794929
76	113	0.703818
76	114	0.657333
76	115	0.760036
76	116	0.738096
76	117	0.781551
76	118	0.748573
76	119	0.772499
76	120	0.78418
76	121	0.776958
76	122	0.779738
76	123	0.759553
76	124	0.768699
76	125	0.764832
76	126	0.654982
76	127	0
76	128	0.755273
76	129	0.674259
76	130	0.648279
76	131	0.647209
76	132	0.643381
76	133	0.722503
76	134	0.724056
76	135	0.640927
76	136	0.63781
76	137	0.70141
76	138	0.651447
76	139	0.69838
76	140	0.651274
76	141	0.67489
76	142	0.664966
76	143	0.582463
76	144	0.610758
76	145	0.604915
76	146	0.59296
76	147	0.636869
76	148	0.626242
76	149	0.632463
76	150	0.590458
76	151	0.605967
76	152	0.6009
76	153	0.596477
76	154	0.61055
76	155	0.580513
76	156	0.628088
76	157	0.588182
76	158	0.595121
76	159	0.590393
76	160	0.619431
76	161	0.581356
76	162	0.586412
76	163	0.630469
76	164	0.597051
76	165	0.623717
76	166	0.576077
76	167	0.576088
76	168	0.599037
76	169	0.589653
76	170	0.607516
76	171	0.567602
76	172	0.570096
76	173	0.571501
76	174	0.600112
76	175	0.58297
76	176	0.58437
76	177	0.613154
76	178	0.440277
76	179	0.448445
76	180	0.44279
76	181	0.444236
76	182	0.430846
76	183	0.433817
76	184	0.434977
76	185	0.43645
76	186	0.432033
76	187	0
76	188	0
76	189	0
76	190	0
76	191	0
76	192	0
76	193	0
76	194	0
76	195	0
76	196	0
76	197	0
76	198	0
76	199	0
76	200	0
76	201	0
76	202	0
76	203	0
76	204	0
76	205	0
76	206	0
76	207	0.518966
76	208	0.503129
76	209	0.721743
76	210	0.524589
76	211	0.661031
76	212	0.608927
76	213	0.550164
76	214	0.497435
76	215	0.526924
76	216	0.521558
76	217	0.49585
76	218	0.213527
76	219	0.532351
76	220	0.227319
76	221	0.475714
76	222	0.466159
76	223	0.230294
76	224	0.250988
76	225	0.248756
76	226	0.244011
76	227	0.26331
76	228	0.230488
76	229	0.257239
76	230	0.250614
76	231	0.231425
76	232	0.232104
76	233	0.277515
76	234	0.254331
76	235	0.958873
76	236	0.296899
76	237	0.294755
76	238	0.31879
76	239	0.319992
76	240	0
76	241	0.822391
76	242	0.818663
76	243	0.736766
76	244	0.670474
76	245	0.754496
76	246	0.771729
76	247	0.78641
76	248	0.78805
76	249	0.669373
76	250	0
76	251	0.71399
76	252	0.781107
76	253	0.785785
76	254	0.691302
76	255	0.790669
76	256	0.76673
77	1	0.783321
77	2	0.719729
77	3	0.774381
77	4	0.756702
77	5	0.785143
77	6	0.783381
77	7	0.759541
77	8	0.770614
77	9	0.73423
77	10	0.744651
77	11	0.661385
77	12	0.673356
77	13	0.715398
77	14	0.652913
77	15	0.712413
77	16	0.722363
77	17	0.727066
77	18	0.709807
77	19	0.698256
77	20	0.681444
77	21	0
77	22	0.71076
77	23	0.541065
77	24	0.668816
77	25	0
77	26	0.648636
77	27	0.616884
77	28	0.641958
77	29	0.594639
77	30	0.632657
77	31	0.632899
77	32	0.645416
77	33	0
77	34	0.590994
77	35	0.650988
77	36	0.584576
77	37	0.635524
77	38	0.0955325
77	39	0.644791
77	40	0.644583
77	41	0.636591
77	42	0.609012
77	43	0.637015
77	44	0.6123
77	45	0.621093
77	46	0.633897
77	47	0.628454
77	48	0.580918
77	49	0.626604
77	50	0.60684
77	51	0.621955
77	52	0.623611
77	53	0.605313
77	54	0.461346
77	55	0.45061
77	56	0.447924
77	57	0
77	58	0
77	59	0
77	60	0
77	61	0
77	62	0.678632
77	63	0.640087
77	64	0.693037
77	65	0.928026
77	66	0.94254
77	67	0.921522
77	68	0.93751
77	69	0.954944
77	70	0.938327
77	71	0.943517
77	72	0.932382
77	73	0.971999
77	74	0.965275
77	75	0.893353
77	76	0.979395
77	78	0.895327
77	79	0.977105
77	80	0.914382
77	81	0.9455
77	82	0.925037
77	83	0.973351
77	84	0.958717
77	85	0.93348
77	86	0.840484
77	87	0.853164
77	88	0.881249
77	89	0.91851
77	90	0.874916
77	91	0.906501
77	92	0.862659
77	93	0.882409
77	94	0.857945
77	95	0.879893
77	96	0.876624
77	97	0.853108
77	98	0.767867
77	99	0.859487
77	100	0.851871
77	101	0.843223
77	102	0.84708
77	103	0.774599
77	104	0.742673
77	105	0.825801
77	106	0.725778
77	107	0.658596
77	108	0.684167
77	109	0.694426
77	110	0.808137
77	111	0.810972
77	112	0.810507
77	113	0.717611
77	114	0.670215
77	115	0.774931
77	116	0.752561
77	117	0.796868
77	118	0.763243
77	119	0.787638
77	120	0.799547
77	121	0.792185
77	122	0.795018
77	123	0.774438
77	124	0.783763
77	125	0.77982
77	126	0.667818
77	127	0
77	128	0.770075
77	129	0.687472
77	130	0.660983
77	131	0.659893
77	132	0.65599
77	133	0.736662
77	134	0.738245
77	135	0.653487
77	136	0.65031
77	137	0.715155
77	138	0.664213
77	139	0.712067
77	140	0.664037
77	141	0.688116
77	142	0.677997
77	143	0.593878
77	144	0.622727
77	145	0.616769
77	146	0.60458
77	147	0.64935
77	148	0.638514
77	149	0.644858
77	150	0.602029
77	151	0.617842
77	152	0.612676
77	153	0.608166
77	154	0.622516
77	155	0.591889
77	156	0.640397
77	157	0.599708
77	158	0.606784
77	159	0.601963
77	160	0.631571
77	161	0.592749
77	162	0.597904
77	163	0.642824
77	164	0.608752
77	165	0.63594
77	166	0.587366
77	167	0.587377
77	168	0.610777
77	169	0.601208
77	170	0.619422
77	171	0.578725
77	172	0.581268
77	173	0.582701
77	174	0.611873
77	175	0.594395
77	176	0.595822
77	177	0.625171
77	178	0.448905
77	179	0.457234
77	180	0.451467
77	181	0.452942
77	182	0.439289
77	183	0.442319
77	184	0.443502
77	185	0.445003
77	186	0.4405
77	187	0
77	188	0
77	189	0
77	190	0
77	191	0
77	192	0
77	193	0
77	194	0
77	195	0
77	196	0
77	197	0
77	198	0
77	199	0
77	200	0
77	201	0
77	202	0
77	203	0
77	204	0
77	205	0
77	206	0
77	207	0.517097
77	208	0.501317
77	209	0.719144
77	210	0.5227
77	211	0.658651
77	212	0.606734
77	213	0.548183
77	214	0.495644
77	215	0.525026
77	216	0.51968
77	217	0.494065
77	218	0.217711
77	219	0.530434
77	220	0.231774
77	221	0.474001
77	222	0.46448
77	223	0.234807
77	224	0.255906
77	225	0.25363
77	226	0.248793
77	227	0.26847
77	228	0.235005
77	229	0.26228
77	230	0.255526
77	231	0.23596
77	232	0.236653
77	233	0.282954
77	234	0.259315
77	235	0.939752
77	236	0.302718
77	237	0.300531
77	238	0.325038
77	239	0.326263
77	240	0
77	241	0.838508
77	242	0.834706
77	243	0.751205
77	244	0.683614
77	245	0.769282
77	246	0.786852
77	247	0.801821
77	248	0.803493
77	249	0.682491
77	250	0
77	251	0.727982
77	252	0.796414
77	253	0.801184
77	254	0.704849
77	255	0.806164
77	256	0.781755
78	1	0.765406
78	2	0.703268
78	3	0.75667
78	4	0.739396
78	5	0.767186
78	6	0.765464
78	7	0.74217
78	8	0.752989
78	9	0.717437
78	10	0.72762
78	11	0.646258
78	12	0.657956
78	13	0.699036
78	14	0.63798
78	15	0.696119
78	16	0.705842
78	17	0.710437
78	18	0.693573
78	19	0.682286
78	20	0.665859
78	21	0
78	22	0.694504
78	23	0.52869
78	24	0.653519
78	25	0
78	26	0.633801
78	27	0.602775
78	28	0.627276
78	29	0.581039
78	30	0.618187
78	31	0.618424
78	32	0.630654
78	33	0
78	34	0.577477
78	35	0.636099
78	36	0.571206
78	37	0.620988
78	38	0.0933476
78	39	0.630044
78	40	0.62984
78	41	0.622031
78	42	0.595083
78	43	0.622446
78	44	0.598296
78	45	0.606888
78	46	0.619399
78	47	0.614081
78	48	0.567632
78	49	0.612273
78	50	0.592961
78	51	0.60773
78	52	0.609348
78	53	0.591469
78	54	0.450795
78	55	0.440304
78	56	0.437679
78	57	0
78	58	0
78	59	0
78	60	0
78	61	0
78	62	0.672197
78	63	0.64231
78	64	0.686466
78	65	0.924015
78	66	0.898382
78	67	0.862321
78	68	0.893588
78	69	0.903264
78	70	0.869325
78	71	0.879573
78	72	0.933488
78	73	0.888573
78	74	0.865458
78	75	0.979179
78	76	0.878119
78	77	0.895327
78	79	0.909711
78	80	0.97916
78	81	0.946935
78	82	0.966657
78	83	0.913307
78	84	0.931508
78	85	0.956578
78	86	0.821262
78	87	0.833651
78	88	0.861093
78	89	0.897503
78	90	0.854906
78	91	0.885768
78	92	0.842929
78	93	0.862227
78	94	0.838323
78	95	0.859769
78	96	0.856575
78	97	0.833596
78	98	0.750305
78	99	0.839829
78	100	0.832388
78	101	0.823938
78	102	0.827706
78	103	0.756883
78	104	0.725687
78	105	0.806914
78	106	0.709178
78	107	0.643533
78	108	0.668519
78	109	0.678544
78	110	0.789654
78	111	0.792424
78	112	0.79197
78	113	0.701199
78	114	0.654887
78	115	0.757207
78	116	0.735349
78	117	0.778642
78	118	0.745787
78	119	0.769624
78	120	0.781261
78	121	0.774066
78	122	0.776835
78	123	0.756726
78	124	0.765838
78	125	0.761985
78	126	0.652544
78	127	0
78	128	0.752462
78	129	0.671749
78	130	0.645866
78	131	0.6448
78	132	0.640987
78	133	0.719814
78	134	0.721361
78	135	0.638541
78	136	0.635436
78	137	0.698799
78	138	0.649022
78	139	0.695781
78	140	0.64885
78	141	0.672378
78	142	0.662491
78	143	0.580295
78	144	0.608485
78	145	0.602663
78	146	0.590753
78	147	0.634499
78	148	0.623911
78	149	0.630109
78	150	0.58826
78	151	0.603711
78	152	0.598664
78	153	0.594257
78	154	0.608278
78	155	0.578352
78	156	0.62575
78	157	0.585992
78	158	0.592906
78	159	0.588195
78	160	0.617126
78	161	0.579192
78	162	0.58423
78	163	0.628122
78	164	0.594829
78	165	0.621395
78	166	0.573933
78	167	0.573944
78	168	0.596807
78	169	0.587458
78	170	0.605255
78	171	0.565489
78	172	0.567974
78	173	0.569374
78	174	0.597879
78	175	0.5808
78	176	0.582195
78	177	0.610872
78	178	0.438638
78	179	0.446776
78	180	0.441142
78	181	0.442582
78	182	0.429242
78	183	0.432202
78	184	0.433358
78	185	0.434825
78	186	0.430425
78	187	0
78	188	0
78	189	0
78	190	0
78	191	0
78	192	0
78	193	0
78	194	0
78	195	0
78	196	0
78	197	0
78	198	0
78	199	0
78	200	0
78	201	0
78	202	0
78	203	0
78	204	0
78	205	0
78	206	0
78	207	0.512194
78	208	0.503058
78	209	0.712326
78	210	0.517744
78	211	0.652406
78	212	0.600982
78	213	0.542985
78	214	0.497366
78	215	0.520048
78	216	0.514753
78	217	0.49578
78	218	0.240559
78	219	0.525404
78	220	0.256097
78	221	0.475648
78	222	0.482755
78	223	0.259449
78	224	0.282762
78	225	0.280248
78	226	0.274903
78	227	0.296644
78	228	0.259668
78	229	0.289805
78	230	0.282342
78	231	0.260723
78	232	0.261488
78	233	0.312649
78	234	0.286529
78	235	0.877304
78	236	0.334486
78	237	0.33207
78	238	0.359149
78	239	0.360502
78	240	0
78	241	0.81933
78	242	0.815615
78	243	0.734024
78	244	0.667979
78	245	0.751688
78	246	0.768856
78	247	0.783483
78	248	0.785116
78	249	0.666882
78	250	0
78	251	0.711332
78	252	0.7782
78	253	0.78286
78	254	0.688729
78	255	0.787726
78	256	0.763876
79	1	0.795905
79	2	0.731292
79	3	0.786821
79	4	0.768859
79	5	0.797756
79	6	0.795966
79	7	0.771744
79	8	0.782994
79	9	0.746026
79	10	0.756614
79	11	0.67201
79	12	0.684174
79	13	0.726891
79	14	0.663402
79	15	0.723858
79	16	0.733968
79	17	0.738746
79	18	0.72121
79	19	0.709473
79	20	0.692392
79	21	0
79	22	0.722178
79	23	0.549757
79	24	0.67956
79	25	0
79	26	0.659056
79	27	0.626794
79	28	0.652271
79	29	0.604192
79	30	0.64282
79	31	0.643067
79	32	0.655784
79	33	0
79	34	0.600488
79	35	0.661446
79	36	0.593968
79	37	0.645733
79	38	0.0970672
79	39	0.655149
79	40	0.654938
79	41	0.646818
79	42	0.618796
79	43	0.647249
79	44	0.622137
79	45	0.631071
79	46	0.64408
79	47	0.638551
79	48	0.59025
79	49	0.636671
79	50	0.616589
79	51	0.631946
79	52	0.633629
79	53	0.615037
79	54	0.468758
79	55	0.457849
79	56	0.455119
79	57	0
79	58	0
79	59	0
79	60	0
79	61	0
79	62	0.664031
79	63	0.626315
79	64	0.678127
79	65	0.90806
79	66	0.922262
79	67	0.901696
79	68	0.91734
79	69	0.934398
79	70	0.91814
79	71	0.923218
79	72	0.912322
79	73	0.951087
79	74	0.944508
79	75	0.891412
79	76	0.958324
79	77	0.977105
79	78	0.909711
79	80	0.929072
79	81	0.960689
79	82	0.939898
79	83	0.985487
79	84	0.974119
79	85	0.948476
79	86	0.853987
79	87	0.86687
79	88	0.895406
79	89	0.933266
79	90	0.888972
79	91	0.921064
79	92	0.876518
79	93	0.896584
79	94	0.871728
79	95	0.894029
79	96	0.890707
79	97	0.866813
79	98	0.780203
79	99	0.873294
79	100	0.865557
79	101	0.856769
79	102	0.860688
79	103	0.787043
79	104	0.754604
79	105	0.839067
79	106	0.737437
79	107	0.669176
79	108	0.695158
79	109	0.705582
79	110	0.82112
79	111	0.824
79	112	0.823528
79	113	0.72914
79	114	0.680982
79	115	0.78738
79	116	0.764651
79	117	0.809669
79	118	0.775505
79	119	0.800291
79	120	0.812392
79	121	0.804911
79	122	0.80779
79	123	0.786879
79	124	0.796354
79	125	0.792348
79	126	0.678546
79	127	0
79	128	0.782446
79	129	0.698516
79	130	0.671602
79	131	0.670494
79	132	0.666528
79	133	0.748497
79	134	0.750105
79	135	0.663986
79	136	0.660757
79	137	0.726644
79	138	0.674884
79	139	0.723506
79	140	0.674705
79	141	0.699171
79	142	0.688889
79	143	0.603419
79	144	0.632731
79	145	0.626678
79	146	0.614293
79	147	0.659782
79	148	0.648772
79	149	0.655217
79	150	0.611701
79	151	0.627768
79	152	0.622519
79	153	0.617937
79	154	0.632516
79	155	0.601398
79	156	0.650685
79	157	0.609343
79	158	0.616532
79	159	0.611634
79	160	0.641717
79	161	0.602271
79	162	0.60751
79	163	0.653151
79	164	0.618532
79	165	0.646156
79	166	0.596803
79	167	0.596814
79	168	0.620589
79	169	0.610867
79	170	0.629373
79	171	0.588022
79	172	0.590607
79	173	0.592062
79	174	0.621703
79	175	0.603944
79	176	0.605394
79	177	0.635214
79	178	0.456117
79	179	0.464579
79	180	0.45872
79	181	0.460218
79	182	0.446346
79	183	0.449424
79	184	0.450627
79	185	0.452152
79	186	0.447577
79	187	0
79	188	0
79	189	0
79	190	0
79	191	0
79	192	0
79	193	0
79	194	0
79	195	0
79	196	0
79	197	0
79	198	0
79	199	0
79	200	0
79	201	0
79	202	0
79	203	0
79	204	0
79	205	0
79	206	0
79	207	0.505972
79	208	0.490531
79	209	0.703672
79	210	0.511455
79	211	0.644481
79	212	0.593681
79	213	0.536389
79	214	0.484981
79	215	0.513731
79	216	0.508499
79	217	0.483435
79	218	0.221209
79	219	0.519022
79	220	0.235497
79	221	0.463804
79	222	0.454487
79	223	0.238579
79	224	0.260017
79	225	0.257705
79	226	0.25279
79	227	0.272783
79	228	0.238781
79	229	0.266493
79	230	0.259631
79	231	0.239751
79	232	0.240454
79	233	0.2875
79	234	0.263481
79	235	0.919534
79	236	0.307581
79	237	0.305359
79	238	0.330259
79	239	0.331504
79	240	0
79	241	0.851979
79	242	0.848116
79	243	0.763273
79	244	0.694596
79	245	0.781641
79	246	0.799493
79	247	0.814702
79	248	0.816401
79	249	0.693455
79	250	0
79	251	0.739677
79	252	0.809209
79	253	0.814055
79	254	0.716173
79	255	0.819115
79	256	0.794314
80	1	0.781696
80	2	0.718236
80	3	0.772774
80	4	0.755132
80	5	0.783514
80	6	0.781755
80	7	0.757965
80	8	0.769015
80	9	0.732707
80	10	0.743106
80	11	0.660013
80	12	0.671959
80	13	0.713914
80	14	0.651558
80	15	0.710935
80	16	0.720864
80	17	0.725557
80	18	0.708334
80	19	0.696807
80	20	0.68003
80	21	0
80	22	0.709285
80	23	0.539942
80	24	0.667428
80	25	0
80	26	0.64729
80	27	0.615604
80	28	0.640626
80	29	0.593405
80	30	0.631344
80	31	0.631586
80	32	0.644076
80	33	0
80	34	0.589767
80	35	0.649637
80	36	0.583363
80	37	0.634205
80	38	0.0953343
80	39	0.643453
80	40	0.643245
80	41	0.63527
80	42	0.607748
80	43	0.635694
80	44	0.61103
80	45	0.619804
80	46	0.632581
80	47	0.62715
80	48	0.579712
80	49	0.625304
80	50	0.605581
80	51	0.620664
80	52	0.622317
80	53	0.604057
80	54	0.460389
80	55	0.449675
80	56	0.446994
80	57	0
80	58	0
80	59	0
80	60	0
80	61	0
80	62	0.658663
80	63	0.629377
80	64	0.672644
80	65	0.905411
80	66	0.880293
80	67	0.844959
80	68	0.875596
80	69	0.885077
80	70	0.859203
80	71	0.863955
80	72	0.914693
80	73	0.890035
80	74	0.883878
80	75	0.959464
80	76	0.896808
80	77	0.914382
80	78	0.97916
80	79	0.929072
80	81	0.967088
80	82	0.98723
80	83	0.932745
80	84	0.951333
80	85	0.976936
80	86	0.83874
80	87	0.851394
80	88	0.87942
80	89	0.916604
80	90	0.873101
80	91	0.90462
80	92	0.860869
80	93	0.880578
80	94	0.856165
80	95	0.878068
80	96	0.874805
80	97	0.851338
80	98	0.766274
80	99	0.857703
80	100	0.850104
80	101	0.841473
80	102	0.845322
80	103	0.772992
80	104	0.741132
80	105	0.824087
80	106	0.724272
80	107	0.65723
80	108	0.682747
80	109	0.692986
80	110	0.80646
80	111	0.809289
80	112	0.808825
80	113	0.716122
80	114	0.668824
80	115	0.773323
80	116	0.750999
80	117	0.795214
80	118	0.761659
80	119	0.786004
80	120	0.797888
80	121	0.790541
80	122	0.793369
80	123	0.772831
80	124	0.782137
80	125	0.778202
80	126	0.666432
80	127	0
80	128	0.768477
80	129	0.686046
80	130	0.659612
80	131	0.658523
80	132	0.654629
80	133	0.735134
80	134	0.736714
80	135	0.652131
80	136	0.64896
80	137	0.713671
80	138	0.662835
80	139	0.710589
80	140	0.662659
80	141	0.686688
80	142	0.67659
80	143	0.592646
80	144	0.621435
80	145	0.615489
80	146	0.603326
80	147	0.648003
80	148	0.637189
80	149	0.64352
80	150	0.60078
80	151	0.61656
80	152	0.611405
80	153	0.606904
80	154	0.621224
80	155	0.590661
80	156	0.639068
80	157	0.598464
80	158	0.605524
80	159	0.600714
80	160	0.63026
80	161	0.591519
80	162	0.596664
80	163	0.64149
80	164	0.607489
80	165	0.63462
80	166	0.586148
80	167	0.586159
80	168	0.609509
80	169	0.599961
80	170	0.618137
80	171	0.577524
80	172	0.580062
80	173	0.581491
80	174	0.610603
80	175	0.593162
80	176	0.594585
80	177	0.623873
80	178	0.447974
80	179	0.456285
80	180	0.450531
80	181	0.452002
80	182	0.438377
80	183	0.441401
80	184	0.442581
80	185	0.44408
80	186	0.439586
80	187	0
80	188	0
80	189	0
80	190	0
80	191	0
80	192	0
80	193	0
80	194	0
80	195	0
80	196	0
80	197	0
80	198	0
80	199	0
80	200	0
80	201	0
80	202	0
80	203	0
80	204	0
80	205	0
80	206	0
80	207	0.501882
80	208	0.492929
80	209	0.697983
80	210	0.50732
80	211	0.63927
80	212	0.588881
80	213	0.532052
80	214	0.487351
80	215	0.509577
80	216	0.504388
80	217	0.485798
80	218	0.238097
80	219	0.514825
80	220	0.253476
80	221	0.466071
80	222	0.473035
80	223	0.256793
80	224	0.279868
80	225	0.277379
80	226	0.272088
80	227	0.293608
80	228	0.25701
80	229	0.286838
80	230	0.279452
80	231	0.258054
80	232	0.258811
80	233	0.309448
80	234	0.283596
80	235	0.860507
80	236	0.331062
80	237	0.328671
80	238	0.355472
80	239	0.356812
80	240	0
80	241	0.836768
80	242	0.832974
80	243	0.749646
80	244	0.682195
80	245	0.767686
80	246	0.78522
80	247	0.800157
80	248	0.801826
80	249	0.681075
80	250	0
80	251	0.726472
80	252	0.794762
80	253	0.799522
80	254	0.703387
80	255	0.804491
80	256	0.780133
81	1	0.797167
81	2	0.732451
81	3	0.788069
81	4	0.770078
81	5	0.799021
81	6	0.797228
81	7	0.772967
81	8	0.784236
81	9	0.747209
81	10	0.757813
81	11	0.673076
81	12	0.685259
81	13	0.728044
81	14	0.664454
81	15	0.725006
81	16	0.735132
81	17	0.739917
81	18	0.722354
81	19	0.710598
81	20	0.69349
81	21	0
81	22	0.723323
81	23	0.550629
81	24	0.680638
81	25	0
81	26	0.660101
81	27	0.627788
81	28	0.653305
81	29	0.60515
81	30	0.64384
81	31	0.644086
81	32	0.656824
81	33	0
81	34	0.60144
81	35	0.662495
81	36	0.594909
81	37	0.646757
81	38	0.0972212
81	39	0.656188
81	40	0.655977
81	41	0.647843
81	42	0.619777
81	43	0.648275
81	44	0.623124
81	45	0.632071
81	46	0.645102
81	47	0.639563
81	48	0.591186
81	49	0.63768
81	50	0.617567
81	51	0.632948
81	52	0.634634
81	53	0.616013
81	54	0.469501
81	55	0.458575
81	56	0.455841
81	57	0
81	58	0
81	59	0
81	60	0
81	61	0
81	62	0.642553
81	63	0.608664
81	64	0.656193
81	65	0.878689
81	66	0.892431
81	67	0.872531
81	68	0.887669
81	69	0.904175
81	70	0.888442
81	71	0.893356
81	72	0.884589
81	73	0.920324
81	74	0.913957
81	75	0.927887
81	76	0.927327
81	77	0.9455
81	78	0.946935
81	79	0.960689
81	80	0.967088
81	82	0.978357
81	83	0.96212
81	84	0.977278
81	85	0.986398
81	86	0.855341
81	87	0.868245
81	88	0.896826
81	89	0.934746
81	90	0.890381
81	91	0.922524
81	92	0.877908
81	93	0.898006
81	94	0.87311
81	95	0.895446
81	96	0.89212
81	97	0.868187
81	98	0.78144
81	99	0.874679
81	100	0.866929
81	101	0.858128
81	102	0.862053
81	103	0.788291
81	104	0.755801
81	105	0.840398
81	106	0.738606
81	107	0.670238
81	108	0.69626
81	109	0.706701
81	110	0.822422
81	111	0.825306
81	112	0.824834
81	113	0.730296
81	114	0.682062
81	115	0.788629
81	116	0.765863
81	117	0.810953
81	118	0.776734
81	119	0.80156
81	120	0.81368
81	121	0.806187
81	122	0.809071
81	123	0.788127
81	124	0.797617
81	125	0.793605
81	126	0.679622
81	127	0
81	128	0.783687
81	129	0.699624
81	130	0.672667
81	131	0.671557
81	132	0.667585
81	133	0.749683
81	134	0.751295
81	135	0.665038
81	136	0.661805
81	137	0.727797
81	138	0.675954
81	139	0.724653
81	140	0.675775
81	141	0.70028
81	142	0.689981
81	143	0.604376
81	144	0.633735
81	145	0.627671
81	146	0.615267
81	147	0.660828
81	148	0.649801
81	149	0.656256
81	150	0.612671
81	151	0.628763
81	152	0.623506
81	153	0.618916
81	154	0.633519
81	155	0.602351
81	156	0.651716
81	157	0.610309
81	158	0.617509
81	159	0.612603
81	160	0.642734
81	161	0.603226
81	162	0.608473
81	163	0.654187
81	164	0.619512
81	165	0.647181
81	166	0.597749
81	167	0.59776
81	168	0.621573
81	169	0.611835
81	170	0.630371
81	171	0.588955
81	172	0.591543
81	173	0.593
81	174	0.622688
81	175	0.604902
81	176	0.606353
81	177	0.636221
81	178	0.45684
81	179	0.465316
81	180	0.459448
81	181	0.460948
81	182	0.447054
81	183	0.450137
81	184	0.451341
81	185	0.452869
81	186	0.448286
81	187	0
81	188	0
81	189	0
81	190	0
81	191	0
81	192	0
81	193	0
81	194	0
81	195	0
81	196	0
81	197	0
81	198	0
81	199	0
81	200	0
81	201	0
81	202	0
81	203	0
81	204	0
81	205	0
81	206	0
81	207	0.489606
81	208	0.476706
81	209	0.680912
81	210	0.494912
81	211	0.623635
81	212	0.574478
81	213	0.519039
81	214	0.471312
81	215	0.497114
81	216	0.492052
81	217	0.46981
81	218	0.230261
81	219	0.502234
81	220	0.245134
81	221	0.450732
81	222	0.457467
81	223	0.248341
81	224	0.270657
81	225	0.26825
81	226	0.263134
81	227	0.283945
81	228	0.248551
81	229	0.277398
81	230	0.270255
81	231	0.249561
81	232	0.250293
81	233	0.299264
81	234	0.274262
81	235	0.889791
81	236	0.320167
81	237	0.317854
81	238	0.343773
81	239	0.345069
81	240	0
81	241	0.85333
81	242	0.84946
81	243	0.764483
81	244	0.695697
81	245	0.78288
81	246	0.800761
81	247	0.815994
81	248	0.817696
81	249	0.694555
81	250	0
81	251	0.74085
81	252	0.810492
81	253	0.815346
81	254	0.717308
81	255	0.820413
81	256	0.795574
82	1	0.790805
82	2	0.726605
82	3	0.781779
82	4	0.763931
82	5	0.792643
82	6	0.790865
82	7	0.766798
82	8	0.777976
82	9	0.741244
82	10	0.751765
82	11	0.667704
82	12	0.679789
82	13	0.722233
82	14	0.659151
82	15	0.719219
82	16	0.729264
82	17	0.734012
82	18	0.716588
82	19	0.704927
82	20	0.687954
82	21	0
82	22	0.71755
82	23	0.546234
82	24	0.675205
82	25	0
82	26	0.654833
82	27	0.622777
82	28	0.648091
82	29	0.600319
82	30	0.638701
82	31	0.638945
82	32	0.651581
82	33	0
82	34	0.59664
82	35	0.657207
82	36	0.590161
82	37	0.641595
82	38	0.0964452
82	39	0.650951
82	40	0.650741
82	41	0.642672
82	42	0.61483
82	43	0.643101
82	44	0.61815
82	45	0.627026
82	46	0.639953
82	47	0.634458
82	48	0.586467
82	49	0.63259
82	50	0.612638
82	51	0.627896
82	52	0.629568
82	53	0.611096
82	54	0.465754
82	55	0.454915
82	56	0.452203
82	57	0
82	58	0
82	59	0
82	60	0
82	61	0
82	62	0.650252
82	63	0.62134
82	64	0.664055
82	65	0.893849
82	66	0.873117
82	67	0.853647
82	68	0.868457
82	69	0.884607
82	70	0.869215
82	71	0.874022
82	72	0.903013
82	73	0.900406
82	74	0.894177
82	75	0.947212
82	76	0.907258
82	77	0.925037
82	78	0.966657
82	79	0.939898
82	80	0.98723
82	81	0.978357
82	83	0.943613
82	84	0.962419
82	85	0.98832
82	86	0.848514
82	87	0.861315
82	88	0.889667
82	89	0.927285
82	90	0.883274
82	91	0.915161
82	92	0.8709
82	93	0.890838
82	94	0.866141
82	95	0.888299
82	96	0.884999
82	97	0.861258
82	98	0.775203
82	99	0.867698
82	100	0.86001
82	101	0.851279
82	102	0.855172
82	103	0.781999
82	104	0.749768
82	105	0.83369
82	106	0.732711
82	107	0.664888
82	108	0.690703
82	109	0.701061
82	110	0.815858
82	111	0.818719
82	112	0.81825
82	113	0.724467
82	114	0.676618
82	115	0.782334
82	116	0.75975
82	117	0.80448
82	118	0.770535
82	119	0.795163
82	120	0.807186
82	121	0.799753
82	122	0.802613
82	123	0.781836
82	124	0.791251
82	125	0.78727
82	126	0.674198
82	127	0
82	128	0.777431
82	129	0.69404
82	130	0.667298
82	131	0.666197
82	132	0.662257
82	133	0.7437
82	134	0.745298
82	135	0.65973
82	136	0.656522
82	137	0.721988
82	138	0.670559
82	139	0.718869
82	140	0.670381
82	141	0.69469
82	142	0.684474
82	143	0.599552
82	144	0.628676
82	145	0.622661
82	146	0.610356
82	147	0.655554
82	148	0.644614
82	149	0.651018
82	150	0.607781
82	151	0.623745
82	152	0.618529
82	153	0.613976
82	154	0.628463
82	155	0.597544
82	156	0.646515
82	157	0.605438
82	158	0.61258
82	159	0.607714
82	160	0.637604
82	161	0.598411
82	162	0.603616
82	163	0.648965
82	164	0.614568
82	165	0.642015
82	166	0.592978
82	167	0.592989
82	168	0.616611
82	169	0.606952
82	170	0.625339
82	171	0.584254
82	172	0.586821
82	173	0.588267
82	174	0.617718
82	175	0.600073
82	176	0.601514
82	177	0.631143
82	178	0.453194
82	179	0.461602
82	180	0.45578
82	181	0.457269
82	182	0.443486
82	183	0.446544
82	184	0.447739
82	185	0.449254
82	186	0.444708
82	187	0
82	188	0
82	189	0
82	190	0
82	191	0
82	192	0
82	193	0
82	194	0
82	195	0
82	196	0
82	197	0
82	198	0
82	199	0
82	200	0
82	201	0
82	202	0
82	203	0
82	204	0
82	205	0
82	206	0
82	207	0.495473
82	208	0.486635
82	209	0.68907
82	210	0.500842
82	211	0.631107
82	212	0.581361
82	213	0.525258
82	214	0.481128
82	215	0.50307
82	216	0.497948
82	217	0.479595
82	218	0.235056
82	219	0.508252
82	220	0.250239
82	221	0.460119
82	222	0.466994
82	223	0.253514
82	224	0.276294
82	225	0.273837
82	226	0.268614
82	227	0.289859
82	228	0.253728
82	229	0.283175
82	230	0.275883
82	231	0.254759
82	232	0.255506
82	233	0.305497
82	234	0.279974
82	235	0.870534
82	236	0.326835
82	237	0.324474
82	238	0.350933
82	239	0.352256
82	240	0
82	241	0.846519
82	242	0.84268
82	243	0.758382
82	244	0.690144
82	245	0.776631
82	246	0.794369
82	247	0.809481
82	248	0.811169
82	249	0.689011
82	250	0
82	251	0.734937
82	252	0.804023
82	253	0.808838
82	254	0.711583
82	255	0.813865
82	256	0.789224
83	1	0.80283
83	2	0.737654
83	3	0.793667
83	4	0.775548
83	5	0.804697
83	6	0.802891
83	7	0.778458
83	8	0.789806
83	9	0.752516
83	10	0.763196
83	11	0.677857
83	12	0.690126
83	13	0.733215
83	14	0.669174
83	15	0.730155
83	16	0.740354
83	17	0.745173
83	18	0.727485
83	19	0.715646
83	20	0.698416
83	21	0
83	22	0.728461
83	23	0.55454
83	24	0.685473
83	25	0
83	26	0.66479
83	27	0.632247
83	28	0.657946
83	29	0.609448
83	30	0.648413
83	31	0.648661
83	32	0.661489
83	33	0
83	34	0.605712
83	35	0.667201
83	36	0.599135
83	37	0.651351
83	38	0.0979117
83	39	0.660849
83	40	0.660636
83	41	0.652445
83	42	0.624179
83	43	0.65288
83	44	0.62755
83	45	0.636561
83	46	0.649684
83	47	0.644106
83	48	0.595385
83	49	0.64221
83	50	0.621953
83	51	0.637444
83	52	0.639141
83	53	0.620388
83	54	0.472836
83	55	0.461832
83	56	0.459079
83	57	0
83	58	0
83	59	0
83	60	0
83	61	0
83	62	0.661481
83	63	0.62391
83	64	0.675522
83	65	0.904572
83	66	0.918719
83	67	0.898233
83	68	0.913816
83	69	0.930809
83	70	0.914613
83	71	0.919672
83	72	0.908818
83	73	0.947434
83	74	0.94088
83	75	0.894935
83	76	0.954643
83	77	0.973351
83	78	0.913307
83	79	0.985487
83	80	0.932745
83	81	0.96212
83	82	0.943613
83	84	0.978913
83	85	0.954095
83	86	0.861416
83	87	0.874412
83	88	0.903196
83	89	0.941385
83	90	0.896706
83	91	0.929077
83	92	0.884143
83	93	0.904385
83	94	0.879312
83	95	0.901807
83	96	0.898456
83	97	0.874354
83	98	0.786991
83	99	0.880892
83	100	0.873087
83	101	0.864223
83	102	0.868176
83	103	0.79389
83	104	0.761169
83	105	0.846367
83	106	0.743853
83	107	0.674998
83	108	0.701206
83	109	0.711721
83	110	0.828264
83	111	0.831169
83	112	0.830692
83	113	0.735483
83	114	0.686907
83	115	0.794231
83	116	0.771303
83	117	0.816713
83	118	0.782251
83	119	0.807254
83	120	0.81946
83	121	0.811914
83	122	0.814818
83	123	0.793725
83	124	0.803283
83	125	0.799242
83	126	0.684449
83	127	0
83	128	0.789253
83	129	0.704594
83	130	0.677445
83	131	0.676327
83	132	0.672327
83	133	0.755009
83	134	0.756631
83	135	0.669762
83	136	0.666505
83	137	0.732966
83	138	0.680755
83	139	0.7298
83	140	0.680575
83	141	0.705254
83	142	0.694882
83	143	0.608668
83	144	0.638236
83	145	0.63213
83	146	0.619637
83	147	0.665522
83	148	0.654416
83	149	0.660918
83	150	0.617023
83	151	0.633229
83	152	0.627935
83	153	0.623313
83	154	0.638019
83	155	0.60663
83	156	0.656346
83	157	0.614644
83	158	0.621895
83	159	0.616955
83	160	0.6473
83	161	0.607511
83	162	0.612795
83	163	0.658834
83	164	0.623913
83	165	0.651778
83	166	0.601995
83	167	0.602006
83	168	0.625988
83	169	0.616181
83	170	0.634848
83	171	0.593138
83	172	0.595745
83	173	0.597213
83	174	0.627111
83	175	0.609198
83	176	0.61066
83	177	0.64074
83	178	0.460085
83	179	0.468621
83	180	0.462711
83	181	0.464222
83	182	0.450229
83	183	0.453334
83	184	0.454547
83	185	0.456086
83	186	0.451471
83	187	0
83	188	0
83	189	0
83	190	0
83	191	0
83	192	0
83	193	0
83	194	0
83	195	0
83	196	0
83	197	0
83	198	0
83	199	0
83	200	0
83	201	0
83	202	0
83	203	0
83	204	0
83	205	0
83	206	0
83	207	0.504029
83	208	0.488647
83	209	0.700969
83	210	0.50949
83	211	0.642005
83	212	0.5914
83	213	0.534328
83	214	0.483118
83	215	0.511757
83	216	0.506546
83	217	0.481578
83	218	0.222083
83	219	0.517028
83	220	0.236428
83	221	0.462022
83	222	0.452741
83	223	0.239522
83	224	0.261045
83	225	0.258724
83	226	0.253789
83	227	0.273861
83	228	0.239724
83	229	0.267547
83	230	0.260657
83	231	0.240698
83	232	0.241405
83	233	0.288636
83	234	0.264523
83	235	0.916002
83	236	0.308797
83	237	0.306566
83	238	0.331565
83	239	0.332815
83	240	0
83	241	0.859391
83	242	0.855494
83	243	0.769914
83	244	0.700639
83	245	0.788441
83	246	0.806449
83	247	0.82179
83	248	0.823504
83	249	0.699488
83	250	0
83	251	0.746112
83	252	0.816249
83	253	0.821137
83	254	0.722404
83	255	0.826241
83	256	0.801225
84	1	0.815294
84	2	0.749106
84	3	0.805989
84	4	0.787588
84	5	0.81719
84	6	0.815356
84	7	0.790544
84	8	0.802068
84	9	0.764199
84	10	0.775045
84	11	0.688381
84	12	0.700841
84	13	0.744599
84	14	0.679563
84	15	0.741491
84	16	0.751848
84	17	0.756742
84	18	0.738779
84	19	0.726757
84	20	0.709259
84	21	0
84	22	0.739771
84	23	0.56315
84	24	0.696115
84	25	0
84	26	0.675111
84	27	0.642063
84	28	0.668161
84	29	0.61891
84	30	0.65848
84	31	0.658732
84	32	0.671759
84	33	0
84	34	0.615116
84	35	0.677559
84	36	0.608437
84	37	0.661464
84	38	0.0994318
84	39	0.671109
84	40	0.670893
84	41	0.662575
84	42	0.63387
84	43	0.663016
84	44	0.637293
84	45	0.646444
84	46	0.65977
84	47	0.654106
84	48	0.604629
84	49	0.65218
84	50	0.63161
84	51	0.647341
84	52	0.649064
84	53	0.63002
84	54	0.480177
84	55	0.469002
84	56	0.466206
84	57	0
84	58	0
84	59	0
84	60	0
84	61	0
84	62	0.651536
84	63	0.614529
84	64	0.665366
84	65	0.890972
84	66	0.904907
84	67	0.884728
84	68	0.900077
84	69	0.916815
84	70	0.900862
84	71	0.905845
84	72	0.895154
84	73	0.933189
84	74	0.926734
84	75	0.91277
84	76	0.94029
84	77	0.958717
84	78	0.931508
84	79	0.974119
84	80	0.951333
84	81	0.977278
84	82	0.962419
84	83	0.978913
84	85	0.973109
84	86	0.87479
84	87	0.887988
84	88	0.917218
84	89	0.956001
84	90	0.910627
84	91	0.943501
84	92	0.89787
84	93	0.918426
84	94	0.892964
84	95	0.915808
84	96	0.912405
84	97	0.887929
84	98	0.799209
84	99	0.894568
84	100	0.886642
84	101	0.877641
84	102	0.881655
84	103	0.806216
84	104	0.772987
84	105	0.859508
84	106	0.755402
84	107	0.685478
84	108	0.712093
84	109	0.722771
84	110	0.841123
84	111	0.844073
84	112	0.843589
84	113	0.746902
84	114	0.697571
84	115	0.806561
84	116	0.783278
84	117	0.829393
84	118	0.794396
84	119	0.819787
84	120	0.832182
84	121	0.824519
84	122	0.827468
84	123	0.806048
84	124	0.815754
84	125	0.81165
84	126	0.695076
84	127	0
84	128	0.801507
84	129	0.715533
84	130	0.687963
84	131	0.686827
84	132	0.682765
84	133	0.76673
84	134	0.768378
84	135	0.68016
84	136	0.676853
84	137	0.744346
84	138	0.691324
84	139	0.741131
84	140	0.691141
84	141	0.716203
84	142	0.705671
84	143	0.618118
84	144	0.648145
84	145	0.641944
84	146	0.629257
84	147	0.675855
84	148	0.664576
84	149	0.671179
84	150	0.626603
84	151	0.643061
84	152	0.637684
84	153	0.63299
84	154	0.647925
84	155	0.616048
84	156	0.666536
84	157	0.624187
84	158	0.631551
84	159	0.626533
84	160	0.657349
84	161	0.616943
84	162	0.622309
84	163	0.669062
84	164	0.633599
84	165	0.661897
84	166	0.611341
84	167	0.611352
84	168	0.635707
84	169	0.625748
84	170	0.644705
84	171	0.602347
84	172	0.604994
84	173	0.606485
84	174	0.636848
84	175	0.618656
84	176	0.620141
84	177	0.650688
84	178	0.467228
84	179	0.475896
84	180	0.469895
84	181	0.471429
84	182	0.457219
84	183	0.460373
84	184	0.461604
84	185	0.463167
84	186	0.45848
84	187	0
84	188	0
84	189	0
84	190	0
84	191	0
84	192	0
84	193	0
84	194	0
84	195	0
84	196	0
84	197	0
84	198	0
84	199	0
84	200	0
84	201	0
84	202	0
84	203	0
84	204	0
84	205	0
84	206	0
84	207	0.496451
84	208	0.4813
84	209	0.69043
84	210	0.50183
84	211	0.632353
84	212	0.582509
84	213	0.526295
84	214	0.475854
84	215	0.504063
84	216	0.498931
84	217	0.474338
84	218	0.226509
84	219	0.509255
84	220	0.24114
84	221	0.455076
84	222	0.450014
84	223	0.244295
84	224	0.266248
84	225	0.26388
84	226	0.258847
84	227	0.279319
84	228	0.244502
84	229	0.272879
84	230	0.265852
84	231	0.245495
84	232	0.246216
84	233	0.294388
84	234	0.269794
84	235	0.90223
84	236	0.314951
84	237	0.312676
84	238	0.338173
84	239	0.339447
84	240	0
84	241	0.872733
84	242	0.868776
84	243	0.781867
84	244	0.711517
84	245	0.800682
84	246	0.818969
84	247	0.834549
84	248	0.836289
84	249	0.710348
84	250	0
84	251	0.757696
84	252	0.828922
84	253	0.833886
84	254	0.733619
84	255	0.839069
84	256	0.813664
85	1	0.799589
85	2	0.734676
85	3	0.790463
85	4	0.772417
85	5	0.801448
85	6	0.79965
85	7	0.775315
85	8	0.786618
85	9	0.749478
85	10	0.760116
85	11	0.675121
85	12	0.68734
85	13	0.730256
85	14	0.666473
85	15	0.727208
85	16	0.737365
85	17	0.742165
85	18	0.724548
85	19	0.712757
85	20	0.695596
85	21	0
85	22	0.725521
85	23	0.552302
85	24	0.682706
85	25	0
85	26	0.662107
85	27	0.629695
85	28	0.65529
85	29	0.606988
85	30	0.645796
85	31	0.646043
85	32	0.658819
85	33	0
85	34	0.603267
85	35	0.664507
85	36	0.596717
85	37	0.648722
85	38	0.0975165
85	39	0.658182
85	40	0.657969
85	41	0.649812
85	42	0.62166
85	43	0.650245
85	44	0.625017
85	45	0.633992
85	46	0.647061
85	47	0.641506
85	48	0.592982
85	49	0.639617
85	50	0.619443
85	51	0.634871
85	52	0.636562
85	53	0.617884
85	54	0.470928
85	55	0.459968
85	56	0.457226
85	57	0
85	58	0
85	59	0
85	60	0
85	61	0
85	62	0.643472
85	63	0.614862
85	64	0.657131
85	65	0.884529
85	66	0.881086
85	67	0.861438
85	68	0.876383
85	69	0.89268
85	70	0.877147
85	71	0.881999
85	72	0.893597
85	73	0.908624
85	74	0.902338
85	75	0.937336
85	76	0.915538
85	77	0.93348
85	78	0.956578
85	79	0.948476
85	80	0.976936
85	81	0.986398
85	82	0.98832
85	83	0.954095
85	84	0.973109
85	86	0.857939
85	87	0.870882
85	88	0.89955
85	89	0.937585
85	90	0.893086
85	91	0.925327
85	92	0.880575
85	93	0.900734
85	94	0.875762
85	95	0.898167
85	96	0.89483
85	97	0.870825
85	98	0.783814
85	99	0.877336
85	100	0.869563
85	101	0.860735
85	102	0.864671
85	103	0.790686
85	104	0.758097
85	105	0.842951
85	106	0.74085
85	107	0.672274
85	108	0.698376
85	109	0.708848
85	110	0.824921
85	111	0.827814
85	112	0.827339
85	113	0.732514
85	114	0.684134
85	115	0.791025
85	116	0.76819
85	117	0.813417
85	118	0.779094
85	119	0.803995
85	120	0.816152
85	121	0.808636
85	122	0.811529
85	123	0.790521
85	124	0.80004
85	125	0.796016
85	126	0.681687
85	127	0
85	128	0.786067
85	129	0.701749
85	130	0.67471
85	131	0.673597
85	132	0.669613
85	133	0.751961
85	134	0.753577
85	135	0.667059
85	136	0.663815
85	137	0.730008
85	138	0.678007
85	139	0.726855
85	140	0.677828
85	141	0.702407
85	142	0.692078
85	143	0.606212
85	144	0.63566
85	145	0.629578
85	146	0.617136
85	147	0.662836
85	148	0.651775
85	149	0.65825
85	150	0.614532
85	151	0.630673
85	152	0.6254
85	153	0.620797
85	154	0.635444
85	155	0.604181
85	156	0.653696
85	157	0.612163
85	158	0.619385
85	159	0.614464
85	160	0.644687
85	161	0.605059
85	162	0.610321
85	163	0.656174
85	164	0.621394
85	165	0.649147
85	166	0.599565
85	167	0.599576
85	168	0.623461
85	169	0.613694
85	170	0.632286
85	171	0.590744
85	172	0.59334
85	173	0.594802
85	174	0.62458
85	175	0.606739
85	176	0.608196
85	177	0.638154
85	178	0.458228
85	179	0.466729
85	180	0.460843
85	181	0.462348
85	182	0.448412
85	183	0.451505
85	184	0.452712
85	185	0.454245
85	186	0.449648
85	187	0
85	188	0
85	189	0
85	190	0
85	191	0
85	192	0
85	193	0
85	194	0
85	195	0
85	196	0
85	197	0
85	198	0
85	199	0
85	200	0
85	201	0
85	202	0
85	203	0
85	204	0
85	205	0
85	206	0
85	207	0.490307
85	208	0.481561
85	209	0.681885
85	210	0.495619
85	211	0.624527
85	212	0.5753
85	213	0.519781
85	214	0.476111
85	215	0.497825
85	216	0.492756
85	217	0.474594
85	218	0.232605
85	219	0.502952
85	220	0.24763
85	221	0.455322
85	222	0.462125
85	223	0.25087
85	224	0.273413
85	225	0.270982
85	226	0.265813
85	227	0.286836
85	228	0.251082
85	229	0.280223
85	230	0.273007
85	231	0.252102
85	232	0.252842
85	233	0.302311
85	234	0.277055
85	235	0.878479
85	236	0.323427
85	237	0.321091
85	238	0.347274
85	239	0.348583
85	240	0
85	241	0.855922
85	242	0.852041
85	243	0.766806
85	244	0.697811
85	245	0.785258
85	246	0.803193
85	247	0.818473
85	248	0.82018
85	249	0.696665
85	250	0
85	251	0.743101
85	252	0.812954
85	253	0.817823
85	254	0.719488
85	255	0.822906
85	256	0.797991
86	1	0.842836
86	2	0.76832
86	3	0.850252
86	4	0.805343
86	5	0.839332
86	6	0.850152
86	7	0.833338
86	8	0.842727
86	9	0.805567
86	10	0.816917
86	11	0.703899
86	12	0.738703
86	13	0.78233
86	14	0.694882
86	15	0.779066
86	16	0.771252
86	17	0.795089
86	18	0.776216
86	19	0.745675
86	20	0.727563
86	21	0
86	22	0.7732
86	23	0.588598
86	24	0.73139
86	25	0
86	26	0.702333
86	27	0.67077
86	28	0.695336
86	29	0.650273
86	30	0.688236
86	31	0.688499
86	32	0.702115
86	33	0
86	34	0.642912
86	35	0.708177
86	36	0.635931
86	37	0.691354
86	38	0.10447
86	39	0.701436
86	40	0.701209
86	41	0.692515
86	42	0.662514
86	43	0.692977
86	44	0.666091
86	45	0.675656
86	46	0.689584
86	47	0.683664
86	48	0.631951
86	49	0.681651
86	50	0.660151
86	51	0.676593
86	52	0.678395
86	53	0.65849
86	54	0.501876
86	55	0.490196
86	56	0.487274
86	57	0
86	58	0
86	59	0
86	60	0
86	61	0
86	62	0.571186
86	63	0.538743
86	64	0.58331
86	65	0.781094
86	66	0.79331
86	67	0.78084
86	68	0.789076
86	69	0.803749
86	70	0.795079
86	71	0.799477
86	72	0.78476
86	73	0.818105
86	74	0.812445
86	75	0.804741
86	76	0.82433
86	77	0.840484
86	78	0.821262
86	79	0.853987
86	80	0.83874
86	81	0.855341
86	82	0.848514
86	83	0.861416
86	84	0.87479
86	85	0.857939
86	87	0.983327
86	88	0.947837
86	89	0.915051
86	90	0.929895
86	91	0.927162
86	92	0.953167
86	93	0.943942
86	94	0.967028
86	95	0.919694
86	96	0.903646
86	97	0.94583
86	98	0.835946
86	99	0.932071
86	100	0.924565
86	101	0.924064
86	102	0.917797
86	103	0.811792
86	104	0.778333
86	105	0.867685
86	106	0.760627
86	107	0.699275
86	108	0.726425
86	109	0.72777
86	110	0.849126
86	111	0.852212
86	112	0.852288
86	113	0.763614
86	114	0.713179
86	115	0.824608
86	116	0.800804
86	117	0.850666
86	118	0.812171
86	119	0.838267
86	120	0.854341
86	121	0.852373
86	122	0.84882
86	123	0.824218
86	124	0.835218
86	125	0.832597
86	126	0.710745
86	127	0
86	128	0.822192
86	129	0.731663
86	130	0.703471
86	131	0.70231
86	132	0.698157
86	133	0.791036
86	134	0.8031
86	135	0.695493
86	136	0.694213
86	137	0.782065
86	138	0.722564
86	139	0.774645
86	140	0.71741
86	141	0.748567
86	142	0.74143
86	143	0.649441
86	144	0.680989
86	145	0.670952
86	146	0.661144
86	147	0.706396
86	148	0.698253
86	149	0.70519
86	150	0.658355
86	151	0.675647
86	152	0.669998
86	153	0.665066
86	154	0.677204
86	155	0.643887
86	156	0.696655
86	157	0.652393
86	158	0.663554
86	159	0.658282
86	160	0.687054
86	161	0.644821
86	162	0.653844
86	163	0.699296
86	164	0.662231
86	165	0.691807
86	166	0.64232
86	167	0.642332
86	168	0.664433
86	169	0.654025
86	170	0.673838
86	171	0.629566
86	172	0.635651
86	173	0.633891
86	174	0.665626
86	175	0.646612
86	176	0.648165
86	177	0.680092
86	178	0.488341
86	179	0.497402
86	180	0.491129
86	181	0.492733
86	182	0.477881
86	183	0.481176
86	184	0.482463
86	185	0.484096
86	186	0.479198
86	187	0
86	188	0
86	189	0
86	190	0
86	191	0
86	192	0
86	193	0
86	194	0
86	195	0
86	196	0
86	197	0
86	198	0
86	199	0
86	200	0
86	201	0
86	202	0
86	203	0
86	204	0
86	205	0
86	206	0
86	207	0.435226
86	208	0.421944
86	209	0.605284
86	210	0.439942
86	211	0.554368
86	212	0.510671
86	213	0.46139
86	214	0.41717
86	215	0.4419
86	216	0.4374
86	217	0.41584
86	218	0.199701
86	219	0.446451
86	220	0.2126
86	221	0.398954
86	222	0.396753
86	223	0.215382
86	224	0.234736
86	225	0.232649
86	226	0.228212
86	227	0.246261
86	228	0.215564
86	229	0.240583
86	230	0.234387
86	231	0.21644
86	232	0.217075
86	233	0.259547
86	234	0.237863
86	235	0.796287
86	236	0.277675
86	237	0.27567
86	238	0.298149
86	239	0.299273
86	240	0
86	241	0.994103
86	242	0.986769
86	243	0.792805
86	244	0.72651
86	245	0.808402
86	246	0.826866
86	247	0.843155
86	248	0.864072
86	249	0.726242
86	250	0
86	251	0.77465
86	252	0.850182
86	253	0.858933
86	254	0.750034
86	255	0.860589
86	256	0.83187
87	1	0.855551
87	2	0.779911
87	3	0.863079
87	4	0.817492
87	5	0.851994
87	6	0.862977
87	7	0.84591
87	8	0.855441
87	9	0.81772
87	10	0.829241
87	11	0.714518
87	12	0.749847
87	13	0.794133
87	14	0.705366
87	15	0.790819
87	16	0.782887
87	17	0.807084
87	18	0.787926
87	19	0.756924
87	20	0.738539
87	21	0
87	22	0.784865
87	23	0.597477
87	24	0.742424
87	25	0
87	26	0.712929
87	27	0.68089
87	28	0.705826
87	29	0.660083
87	30	0.698619
87	31	0.698886
87	32	0.712707
87	33	0
87	34	0.652611
87	35	0.718861
87	36	0.645525
87	37	0.701784
87	38	0.106046
87	39	0.712018
87	40	0.711788
87	41	0.702963
87	42	0.672508
87	43	0.703432
87	44	0.67614
87	45	0.685849
87	46	0.699988
87	47	0.693978
87	48	0.641485
87	49	0.691935
87	50	0.67011
87	51	0.686801
87	52	0.688629
87	53	0.668424
87	54	0.509447
87	55	0.497591
87	56	0.494625
87	57	0
87	58	0
87	59	0
87	60	0
87	61	0
87	62	0.579803
87	63	0.546871
87	64	0.59211
87	65	0.792878
87	66	0.805278
87	67	0.787321
87	68	0.80098
87	69	0.815875
87	70	0.801679
87	71	0.806113
87	72	0.796599
87	73	0.830447
87	74	0.824702
87	75	0.816882
87	76	0.836766
87	77	0.853164
87	78	0.833651
87	79	0.86687
87	80	0.851394
87	81	0.868245
87	82	0.861315
87	83	0.874412
87	84	0.887988
87	85	0.870882
87	86	0.983327
87	88	0.962137
87	89	0.928856
87	90	0.943923
87	91	0.941149
87	92	0.967547
87	93	0.958182
87	94	0.981616
87	95	0.933569
87	96	0.917279
87	97	0.960099
87	98	0.848557
87	99	0.946132
87	100	0.938513
87	101	0.938005
87	102	0.931643
87	103	0.824039
87	104	0.790076
87	105	0.880775
87	106	0.772102
87	107	0.709824
87	108	0.737384
87	109	0.738749
87	110	0.861936
87	111	0.865069
87	112	0.865146
87	113	0.775134
87	114	0.723939
87	115	0.837048
87	116	0.812885
87	117	0.863499
87	118	0.824423
87	119	0.850913
87	120	0.86723
87	121	0.865232
87	122	0.861626
87	123	0.836653
87	124	0.847818
87	125	0.845158
87	126	0.721467
87	127	0
87	128	0.834596
87	129	0.742701
87	130	0.714084
87	131	0.712906
87	132	0.708689
87	133	0.80297
87	134	0.815216
87	135	0.705986
87	136	0.704686
87	137	0.793863
87	138	0.733465
87	139	0.786331
87	140	0.728233
87	141	0.75986
87	142	0.752615
87	143	0.659238
87	144	0.691263
87	145	0.681075
87	146	0.671119
87	147	0.717052
87	148	0.708787
87	149	0.715829
87	150	0.668287
87	151	0.68584
87	152	0.680105
87	153	0.675099
87	154	0.68742
87	155	0.6536
87	156	0.707165
87	157	0.662235
87	158	0.673564
87	159	0.668213
87	160	0.697419
87	161	0.654549
87	162	0.663708
87	163	0.709846
87	164	0.672221
87	165	0.702244
87	166	0.65201
87	167	0.652022
87	168	0.674457
87	169	0.663891
87	170	0.684004
87	171	0.639064
87	172	0.645241
87	173	0.643454
87	174	0.675668
87	175	0.656367
87	176	0.657943
87	177	0.690352
87	178	0.495709
87	179	0.504905
87	180	0.498538
87	181	0.500166
87	182	0.48509
87	183	0.488435
87	184	0.489742
87	185	0.4914
87	186	0.486427
87	187	0
87	188	0
87	189	0
87	190	0
87	191	0
87	192	0
87	193	0
87	194	0
87	195	0
87	196	0
87	197	0
87	198	0
87	199	0
87	200	0
87	201	0
87	202	0
87	203	0
87	204	0
87	205	0
87	206	0
87	207	0.441792
87	208	0.42831
87	209	0.614415
87	210	0.446579
87	211	0.562732
87	212	0.518376
87	213	0.468351
87	214	0.423463
87	215	0.448567
87	216	0.443999
87	217	0.422114
87	218	0.202714
87	219	0.453187
87	220	0.215808
87	221	0.404973
87	222	0.402739
87	223	0.218632
87	224	0.238278
87	225	0.236159
87	226	0.231654
87	227	0.249976
87	228	0.218816
87	229	0.244212
87	230	0.237923
87	231	0.219705
87	232	0.22035
87	233	0.263462
87	234	0.241452
87	235	0.802896
87	236	0.281864
87	237	0.279828
87	238	0.302647
87	239	0.303788
87	240	0
87	241	0.981091
87	242	0.976842
87	243	0.804766
87	244	0.737471
87	245	0.820598
87	246	0.83934
87	247	0.855875
87	248	0.877108
87	249	0.737199
87	250	0
87	251	0.786336
87	252	0.863008
87	253	0.871891
87	254	0.761349
87	255	0.873572
87	256	0.84442
88	1	0.857947
88	2	0.784153
88	3	0.863028
88	4	0.821939
88	5	0.855422
88	6	0.862927
88	7	0.84586
88	8	0.855391
88	9	0.817672
88	10	0.829192
88	11	0.718405
88	12	0.749803
88	13	0.794086
88	14	0.709203
88	15	0.790772
88	16	0.787023
88	17	0.807037
88	18	0.78788
88	19	0.760758
88	20	0.742441
88	21	0
88	22	0.784818
88	23	0.597442
88	24	0.74238
88	25	0
88	26	0.712887
88	27	0.68085
88	28	0.705785
88	29	0.660044
88	30	0.698577
88	31	0.698845
88	32	0.712666
88	33	0
88	34	0.652573
88	35	0.718819
88	36	0.645487
88	37	0.701743
88	38	0.10604
88	39	0.711976
88	40	0.711746
88	41	0.702921
88	42	0.672469
88	43	0.70339
88	44	0.6761
88	45	0.685808
88	46	0.699946
88	47	0.693937
88	48	0.641447
88	49	0.691894
88	50	0.670071
88	51	0.68676
88	52	0.688589
88	53	0.668384
88	54	0.509417
88	55	0.497562
88	56	0.494596
88	57	0
88	58	0
88	59	0
88	60	0
88	61	0
88	62	0.598889
88	63	0.564873
88	64	0.611601
88	65	0.818978
88	66	0.831786
88	67	0.813238
88	68	0.827347
88	69	0.842732
88	70	0.828068
88	71	0.832648
88	72	0.822821
88	73	0.857783
88	74	0.851849
88	75	0.843772
88	76	0.864311
88	77	0.881249
88	78	0.861093
88	79	0.895406
88	80	0.87942
88	81	0.896826
88	82	0.889667
88	83	0.903196
88	84	0.917218
88	85	0.89955
88	86	0.947837
88	87	0.962137
88	89	0.959432
88	90	0.977727
88	91	0.97213
88	92	0.972844
88	93	0.967299
88	94	0.967528
88	95	0.94314
88	96	0.936421
88	97	0.960656
88	98	0.848507
88	99	0.949157
88	100	0.940561
88	101	0.938548
88	102	0.934251
88	103	0.831879
88	104	0.797592
88	105	0.889155
88	106	0.779447
88	107	0.713685
88	108	0.741395
88	109	0.745778
88	110	0.870136
88	111	0.873188
88	112	0.872688
88	113	0.77935
88	114	0.727877
88	115	0.841602
88	116	0.817307
88	117	0.868196
88	118	0.828908
88	119	0.855542
88	120	0.871116
88	121	0.867654
88	122	0.866181
88	123	0.841204
88	124	0.85243
88	125	0.849623
88	126	0.725392
88	127	0
88	128	0.839005
88	129	0.746741
88	130	0.717968
88	131	0.716784
88	132	0.712544
88	133	0.802922
88	134	0.815168
88	135	0.709826
88	136	0.70852
88	137	0.793816
88	138	0.733422
88	139	0.786285
88	140	0.72819
88	141	0.759816
88	142	0.752571
88	143	0.6592
88	144	0.691222
88	145	0.681034
88	146	0.671079
88	147	0.71701
88	148	0.708745
88	149	0.715786
88	150	0.668248
88	151	0.6858
88	152	0.680065
88	153	0.675059
88	154	0.687379
88	155	0.653562
88	156	0.707124
88	157	0.662196
88	158	0.673525
88	159	0.668174
88	160	0.697378
88	161	0.654511
88	162	0.663669
88	163	0.709804
88	164	0.672182
88	165	0.702202
88	166	0.651972
88	167	0.651984
88	168	0.674417
88	169	0.663852
88	170	0.683963
88	171	0.639026
88	172	0.645203
88	173	0.643416
88	174	0.675628
88	175	0.656329
88	176	0.657904
88	177	0.690311
88	178	0.495679
88	179	0.504876
88	180	0.498509
88	181	0.500137
88	182	0.485061
88	183	0.488407
88	184	0.489713
88	185	0.491371
88	186	0.486399
88	187	0
88	188	0
88	189	0
88	190	0
88	191	0
88	192	0
88	193	0
88	194	0
88	195	0
88	196	0
88	197	0
88	198	0
88	199	0
88	200	0
88	201	0
88	202	0
88	203	0
88	204	0
88	205	0
88	206	0
88	207	0.456335
88	208	0.442409
88	209	0.63464
88	210	0.46128
88	211	0.581256
88	212	0.535439
88	213	0.483768
88	214	0.437403
88	215	0.463333
88	216	0.458615
88	217	0.436009
88	218	0.209387
88	219	0.468105
88	220	0.222912
88	221	0.418303
88	222	0.415996
88	223	0.225829
88	224	0.246121
88	225	0.243933
88	226	0.23928
88	227	0.258205
88	228	0.226019
88	229	0.252251
88	230	0.245755
88	231	0.226938
88	232	0.227604
88	233	0.272135
88	234	0.2494
88	235	0.829326
88	236	0.291143
88	237	0.28904
88	238	0.312609
88	239	0.313788
88	240	0
88	241	0.945609
88	242	0.941321
88	243	0.809144
88	244	0.741482
88	245	0.8283
88	246	0.847218
88	247	0.863335
88	248	0.879564
88	249	0.741209
88	250	0
88	251	0.790614
88	252	0.867703
88	253	0.874499
88	254	0.765491
88	255	0.878324
88	256	0.849013
89	1	0.851261
89	2	0.782154
89	3	0.843083
89	4	0.822333
89	5	0.853241
89	6	0.851326
89	7	0.826927
89	8	0.837481
89	9	0.79937
89	10	0.810633
89	11	0.718749
89	12	0.733021
89	13	0.777447
89	14	0.709542
89	15	0.774203
89	16	0.785016
89	17	0.790126
89	18	0.771371
89	19	0.758818
89	20	0.740548
89	21	0
89	22	0.772406
89	23	0.587993
89	24	0.726824
89	25	0
89	26	0.704894
89	27	0.670388
89	28	0.697637
89	29	0.646214
89	30	0.687529
89	31	0.687792
89	32	0.701394
89	33	0
89	34	0.642252
89	35	0.70745
89	36	0.635278
89	37	0.690644
89	38	0.103818
89	39	0.700716
89	40	0.700489
89	41	0.691804
89	42	0.661834
89	43	0.692266
89	44	0.665407
89	45	0.674962
89	46	0.688877
89	47	0.682962
89	48	0.631303
89	49	0.680951
89	50	0.659473
89	51	0.675899
89	52	0.677698
89	53	0.657814
89	54	0.50136
89	55	0.489693
89	56	0.486773
89	57	0
89	58	0
89	59	0
89	60	0
89	61	0
89	62	0.624211
89	63	0.588757
89	64	0.637461
89	65	0.853606
89	66	0.866956
89	67	0.847624
89	68	0.862329
89	69	0.878365
89	70	0.863081
89	71	0.867855
89	72	0.857612
89	73	0.894053
89	74	0.887868
89	75	0.879449
89	76	0.900856
89	77	0.91851
89	78	0.897503
89	79	0.933266
89	80	0.916604
89	81	0.934746
89	82	0.927285
89	83	0.941385
89	84	0.956001
89	85	0.937585
89	86	0.915051
89	87	0.928856
89	88	0.959432
89	90	0.952538
89	91	0.986925
89	92	0.939193
89	93	0.960695
89	94	0.934061
89	95	0.956209
89	96	0.952657
89	97	0.928795
89	98	0.834467
89	99	0.93574
89	100	0.927449
89	101	0.918033
89	102	0.922232
89	103	0.841782
89	104	0.807087
89	105	0.897425
89	106	0.788726
89	107	0.715718
89	108	0.743507
89	109	0.754656
89	110	0.87823
89	111	0.88131
89	112	0.880805
89	113	0.779852
89	114	0.728345
89	115	0.842143
89	116	0.817833
89	117	0.865982
89	118	0.829442
89	119	0.855952
89	120	0.868895
89	121	0.860893
89	122	0.863973
89	123	0.841607
89	124	0.851741
89	125	0.847457
89	126	0.72574
89	127	0
89	128	0.836866
89	129	0.747099
89	130	0.718312
89	131	0.717127
89	132	0.712886
89	133	0.800555
89	134	0.802276
89	135	0.710166
89	136	0.706713
89	137	0.777183
89	138	0.721823
89	139	0.773826
89	140	0.721631
89	141	0.747799
89	142	0.736802
89	143	0.645387
89	144	0.676738
89	145	0.670264
89	146	0.657018
89	147	0.70567
89	148	0.693895
89	149	0.700788
89	150	0.654245
89	151	0.671429
89	152	0.665816
89	153	0.660915
89	154	0.676508
89	155	0.643226
89	156	0.69594
89	157	0.651723
89	158	0.659412
89	159	0.654173
89	160	0.686349
89	161	0.644159
89	162	0.649762
89	163	0.698578
89	164	0.661551
89	165	0.691097
89	166	0.638311
89	167	0.638323
89	168	0.663751
89	169	0.653353
89	170	0.673146
89	171	0.62892
89	172	0.631684
89	173	0.63324
89	174	0.664942
89	175	0.645949
89	176	0.647499
89	177	0.679394
89	178	0.48784
89	179	0.496891
89	180	0.490625
89	181	0.492227
89	182	0.47739
89	183	0.480682
89	184	0.481968
89	185	0.483599
89	186	0.478706
89	187	0
89	188	0
89	189	0
89	190	0
89	191	0
89	192	0
89	193	0
89	194	0
89	195	0
89	196	0
89	197	0
89	198	0
89	199	0
89	200	0
89	201	0
89	202	0
89	203	0
89	204	0
89	205	0
89	206	0
89	207	0.47563
89	208	0.461115
89	209	0.661475
89	210	0.480784
89	211	0.605833
89	212	0.558079
89	213	0.504223
89	214	0.455898
89	215	0.482924
89	216	0.478006
89	217	0.454445
89	218	0.21824
89	219	0.487897
89	220	0.232337
89	221	0.43599
89	222	0.433586
89	223	0.235377
89	224	0.256528
89	225	0.254247
89	226	0.249398
89	227	0.269122
89	228	0.235576
89	229	0.262917
89	230	0.256147
89	231	0.236533
89	232	0.237228
89	233	0.283641
89	234	0.259945
89	235	0.864392
89	236	0.303453
89	237	0.301261
89	238	0.325827
89	239	0.327055
89	240	0
89	241	0.9129
89	242	0.908761
89	243	0.816359
89	244	0.742906
89	245	0.836004
89	246	0.855098
89	247	0.871366
89	248	0.873183
89	249	0.741686
89	250	0
89	251	0.791122
89	252	0.86549
89	253	0.870673
89	254	0.765983
89	255	0.876085
89	256	0.849559
90	1	0.841706
90	2	0.769309
90	3	0.846691
90	4	0.80638
90	5	0.839229
90	6	0.846591
90	7	0.829848
90	8	0.839198
90	9	0.802193
90	10	0.813495
90	11	0.704805
90	12	0.735609
90	13	0.779054
90	14	0.695777
90	15	0.775803
90	16	0.772125
90	17	0.79176
90	18	0.772965
90	19	0.746357
90	20	0.728387
90	21	0
90	22	0.769962
90	23	0.586133
90	24	0.728327
90	25	0
90	26	0.699392
90	27	0.667961
90	28	0.692424
90	29	0.647549
90	30	0.685353
90	31	0.685616
90	32	0.699175
90	33	0
90	34	0.64022
90	35	0.705211
90	36	0.633268
90	37	0.688459
90	38	0.104032
90	39	0.698498
90	40	0.698273
90	41	0.689615
90	42	0.659739
90	43	0.690075
90	44	0.663301
90	45	0.672826
90	46	0.686697
90	47	0.680801
90	48	0.629305
90	49	0.678796
90	50	0.657386
90	51	0.67376
90	52	0.675554
90	53	0.655732
90	54	0.499774
90	55	0.488143
90	56	0.485233
90	57	0
90	58	0
90	59	0
90	60	0
90	61	0
90	62	0.594585
90	63	0.560814
90	64	0.607206
90	65	0.813093
90	66	0.825809
90	67	0.807394
90	68	0.821402
90	69	0.836676
90	70	0.822118
90	71	0.826665
90	72	0.816909
90	73	0.851619
90	74	0.845728
90	75	0.837709
90	76	0.8581
90	77	0.874916
90	78	0.854906
90	79	0.888972
90	80	0.873101
90	81	0.890381
90	82	0.883274
90	83	0.896706
90	84	0.910627
90	85	0.893086
90	86	0.929895
90	87	0.943923
90	88	0.977727
90	89	0.952538
90	91	0.965144
90	92	0.954428
90	93	0.949342
90	94	0.949213
90	95	0.936362
90	96	0.929692
90	97	0.94247
90	98	0.832445
90	99	0.93119
90	100	0.922756
90	101	0.920781
90	102	0.916566
90	103	0.822148
90	104	0.788262
90	105	0.876493
90	106	0.770329
90	107	0.700175
90	108	0.727361
90	109	0.737054
90	110	0.857745
90	111	0.860753
90	112	0.86026
90	113	0.764597
90	114	0.714098
90	115	0.82567
90	116	0.801835
90	117	0.851761
90	118	0.813217
90	119	0.839347
90	120	0.854626
90	121	0.851229
90	122	0.849785
90	123	0.82528
90	124	0.836294
90	125	0.83354
90	126	0.71166
90	127	0
90	128	0.823123
90	129	0.732605
90	130	0.704377
90	131	0.703215
90	132	0.699056
90	133	0.787723
90	134	0.799737
90	135	0.696389
90	136	0.695107
90	137	0.778789
90	138	0.719538
90	139	0.7714
90	140	0.714405
90	141	0.745432
90	142	0.738325
90	143	0.646721
90	144	0.678137
90	145	0.668142
90	146	0.658376
90	147	0.703437
90	148	0.695329
90	149	0.702237
90	150	0.655598
90	151	0.672817
90	152	0.667192
90	153	0.662281
90	154	0.674367
90	155	0.64119
90	156	0.693738
90	157	0.649661
90	158	0.660775
90	159	0.655525
90	160	0.684177
90	161	0.642121
90	162	0.651105
90	163	0.696368
90	164	0.659457
90	165	0.68891
90	166	0.63963
90	167	0.639642
90	168	0.661651
90	169	0.651285
90	170	0.671016
90	171	0.626929
90	172	0.632989
90	173	0.631236
90	174	0.662838
90	175	0.643904
90	176	0.64545
90	177	0.677244
90	178	0.486296
90	179	0.495318
90	180	0.489072
90	181	0.490669
90	182	0.475879
90	183	0.479161
90	184	0.480443
90	185	0.482069
90	186	0.477191
90	187	0
90	188	0
90	189	0
90	190	0
90	191	0
90	192	0
90	193	0
90	194	0
90	195	0
90	196	0
90	197	0
90	198	0
90	199	0
90	200	0
90	201	0
90	202	0
90	203	0
90	204	0
90	205	0
90	206	0
90	207	0.453056
90	208	0.43923
90	209	0.63008
90	210	0.457965
90	211	0.577079
90	212	0.531592
90	213	0.480292
90	214	0.43426
90	215	0.460003
90	216	0.455319
90	217	0.432876
90	218	0.207882
90	219	0.464741
90	220	0.22131
90	221	0.415298
90	222	0.413007
90	223	0.224206
90	224	0.244353
90	225	0.24218
90	226	0.237561
90	227	0.256349
90	228	0.224395
90	229	0.250439
90	230	0.243989
90	231	0.225307
90	232	0.225968
90	233	0.270179
90	234	0.247608
90	235	0.823366
90	236	0.289051
90	237	0.286963
90	238	0.310363
90	239	0.311533
90	240	0
90	241	0.927708
90	242	0.923502
90	243	0.797318
90	244	0.727446
90	245	0.816504
90	246	0.835153
90	247	0.851041
90	248	0.862913
90	249	0.727178
90	250	0
90	251	0.775647
90	252	0.851277
90	253	0.857944
90	254	0.751
90	255	0.861698
90	256	0.832941
91	1	0.858117
91	2	0.785121
91	3	0.854241
91	4	0.823514
91	5	0.856477
91	6	0.858182
91	7	0.837871
91	8	0.848565
91	9	0.80995
91	10	0.821361
91	11	0.719781
91	12	0.742722
91	13	0.786586
91	14	0.710561
91	15	0.783304
91	16	0.787994
91	17	0.799415
91	18	0.780439
91	19	0.761696
91	20	0.743357
91	21	0
91	22	0.78011
91	23	0.593858
91	24	0.735369
91	25	0
91	26	0.70861
91	27	0.676765
91	28	0.701551
91	29	0.65381
91	30	0.694387
91	31	0.694653
91	32	0.70839
91	33	0
91	34	0.648658
91	35	0.714506
91	36	0.641615
91	37	0.697533
91	38	0.105038
91	39	0.707705
91	40	0.707476
91	41	0.698705
91	42	0.668435
91	43	0.699171
91	44	0.672044
91	45	0.681694
91	46	0.695748
91	47	0.689774
91	48	0.6376
91	49	0.687743
91	50	0.666051
91	51	0.68264
91	52	0.684458
91	53	0.664375
91	54	0.506361
91	55	0.494577
91	56	0.491629
91	57	0
91	58	0
91	59	0
91	60	0
91	61	0
91	62	0.61605
91	63	0.581059
91	64	0.629127
91	65	0.842446
91	66	0.855621
91	67	0.836541
91	68	0.851055
91	69	0.866881
91	70	0.851797
91	71	0.856508
91	72	0.846399
91	73	0.882363
91	74	0.876259
91	75	0.867951
91	76	0.889077
91	77	0.906501
91	78	0.885768
91	79	0.921064
91	80	0.90462
91	81	0.922524
91	82	0.915161
91	83	0.929077
91	84	0.943501
91	85	0.925327
91	86	0.927162
91	87	0.941149
91	88	0.97213
91	89	0.986925
91	90	0.965144
91	92	0.951623
91	93	0.97341
91	94	0.946423
91	95	0.960101
91	96	0.953262
91	97	0.941087
91	98	0.842815
91	99	0.948124
91	100	0.939723
91	101	0.930183
91	102	0.934437
91	103	0.842991
91	104	0.808246
91	105	0.898713
91	106	0.789859
91	107	0.716746
91	108	0.744574
91	109	0.75574
91	110	0.87949
91	111	0.882575
91	112	0.882069
91	113	0.780971
91	114	0.72939
91	115	0.843352
91	116	0.819007
91	117	0.869267
91	118	0.830632
91	119	0.857181
91	120	0.872191
91	121	0.867827
91	122	0.86725
91	123	0.842815
91	124	0.853482
91	125	0.850672
91	126	0.726781
91	127	0
91	128	0.84004
91	129	0.748171
91	130	0.719344
91	131	0.718157
91	132	0.713909
91	133	0.803592
91	134	0.810278
91	135	0.711186
91	136	0.709394
91	137	0.786319
91	138	0.729022
91	139	0.781568
91	140	0.724369
91	141	0.755258
91	142	0.745464
91	143	0.652974
91	144	0.684694
91	145	0.676949
91	146	0.664741
91	147	0.712709
91	148	0.702052
91	149	0.709026
91	150	0.661937
91	151	0.679323
91	152	0.673643
91	153	0.668684
91	154	0.683256
91	155	0.649641
91	156	0.702882
91	157	0.658224
91	158	0.667164
91	159	0.661863
91	160	0.693195
91	161	0.650585
91	162	0.657401
91	163	0.705546
91	164	0.66815
91	165	0.69799
91	166	0.645814
91	167	0.645827
91	168	0.670372
91	169	0.65987
91	170	0.67986
91	171	0.635193
91	172	0.63911
91	173	0.639556
91	174	0.671575
91	175	0.652392
91	176	0.653958
91	177	0.68617
91	178	0.492706
91	179	0.501847
91	180	0.495518
91	181	0.497136
91	182	0.482152
91	183	0.485477
91	184	0.486775
91	185	0.488423
91	186	0.483481
91	187	0
91	188	0
91	189	0
91	190	0
91	191	0
91	192	0
91	193	0
91	194	0
91	195	0
91	196	0
91	197	0
91	198	0
91	199	0
91	200	0
91	201	0
91	202	0
91	203	0
91	204	0
91	205	0
91	206	0
91	207	0.469412
91	208	0.455086
91	209	0.652826
91	210	0.474498
91	211	0.597912
91	212	0.550783
91	213	0.49763
91	214	0.449937
91	215	0.476609
91	216	0.471756
91	217	0.448503
91	218	0.215387
91	219	0.481518
91	220	0.229299
91	221	0.43029
91	222	0.427917
91	223	0.2323
91	224	0.253174
91	225	0.250923
91	226	0.246137
91	227	0.265604
91	228	0.232496
91	229	0.25948
91	230	0.252798
91	231	0.233441
91	232	0.234126
91	233	0.279933
91	234	0.256547
91	235	0.85309
91	236	0.299486
91	237	0.297322
91	238	0.321567
91	239	0.322779
91	240	0
91	241	0.924982
91	242	0.920788
91	243	0.817531
91	244	0.743972
91	245	0.837204
91	246	0.856326
91	247	0.872617
91	248	0.879738
91	249	0.74275
91	250	0
91	251	0.792258
91	252	0.868773
91	253	0.874672
91	254	0.767083
91	255	0.879408
91	256	0.850779
92	1	0.875913
92	2	0.798472
92	3	0.880098
92	4	0.836948
92	5	0.872271
92	6	0.879995
92	7	0.862591
92	8	0.87231
92	9	0.833845
92	10	0.845593
92	11	0.731523
92	12	0.764634
92	13	0.809793
92	14	0.722153
92	15	0.806414
92	16	0.801519
92	17	0.823
92	18	0.803464
92	19	0.77477
92	20	0.756116
92	21	0
92	22	0.800342
92	23	0.609259
92	24	0.757064
92	25	0
92	26	0.726988
92	27	0.694317
92	28	0.719745
92	29	0.673099
92	30	0.712395
92	31	0.712668
92	32	0.726762
92	33	0
92	34	0.665481
92	35	0.733037
92	36	0.658255
92	37	0.715623
92	38	0.108137
92	39	0.726058
92	40	0.725824
92	41	0.716825
92	42	0.68577
92	43	0.717303
92	44	0.689473
92	45	0.699374
92	46	0.713791
92	47	0.707663
92	48	0.654135
92	49	0.705579
92	50	0.683325
92	51	0.700344
92	52	0.702209
92	53	0.681605
92	54	0.519493
92	55	0.507404
92	56	0.504379
92	57	0
92	58	0
92	59	0
92	60	0
92	61	0
92	62	0.586255
92	63	0.552957
92	64	0.5987
92	65	0.801702
92	66	0.81424
92	67	0.796083
92	68	0.809895
92	69	0.824955
92	70	0.810601
92	71	0.815084
92	72	0.805464
92	73	0.839689
92	74	0.83388
92	75	0.825973
92	76	0.846078
92	77	0.862659
92	78	0.842929
92	79	0.876518
92	80	0.860869
92	81	0.877908
92	82	0.8709
92	83	0.884143
92	84	0.89787
92	85	0.880575
92	86	0.953167
92	87	0.967547
92	88	0.972844
92	89	0.939193
92	90	0.954428
92	91	0.951623
92	93	0.972961
92	94	0.976919
92	95	0.95113
92	96	0.934534
92	97	0.979818
92	98	0.86529
92	99	0.968649
92	100	0.960849
92	101	0.958243
92	102	0.953815
92	103	0.839679
92	104	0.805071
92	105	0.898985
92	106	0.786756
92	107	0.726717
92	108	0.754933
92	109	0.756327
92	110	0.881592
92	111	0.885656
92	112	0.885736
92	113	0.793581
92	114	0.741168
92	115	0.856969
92	116	0.832231
92	117	0.88405
92	118	0.844044
92	119	0.871164
92	120	0.88787
92	121	0.885823
92	122	0.882131
92	123	0.856564
92	124	0.867996
92	125	0.865272
92	126	0.738638
92	127	0
92	128	0.854458
92	129	0.760376
92	130	0.731078
92	131	0.729872
92	132	0.725556
92	133	0.818804
92	134	0.831292
92	135	0.722787
92	136	0.721457
92	137	0.809518
92	138	0.747929
92	139	0.801837
92	140	0.742593
92	141	0.774845
92	142	0.767457
92	143	0.672238
92	144	0.704894
92	145	0.694505
92	146	0.684353
92	147	0.731193
92	148	0.722764
92	149	0.729945
92	150	0.681465
92	151	0.699364
92	152	0.693517
92	153	0.688412
92	154	0.700976
92	155	0.666489
92	156	0.721111
92	157	0.675294
92	158	0.686847
92	159	0.68139
92	160	0.711172
92	161	0.667457
92	162	0.676796
92	163	0.723844
92	164	0.685477
92	165	0.716092
92	166	0.664868
92	167	0.66488
92	168	0.687757
92	169	0.676983
92	170	0.697492
92	171	0.651666
92	172	0.657965
92	173	0.656143
92	174	0.688992
92	175	0.669311
92	176	0.670917
92	177	0.703965
92	178	0.505484
92	179	0.514862
92	180	0.508369
92	181	0.510029
92	182	0.494656
92	183	0.498067
92	184	0.499399
92	185	0.50109
92	186	0.496019
92	187	0
92	188	0
92	189	0
92	190	0
92	191	0
92	192	0
92	193	0
92	194	0
92	195	0
92	196	0
92	197	0
92	198	0
92	199	0
92	200	0
92	201	0
92	202	0
92	203	0
92	204	0
92	205	0
92	206	0
92	207	0.446709
92	208	0.433077
92	209	0.621253
92	210	0.451549
92	211	0.568994
92	212	0.524145
92	213	0.473563
92	214	0.428176
92	215	0.453559
92	216	0.44894
92	217	0.426812
92	218	0.20497
92	219	0.45823
92	220	0.21821
92	221	0.40948
92	222	0.407221
92	223	0.221065
92	224	0.24093
92	225	0.238787
92	226	0.234233
92	227	0.252758
92	228	0.221252
92	229	0.24693
92	230	0.240571
92	231	0.222151
92	232	0.222803
92	233	0.266394
92	234	0.244139
92	235	0.811831
92	236	0.285001
92	237	0.282943
92	238	0.306015
92	239	0.307168
92	240	0
92	241	0.950926
92	242	0.946614
92	243	0.823918
92	244	0.755022
92	245	0.840128
92	246	0.859316
92	247	0.876244
92	248	0.897982
92	249	0.754743
92	250	0
92	251	0.80505
92	252	0.883547
92	253	0.892641
92	254	0.779469
92	255	0.894363
92	256	0.864516
93	1	0.877453
93	2	0.801982
93	3	0.87349
93	4	0.840627
93	5	0.874871
93	6	0.87752
93	7	0.856751
93	8	0.867685
93	9	0.8282
93	10	0.839869
93	11	0.734739
93	12	0.759458
93	13	0.804311
93	14	0.725327
93	15	0.800954
93	16	0.804917
93	17	0.817428
93	18	0.798024
93	19	0.778055
93	20	0.759322
93	21	0
93	22	0.797689
93	23	0.60724
93	24	0.751939
93	25	0
93	26	0.724578
93	27	0.692015
93	28	0.717359
93	29	0.668543
93	30	0.710033
93	31	0.710305
93	32	0.724353
93	33	0
93	34	0.663275
93	35	0.730607
93	36	0.656072
93	37	0.713251
93	38	0.107405
93	39	0.723652
93	40	0.723418
93	41	0.714449
93	42	0.683497
93	43	0.714925
93	44	0.687187
93	45	0.697055
93	46	0.711425
93	47	0.705317
93	48	0.651967
93	49	0.70324
93	50	0.681059
93	51	0.698022
93	52	0.699881
93	53	0.679345
93	54	0.517771
93	55	0.505722
93	56	0.502707
93	57	0
93	58	0
93	59	0
93	60	0
93	61	0
93	62	0.599677
93	63	0.565616
93	64	0.612406
93	65	0.820056
93	66	0.832881
93	67	0.814308
93	68	0.828436
93	69	0.843841
93	70	0.829158
93	71	0.833744
93	72	0.823904
93	73	0.858912
93	74	0.852971
93	75	0.844883
93	76	0.865448
93	77	0.882409
93	78	0.862227
93	79	0.896584
93	80	0.880578
93	81	0.898006
93	82	0.890838
93	83	0.904385
93	84	0.918426
93	85	0.900734
93	86	0.943942
93	87	0.958182
93	88	0.967299
93	89	0.960695
93	90	0.949342
93	91	0.97341
93	92	0.972961
93	94	0.964972
93	95	0.966556
93	96	0.956729
93	97	0.963832
93	98	0.861806
93	99	0.969488
93	100	0.960898
93	101	0.951143
93	102	0.955493
93	103	0.852419
93	104	0.817286
93	105	0.911109
93	106	0.798693
93	107	0.729912
93	108	0.758252
93	109	0.764192
93	110	0.891621
93	111	0.894748
93	112	0.894235
93	113	0.79707
93	114	0.744426
93	115	0.860737
93	116	0.835889
93	117	0.887936
93	118	0.847755
93	119	0.874994
93	120	0.890922
93	121	0.887382
93	122	0.885875
93	123	0.86033
93	124	0.871811
93	125	0.868941
93	126	0.741885
93	127	0
93	128	0.858081
93	129	0.763719
93	130	0.734292
93	131	0.733081
93	132	0.728745
93	133	0.82085
93	134	0.828536
93	135	0.725965
93	136	0.724629
93	137	0.804038
93	138	0.745449
93	139	0.799179
93	140	0.740132
93	141	0.772276
93	142	0.762261
93	143	0.667688
93	144	0.700122
93	145	0.692203
93	146	0.67972
93	147	0.728769
93	148	0.717871
93	149	0.725003
93	150	0.676852
93	151	0.69463
93	152	0.688822
93	153	0.683752
93	154	0.698652
93	155	0.66428
93	156	0.71872
93	157	0.673055
93	158	0.682197
93	159	0.676777
93	160	0.708814
93	161	0.665244
93	162	0.672214
93	163	0.721444
93	164	0.683205
93	165	0.713718
93	166	0.660367
93	167	0.660379
93	168	0.685477
93	169	0.674739
93	170	0.69518
93	171	0.649506
93	172	0.653511
93	173	0.653967
93	174	0.686708
93	175	0.667092
93	176	0.668693
93	177	0.701632
93	178	0.503808
93	179	0.513155
93	180	0.506684
93	181	0.508338
93	182	0.493016
93	183	0.496416
93	184	0.497744
93	185	0.499429
93	186	0.494375
93	187	0
93	188	0
93	189	0
93	190	0
93	191	0
93	192	0
93	193	0
93	194	0
93	195	0
93	196	0
93	197	0
93	198	0
93	199	0
93	200	0
93	201	0
93	202	0
93	203	0
93	204	0
93	205	0
93	206	0
93	207	0.456936
93	208	0.442991
93	209	0.635476
93	210	0.461887
93	211	0.582021
93	212	0.536144
93	213	0.484405
93	214	0.437979
93	215	0.463942
93	216	0.459218
93	217	0.436583
93	218	0.209663
93	219	0.468721
93	220	0.223205
93	221	0.418854
93	222	0.416544
93	223	0.226126
93	224	0.246445
93	225	0.244254
93	226	0.239595
93	227	0.258545
93	228	0.226317
93	229	0.252583
93	230	0.246079
93	231	0.227236
93	232	0.227903
93	233	0.272493
93	234	0.249728
93	235	0.830417
93	236	0.291526
93	237	0.28942
93	238	0.313021
93	239	0.314201
93	240	0
93	241	0.941722
93	242	0.937452
93	243	0.828807
93	244	0.758341
93	245	0.848751
93	246	0.868137
93	247	0.884652
93	248	0.899562
93	249	0.758061
93	250	0
93	251	0.808589
93	252	0.887431
93	253	0.894381
93	254	0.782895
93	255	0.898294
93	256	0.868317
94	1	0.869165
94	2	0.789698
94	3	0.877282
94	4	0.827752
94	5	0.862686
94	6	0.877179
94	7	0.859831
94	8	0.869519
94	9	0.831177
94	10	0.842887
94	11	0.723485
94	12	0.762187
94	13	0.807202
94	14	0.714218
94	15	0.803833
94	16	0.794314
94	17	0.820366
94	18	0.800893
94	19	0.76938
94	20	0.747808
94	21	0
94	22	0.797781
94	23	0.60731
94	24	0.754641
94	25	0
94	26	0.724661
94	27	0.692095
94	28	0.717442
94	29	0.670945
94	30	0.710115
94	31	0.710387
94	32	0.724436
94	33	0
94	34	0.663351
94	35	0.730691
94	36	0.656148
94	37	0.713333
94	38	0.107791
94	39	0.723735
94	40	0.723502
94	41	0.714531
94	42	0.683576
94	43	0.715008
94	44	0.687267
94	45	0.697136
94	46	0.711507
94	47	0.705399
94	48	0.652042
94	49	0.703322
94	50	0.681138
94	51	0.698103
94	52	0.699962
94	53	0.679424
94	54	0.517831
94	55	0.50578
94	56	0.502765
94	57	0
94	58	0
94	59	0
94	60	0
94	61	0
94	62	0.583052
94	63	0.549935
94	64	0.595428
94	65	0.797321
94	66	0.80979
94	67	0.791733
94	68	0.805469
94	69	0.820447
94	70	0.806171
94	71	0.81063
94	72	0.801063
94	73	0.8351
94	74	0.829323
94	75	0.82146
94	76	0.841455
94	77	0.857945
94	78	0.838323
94	79	0.871728
94	80	0.856165
94	81	0.87311
94	82	0.866141
94	83	0.879312
94	84	0.892964
94	85	0.875762
94	86	0.967028
94	87	0.981616
94	88	0.967528
94	89	0.934061
94	90	0.949213
94	91	0.946423
94	92	0.976919
94	93	0.964972
94	95	0.940184
94	96	0.923779
94	97	0.972754
94	98	0.862522
94	99	0.958006
94	100	0.950291
94	101	0.950368
94	102	0.943335
94	103	0.829878
94	104	0.795674
94	105	0.889107
94	106	0.777572
94	107	0.718732
94	108	0.746638
94	109	0.748016
94	110	0.871905
94	111	0.875925
94	112	0.876003
94	113	0.784862
94	114	0.733024
94	115	0.847553
94	116	0.823086
94	117	0.874336
94	118	0.83477
94	119	0.861592
94	120	0.878114
94	121	0.87609
94	122	0.872439
94	123	0.847153
94	124	0.858458
94	125	0.855765
94	126	0.730521
94	127	0
94	128	0.84507
94	129	0.752021
94	130	0.723045
94	131	0.721852
94	132	0.717583
94	133	0.816184
94	134	0.828632
94	135	0.714845
94	136	0.71353
94	137	0.806927
94	138	0.745535
94	139	0.799272
94	140	0.740217
94	141	0.772365
94	142	0.765001
94	143	0.670087
94	144	0.702639
94	145	0.692283
94	146	0.682163
94	147	0.728853
94	148	0.720451
94	149	0.727609
94	150	0.679285
94	151	0.697126
94	152	0.691298
94	153	0.686209
94	154	0.698733
94	155	0.664356
94	156	0.718803
94	157	0.673133
94	158	0.684649
94	159	0.67921
94	160	0.708896
94	161	0.665321
94	162	0.67463
94	163	0.721528
94	164	0.683284
94	165	0.7138
94	166	0.66274
94	167	0.662753
94	168	0.685556
94	169	0.674817
94	170	0.69526
94	171	0.649581
94	172	0.65586
94	173	0.654043
94	174	0.686787
94	175	0.667169
94	176	0.66877
94	177	0.701713
94	178	0.503866
94	179	0.513214
94	180	0.506742
94	181	0.508397
94	182	0.493073
94	183	0.496473
94	184	0.497801
94	185	0.499486
94	186	0.494432
94	187	0
94	188	0
94	189	0
94	190	0
94	191	0
94	192	0
94	193	0
94	194	0
94	195	0
94	196	0
94	197	0
94	198	0
94	199	0
94	200	0
94	201	0
94	202	0
94	203	0
94	204	0
94	205	0
94	206	0
94	207	0.444268
94	208	0.43071
94	209	0.617858
94	210	0.449082
94	211	0.565885
94	212	0.52128
94	213	0.470975
94	214	0.425836
94	215	0.45108
94	216	0.446487
94	217	0.424479
94	218	0.20385
94	219	0.455726
94	220	0.217017
94	221	0.407242
94	222	0.404996
94	223	0.219857
94	224	0.239613
94	225	0.237482
94	226	0.232953
94	227	0.251377
94	228	0.220043
94	229	0.245581
94	230	0.239257
94	231	0.220937
94	232	0.221585
94	233	0.264939
94	234	0.242805
94	235	0.807395
94	236	0.283444
94	237	0.281397
94	238	0.304343
94	239	0.30549
94	240	0
94	241	0.964754
94	242	0.960379
94	243	0.814865
94	244	0.746726
94	245	0.830896
94	246	0.849874
94	247	0.866616
94	248	0.888115
94	249	0.74645
94	250	0
94	251	0.796204
94	252	0.873839
94	253	0.882833
94	254	0.770904
94	255	0.884535
94	256	0.855017
95	1	0.88025
95	2	0.808789
95	3	0.869109
95	4	0.8501
95	5	0.882297
95	6	0.880317
95	7	0.852784
95	8	0.865971
95	9	0.824366
95	10	0.836794
95	11	0.743018
95	12	0.756678
95	13	0.803922
95	14	0.733501
95	15	0.800567
95	16	0.811749
95	17	0.817033
95	18	0.797639
95	19	0.784659
95	20	0.765767
95	21	0
95	22	0.79871
95	23	0.608017
95	24	0.751576
95	25	0
95	26	0.728899
95	27	0.693217
95	28	0.721394
95	29	0.66822
95	30	0.710942
95	31	0.711214
95	32	0.72528
95	33	0
95	34	0.664124
95	35	0.731542
95	36	0.656912
95	37	0.714164
95	38	0.107353
95	39	0.724578
95	40	0.724344
95	41	0.715363
95	42	0.684372
95	43	0.71584
95	44	0.688067
95	45	0.697947
95	46	0.712336
95	47	0.70622
95	48	0.652801
95	49	0.70414
95	50	0.681931
95	51	0.698916
95	52	0.700777
95	53	0.680215
95	54	0.518434
95	55	0.506369
95	56	0.50335
95	57	0
95	58	0
95	59	0
95	60	0
95	61	0
95	62	0.597968
95	63	0.564004
95	64	0.61066
95	65	0.817718
95	66	0.830507
95	67	0.811987
95	68	0.826075
95	69	0.841436
95	70	0.826795
95	71	0.831368
95	72	0.821556
95	73	0.856464
95	74	0.850539
95	75	0.842474
95	76	0.862981
95	77	0.879893
95	78	0.859769
95	79	0.894029
95	80	0.878068
95	81	0.895446
95	82	0.888299
95	83	0.901807
95	84	0.915808
95	85	0.898167
95	86	0.919694
95	87	0.933569
95	88	0.94314
95	89	0.956209
95	90	0.936362
95	91	0.960101
95	92	0.95113
95	93	0.966556
95	94	0.940184
95	96	0.97933
95	97	0.951248
95	98	0.862883
95	99	0.964515
95	100	0.956078
95	101	0.946372
95	102	0.9507
95	103	0.870206
95	104	0.834339
95	105	0.927727
95	106	0.815358
95	107	0.739885
95	108	0.768612
95	109	0.780138
95	110	0.907884
95	111	0.911068
95	112	0.910546
95	113	0.806184
95	114	0.752938
95	115	0.870579
95	116	0.845448
95	117	0.895472
95	118	0.857448
95	119	0.884854
95	120	0.898484
95	121	0.89021
95	122	0.893394
95	123	0.870025
95	124	0.880501
95	125	0.876316
95	126	0.750245
95	127	0
95	128	0.865364
95	129	0.772325
95	130	0.742567
95	131	0.741342
95	132	0.736957
95	133	0.827817
95	134	0.829596
95	135	0.734145
95	136	0.730779
95	137	0.803649
95	138	0.746403
95	139	0.800178
95	140	0.746206
95	141	0.773264
95	142	0.761893
95	143	0.667365
95	144	0.699784
95	145	0.693089
95	146	0.679392
95	147	0.729701
95	148	0.717524
95	149	0.724653
95	150	0.676525
95	151	0.694294
95	152	0.688489
95	153	0.683421
95	154	0.699546
95	155	0.66513
95	156	0.71964
95	157	0.673917
95	158	0.681867
95	159	0.67645
95	160	0.709722
95	161	0.666096
95	162	0.671889
95	163	0.722368
95	164	0.684079
95	165	0.714631
95	166	0.660048
95	167	0.66006
95	168	0.686354
95	169	0.675602
95	170	0.696069
95	171	0.650337
95	172	0.653195
95	173	0.654804
95	174	0.687586
95	175	0.667946
95	176	0.669549
95	177	0.70253
95	178	0.504453
95	179	0.513812
95	180	0.507332
95	181	0.508989
95	182	0.493647
95	183	0.497051
95	184	0.498381
95	185	0.500068
95	186	0.495008
95	187	0
95	188	0
95	189	0
95	190	0
95	191	0
95	192	0
95	193	0
95	194	0
95	195	0
95	196	0
95	197	0
95	198	0
95	199	0
95	200	0
95	201	0
95	202	0
95	203	0
95	204	0
95	205	0
95	206	0
95	207	0.455633
95	208	0.441729
95	209	0.633664
95	210	0.46057
95	211	0.580362
95	212	0.534616
95	213	0.483024
95	214	0.43673
95	215	0.46262
95	216	0.457909
95	217	0.435338
95	218	0.209065
95	219	0.467385
95	220	0.222569
95	221	0.41766
95	222	0.415357
95	223	0.225481
95	224	0.245743
95	225	0.243557
95	226	0.238912
95	227	0.257808
95	228	0.225672
95	229	0.251863
95	230	0.245378
95	231	0.226589
95	232	0.227254
95	233	0.271716
95	234	0.249016
95	235	0.82805
95	236	0.290695
95	237	0.288595
95	238	0.312129
95	239	0.313305
95	240	0
95	241	0.917532
95	242	0.913372
95	243	0.843924
95	244	0.76799
95	245	0.864233
95	246	0.883972
95	247	0.900788
95	248	0.902918
95	249	0.766729
95	250	0
95	251	0.817835
95	252	0.894963
95	253	0.900323
95	254	0.791847
95	255	0.905919
95	256	0.878245
96	1	0.872678
96	2	0.801832
96	3	0.857908
96	4	0.843023
96	5	0.874708
96	6	0.872745
96	7	0.845449
96	8	0.858522
96	9	0.817275
96	10	0.829597
96	11	0.736832
96	12	0.750169
96	13	0.797007
96	14	0.727394
96	15	0.793681
96	16	0.804767
96	17	0.810006
96	18	0.790778
96	19	0.777909
96	20	0.75918
96	21	0
96	22	0.79184
96	23	0.602787
96	24	0.745111
96	25	0
96	26	0.722629
96	27	0.687255
96	28	0.715189
96	29	0.662472
96	30	0.704827
96	31	0.705097
96	32	0.719041
96	33	0
96	34	0.658411
96	35	0.725249
96	36	0.651262
96	37	0.708021
96	38	0.10643
96	39	0.718345
96	40	0.718114
96	41	0.70921
96	42	0.678485
96	43	0.709683
96	44	0.682148
96	45	0.691944
96	46	0.706208
96	47	0.700145
96	48	0.647186
96	49	0.698084
96	50	0.676065
96	51	0.692904
96	52	0.694749
96	53	0.674364
96	54	0.513974
96	55	0.502013
96	56	0.49902
96	57	0
96	58	0
96	59	0
96	60	0
96	61	0
96	62	0.595746
96	63	0.561908
96	64	0.608392
96	65	0.81468
96	66	0.827421
96	67	0.80897
96	68	0.823006
96	69	0.83831
96	70	0.823723
96	71	0.828279
96	72	0.818503
96	73	0.853282
96	74	0.847379
96	75	0.839344
96	76	0.859775
96	77	0.876624
96	78	0.856575
96	79	0.890707
96	80	0.874805
96	81	0.89212
96	82	0.884999
96	83	0.898456
96	84	0.912405
96	85	0.89483
96	86	0.903646
96	87	0.917279
96	88	0.936421
96	89	0.952657
96	90	0.929692
96	91	0.953262
96	92	0.934534
96	93	0.956729
96	94	0.923779
96	95	0.97933
96	97	0.93465
96	98	0.855461
96	99	0.947685
96	100	0.939395
96	101	0.929858
96	102	0.934111
96	103	0.870013
96	104	0.834155
96	105	0.920004
96	106	0.815178
96	107	0.739721
96	108	0.768442
96	109	0.779965
96	110	0.900325
96	111	0.903483
96	112	0.902965
96	113	0.799473
96	114	0.748794
96	115	0.863331
96	116	0.838409
96	117	0.88777
96	118	0.85031
96	119	0.877488
96	120	0.890756
96	121	0.882553
96	122	0.88571
96	123	0.862782
96	124	0.873171
96	125	0.868778
96	126	0.743999
96	127	0
96	128	0.857921
96	129	0.765895
96	130	0.736385
96	131	0.73517
96	132	0.730822
96	133	0.820697
96	134	0.822461
96	135	0.728034
96	136	0.724494
96	137	0.796737
96	138	0.739983
96	139	0.793295
96	140	0.739787
96	141	0.766613
96	142	0.755339
96	143	0.661625
96	144	0.693765
96	145	0.687127
96	146	0.673548
96	147	0.723425
96	148	0.711353
96	149	0.71842
96	150	0.670706
96	151	0.688322
96	152	0.682567
96	153	0.677543
96	154	0.693529
96	155	0.659409
96	156	0.71345
96	157	0.66812
96	158	0.676002
96	159	0.670632
96	160	0.703617
96	161	0.660366
96	162	0.66611
96	163	0.716154
96	164	0.678195
96	165	0.708485
96	166	0.65437
96	167	0.654383
96	168	0.680451
96	169	0.669791
96	170	0.690082
96	171	0.644743
96	172	0.647577
96	173	0.649172
96	174	0.681672
96	175	0.6622
96	176	0.66379
96	177	0.696487
96	178	0.500114
96	179	0.509392
96	180	0.502968
96	181	0.504611
96	182	0.489401
96	183	0.492776
96	184	0.494094
96	185	0.495767
96	186	0.49075
96	187	0
96	188	0
96	189	0
96	190	0
96	191	0
96	192	0
96	193	0
96	194	0
96	195	0
96	196	0
96	197	0
96	198	0
96	199	0
96	200	0
96	201	0
96	202	0
96	203	0
96	204	0
96	205	0
96	206	0
96	207	0.453941
96	208	0.440088
96	209	0.63131
96	210	0.458859
96	211	0.578206
96	212	0.53263
96	213	0.481229
96	214	0.435108
96	215	0.460901
96	216	0.456208
96	217	0.433721
96	218	0.208288
96	219	0.465648
96	220	0.221742
96	221	0.416108
96	222	0.413813
96	223	0.224644
96	224	0.24483
96	225	0.242653
96	226	0.238024
96	227	0.25685
96	228	0.224833
96	229	0.250928
96	230	0.244466
96	231	0.225747
96	232	0.226409
96	233	0.270707
96	234	0.248091
96	235	0.824974
96	236	0.289615
96	237	0.287523
96	238	0.310969
96	239	0.312141
96	240	0
96	241	0.901522
96	242	0.897434
96	243	0.836899
96	244	0.76782
96	245	0.857038
96	246	0.876612
96	247	0.893289
96	248	0.895152
96	249	0.760699
96	250	0
96	251	0.811027
96	252	0.887265
96	253	0.892579
96	254	0.785255
96	255	0.898126
96	256	0.870934
97	1	0.887955
97	2	0.80654
97	3	0.896247
97	4	0.845405
97	5	0.881084
97	6	0.896142
97	7	0.878418
97	8	0.888316
97	9	0.849145
97	10	0.861109
97	11	0.738915
97	12	0.778664
97	13	0.824652
97	14	0.72945
97	15	0.82121
97	16	0.811485
97	17	0.838101
97	18	0.818206
97	19	0.786013
97	20	0.763756
97	21	0
97	22	0.815027
97	23	0.620439
97	24	0.770955
97	25	0
97	26	0.740327
97	27	0.707056
97	28	0.732951
97	29	0.68545
97	30	0.725467
97	31	0.725744
97	32	0.740097
97	33	0
97	34	0.677692
97	35	0.746487
97	36	0.670333
97	37	0.728754
97	38	0.110121
97	39	0.739381
97	40	0.739142
97	41	0.729978
97	42	0.698353
97	43	0.730465
97	44	0.702124
97	45	0.712206
97	46	0.726888
97	47	0.720648
97	48	0.666138
97	49	0.718526
97	50	0.695863
97	51	0.713195
97	52	0.715093
97	53	0.694112
97	54	0.529025
97	55	0.516714
97	56	0.513633
97	57	0
97	58	0
97	59	0
97	60	0
97	61	0
97	62	0.579764
97	63	0.546835
97	64	0.592071
97	65	0.792825
97	66	0.805225
97	67	0.787269
97	68	0.800928
97	69	0.815821
97	70	0.801626
97	71	0.806059
97	72	0.796546
97	73	0.830392
97	74	0.824647
97	75	0.816828
97	76	0.836711
97	77	0.853108
97	78	0.833596
97	79	0.866813
97	80	0.851338
97	81	0.868187
97	82	0.861258
97	83	0.874354
97	84	0.887929
97	85	0.870825
97	86	0.94583
97	87	0.960099
97	88	0.960656
97	89	0.928795
97	90	0.94247
97	91	0.941087
97	92	0.979818
97	93	0.963832
97	94	0.972754
97	95	0.951248
97	96	0.93465
97	98	0.881167
97	99	0.977181
97	100	0.969311
97	101	0.976963
97	102	0.963453
97	103	0.841521
97	104	0.81213
97	105	0.908069
97	106	0.793654
97	107	0.73406
97	108	0.762561
97	109	0.763969
97	110	0.8905
97	111	0.894606
97	112	0.894686
97	113	0.8016
97	114	0.748657
97	115	0.865629
97	116	0.84064
97	117	0.892983
97	118	0.852573
97	119	0.879967
97	120	0.896841
97	121	0.894774
97	122	0.891045
97	123	0.86522
97	124	0.876766
97	125	0.874015
97	126	0.746101
97	127	0
97	128	0.863092
97	129	0.76806
97	130	0.738466
97	131	0.737247
97	132	0.732887
97	133	0.833828
97	134	0.846545
97	135	0.730091
97	136	0.728747
97	137	0.824372
97	138	0.761652
97	139	0.81655
97	140	0.756219
97	141	0.789062
97	142	0.781539
97	143	0.684573
97	144	0.717828
97	145	0.707248
97	146	0.69691
97	147	0.744609
97	148	0.736026
97	149	0.743338
97	150	0.693969
97	151	0.712197
97	152	0.706242
97	153	0.701044
97	154	0.713838
97	155	0.678718
97	156	0.734342
97	157	0.687685
97	158	0.69945
97	159	0.693893
97	160	0.724221
97	161	0.679704
97	162	0.689214
97	163	0.737126
97	164	0.698055
97	165	0.729231
97	166	0.677067
97	167	0.67708
97	168	0.700377
97	169	0.689405
97	170	0.71029
97	171	0.663623
97	172	0.670038
97	173	0.668182
97	174	0.701634
97	175	0.681592
97	176	0.683228
97	177	0.716882
97	178	0.514759
97	179	0.524309
97	180	0.517697
97	181	0.519388
97	182	0.503732
97	183	0.507206
97	184	0.508563
97	185	0.510284
97	186	0.505121
97	187	0
97	188	0
97	189	0
97	190	0
97	191	0
97	192	0
97	193	0
97	194	0
97	195	0
97	196	0
97	197	0
97	198	0
97	199	0
97	200	0
97	201	0
97	202	0
97	203	0
97	204	0
97	205	0
97	206	0
97	207	0.441763
97	208	0.428282
97	209	0.614375
97	210	0.44655
97	211	0.562695
97	212	0.518341
97	213	0.46832
97	214	0.423435
97	215	0.448537
97	216	0.44397
97	217	0.422086
97	218	0.202701
97	219	0.453157
97	220	0.215794
97	221	0.404946
97	222	0.402712
97	223	0.218617
97	224	0.238262
97	225	0.236143
97	226	0.231639
97	227	0.249959
97	228	0.218802
97	229	0.244196
97	230	0.237908
97	231	0.219691
97	232	0.220336
97	233	0.263445
97	234	0.241436
97	235	0.802843
97	236	0.281846
97	237	0.27981
97	238	0.302627
97	239	0.303768
97	240	0
97	241	0.943606
97	242	0.939328
97	243	0.832244
97	244	0.762651
97	245	0.848617
97	246	0.867999
97	247	0.885098
97	248	0.907056
97	249	0.76237
97	250	0
97	251	0.813185
97	252	0.892475
97	253	0.901661
97	254	0.787345
97	255	0.9034
97	256	0.873252
98	1	0.959801
98	2	0.888539
98	3	0.948403
98	4	0.876778
98	5	0.950566
98	6	0.975862
98	7	0.954631
98	8	0.990252
98	9	0.936281
98	10	0.956525
98	11	0.780553
98	12	0.866388
98	13	0.93152
98	14	0.783073
98	15	0.927632
98	16	0.918305
98	17	0.946712
98	18	0.924239
98	19	0.889479
98	20	0.861382
98	21	0
98	22	0.922486
98	23	0.702242
98	24	0.870865
98	25	0
98	26	0.837937
98	27	0.80028
98	28	0.829589
98	29	0.774279
98	30	0.821117
98	31	0.821432
98	32	0.837677
98	33	0
98	34	0.767043
98	35	0.844909
98	36	0.758714
98	37	0.824838
98	38	0.124392
98	39	0.836866
98	40	0.836596
98	41	0.826223
98	42	0.790429
98	43	0.826774
98	44	0.794697
98	45	0.806109
98	46	0.822727
98	47	0.815663
98	48	0.753966
98	49	0.813262
98	50	0.78761
98	51	0.807227
98	52	0.809376
98	53	0.785628
98	54	0.598776
98	55	0.584841
98	56	0.581354
98	57	0
98	58	0
98	59	0
98	60	0
98	61	0
98	62	0.521836
98	63	0.492196
98	64	0.532912
98	65	0.713608
98	66	0.724768
98	67	0.708607
98	68	0.720901
98	69	0.734306
98	70	0.721529
98	71	0.72552
98	72	0.716957
98	73	0.747421
98	74	0.742251
98	75	0.735212
98	76	0.753108
98	77	0.767867
98	78	0.750305
98	79	0.780203
98	80	0.766274
98	81	0.78144
98	82	0.775203
98	83	0.786991
98	84	0.799209
98	85	0.783814
98	86	0.835946
98	87	0.848557
98	88	0.848507
98	89	0.834467
98	90	0.832445
98	91	0.842815
98	92	0.86529
98	93	0.861806
98	94	0.862522
98	95	0.862883
98	96	0.855461
98	97	0.881167
98	99	0.887199
98	100	0.894439
98	101	0.896836
98	102	0.901949
98	103	0.824301
98	104	0.797648
98	105	0.889918
98	106	0.794924
98	107	0.754659
98	108	0.78396
98	109	0.785407
98	110	0.874621
98	111	0.88063
98	112	0.886411
98	113	0.824094
98	114	0.769665
98	115	0.885107
98	116	0.86423
98	117	0.910775
98	118	0.876497
98	119	0.903716
98	120	0.933698
98	121	0.953953
98	122	0.934838
98	123	0.904534
98	124	0.919947
98	125	0.939568
98	126	0.788144
98	127	0
98	128	0.941041
98	129	0.81134
98	130	0.780979
98	131	0.778791
98	132	0.774185
98	133	0.943589
98	134	0.95816
98	135	0.779443
98	136	0.786901
98	137	0.931203
98	138	0.862074
98	139	0.925644
98	140	0.855924
98	141	0.893098
98	142	0.88282
98	143	0.773288
98	144	0.810853
98	145	0.800497
98	146	0.787224
98	147	0.842784
98	148	0.831409
98	149	0.839669
98	150	0.783902
98	151	0.804492
98	152	0.797765
98	153	0.791893
98	154	0.807955
98	155	0.768206
98	156	0.831163
98	157	0.778354
98	158	0.790093
98	159	0.783816
98	160	0.819708
98	161	0.769321
98	162	0.778531
98	163	0.834313
98	164	0.790092
98	165	0.825378
98	166	0.764809
98	167	0.764824
98	168	0.792719
98	169	0.780301
98	170	0.80394
98	171	0.75112
98	172	0.756869
98	173	0.75628
98	174	0.794142
98	175	0.771458
98	176	0.77331
98	177	0.811401
98	178	0.582628
98	179	0.593438
98	180	0.585954
98	181	0.587867
98	182	0.570148
98	183	0.57408
98	184	0.575615
98	185	0.577564
98	186	0.57172
98	187	0
98	188	0
98	189	0
98	190	0
98	191	0
98	192	0
98	193	0
98	194	0
98	195	0
98	196	0
98	197	0
98	198	0
98	199	0
98	200	0
98	201	0
98	202	0
98	203	0
98	204	0
98	205	0
98	206	0
98	207	0.397623
98	208	0.385489
98	209	0.552988
98	210	0.401932
98	211	0.506471
98	212	0.46655
98	213	0.421526
98	214	0.381127
98	215	0.40372
98	216	0.399609
98	217	0.379912
98	218	0.182447
98	219	0.407878
98	220	0.194232
98	221	0.364485
98	222	0.362474
98	223	0.196774
98	224	0.214455
98	225	0.212548
98	226	0.208494
98	227	0.224984
98	228	0.19694
98	229	0.219797
98	230	0.214137
98	231	0.19774
98	232	0.19832
98	233	0.237122
98	234	0.217312
98	235	0.722625
98	236	0.253684
98	237	0.251852
98	238	0.272389
98	239	0.273416
98	240	0
98	241	0.83398
98	242	0.830199
98	243	0.853943
98	244	0.784052
98	245	0.84382
98	246	0.871853
98	247	0.886672
98	248	0.941781
98	249	0.783763
98	250	0
98	251	0.836004
98	252	0.916141
98	253	0.930936
98	254	0.809439
98	255	0.918062
98	256	0.889848
99	1	0.903307
99	2	0.823444
99	3	0.900762
99	4	0.863124
99	5	0.899551
99	6	0.903376
99	7	0.883501
99	8	0.894395
99	9	0.854059
99	10	0.866091
99	11	0.754402
99	12	0.78317
99	13	0.829423
99	14	0.744738
99	15	0.825962
99	16	0.826587
99	17	0.84295
99	18	0.822941
99	19	0.799001
99	20	0.779764
99	21	0
99	22	0.821192
99	23	0.625132
99	24	0.775416
99	25	0
99	26	0.745927
99	27	0.712405
99	28	0.738496
99	29	0.689416
99	30	0.730954
99	31	0.731234
99	32	0.745695
99	33	0
99	34	0.682818
99	35	0.752134
99	36	0.675403
99	37	0.734266
99	38	0.110759
99	39	0.744974
99	40	0.744733
99	41	0.7355
99	42	0.703636
99	43	0.73599
99	44	0.707435
99	45	0.717594
99	46	0.732387
99	47	0.726099
99	48	0.671177
99	49	0.723961
99	50	0.701127
99	51	0.718589
99	52	0.720503
99	53	0.699362
99	54	0.533027
99	55	0.520622
99	56	0.517519
99	57	0
99	58	0
99	59	0
99	60	0
99	61	0
99	62	0.584099
99	63	0.550923
99	64	0.596498
99	65	0.798753
99	66	0.811246
99	67	0.793155
99	68	0.806916
99	69	0.821921
99	70	0.80762
99	71	0.812086
99	72	0.802502
99	73	0.836601
99	74	0.830814
99	75	0.822936
99	76	0.842967
99	77	0.859487
99	78	0.839829
99	79	0.873294
99	80	0.857703
99	81	0.874679
99	82	0.867698
99	83	0.880892
99	84	0.894568
99	85	0.877336
99	86	0.932071
99	87	0.946132
99	88	0.949157
99	89	0.93574
99	90	0.93119
99	91	0.948124
99	92	0.968649
99	93	0.969488
99	94	0.958006
99	95	0.964515
99	96	0.947685
99	97	0.977181
99	98	0.887199
99	100	0.990899
99	101	0.98084
99	102	0.983646
99	103	0.859224
99	104	0.829152
99	105	0.927101
99	106	0.810289
99	107	0.749446
99	108	0.778544
99	109	0.779981
99	110	0.909164
99	111	0.913356
99	112	0.913437
99	113	0.818401
99	114	0.764348
99	115	0.883771
99	116	0.858259
99	117	0.911699
99	118	0.870442
99	119	0.89841
99	120	0.915638
99	121	0.913528
99	122	0.90972
99	123	0.883354
99	124	0.895142
99	125	0.892334
99	126	0.761739
99	127	0
99	128	0.881182
99	129	0.784157
99	130	0.753943
99	131	0.752699
99	132	0.748248
99	133	0.842948
99	134	0.852949
99	135	0.745393
99	136	0.744021
99	137	0.829142
99	138	0.767414
99	139	0.822727
99	140	0.761939
99	141	0.795031
99	142	0.786061
99	143	0.688534
99	144	0.721982
99	145	0.712598
99	146	0.700942
99	147	0.750241
99	148	0.740285
99	149	0.747639
99	150	0.697985
99	151	0.716318
99	152	0.710329
99	153	0.7051
99	154	0.719237
99	155	0.683853
99	156	0.739897
99	157	0.692887
99	158	0.703497
99	159	0.697908
99	160	0.729699
99	161	0.684845
99	162	0.693202
99	163	0.742701
99	164	0.703335
99	165	0.734747
99	166	0.680985
99	167	0.680998
99	168	0.705675
99	169	0.69462
99	170	0.715663
99	171	0.668643
99	172	0.673915
99	173	0.673236
99	174	0.706941
99	175	0.686748
99	176	0.688396
99	177	0.722305
99	178	0.518653
99	179	0.528275
99	180	0.521613
99	181	0.523316
99	182	0.507543
99	183	0.511043
99	184	0.51241
99	185	0.514144
99	186	0.508942
99	187	0
99	188	0
99	189	0
99	190	0
99	191	0
99	192	0
99	193	0
99	194	0
99	195	0
99	196	0
99	197	0
99	198	0
99	199	0
99	200	0
99	201	0
99	202	0
99	203	0
99	204	0
99	205	0
99	206	0
99	207	0.445066
99	208	0.431484
99	209	0.618968
99	210	0.449889
99	211	0.566902
99	212	0.522217
99	213	0.471822
99	214	0.426602
99	215	0.451891
99	216	0.447289
99	217	0.425242
99	218	0.204216
99	219	0.456545
99	220	0.217407
99	221	0.407974
99	222	0.405723
99	223	0.220252
99	224	0.240044
99	225	0.237909
99	226	0.233371
99	227	0.251828
99	228	0.220438
99	229	0.246022
99	230	0.239687
99	231	0.221334
99	232	0.221983
99	233	0.265415
99	234	0.243241
99	235	0.808846
99	236	0.283953
99	237	0.281902
99	238	0.30489
99	239	0.306039
99	240	0
99	241	0.929879
99	242	0.925663
99	243	0.849687
99	244	0.778635
99	245	0.866403
99	246	0.886191
99	247	0.903649
99	248	0.926067
99	249	0.778348
99	250	0
99	251	0.830228
99	252	0.91118
99	253	0.920558
99	254	0.803847
99	255	0.922334
99	256	0.891554
100	1	0.910679
100	2	0.830164
100	3	0.907717
100	4	0.870168
100	5	0.906892
100	6	0.910748
100	7	0.890322
100	8	0.9013
100	9	0.860653
100	10	0.872778
100	11	0.760558
100	12	0.789216
100	13	0.835827
100	14	0.750816
100	15	0.832339
100	16	0.833332
100	17	0.849458
100	18	0.829294
100	19	0.805522
100	20	0.786127
100	21	0
100	22	0.827894
100	23	0.630233
100	24	0.781403
100	25	0
100	26	0.752014
100	27	0.718219
100	28	0.744523
100	29	0.694739
100	30	0.73692
100	31	0.737202
100	32	0.751781
100	33	0
100	34	0.68839
100	35	0.758272
100	36	0.680915
100	37	0.740259
100	38	0.111614
100	39	0.751053
100	40	0.750811
100	41	0.741502
100	42	0.709378
100	43	0.741997
100	44	0.713208
100	45	0.72345
100	46	0.738364
100	47	0.732025
100	48	0.676654
100	49	0.729869
100	50	0.706848
100	51	0.724454
100	52	0.726383
100	53	0.705069
100	54	0.537377
100	55	0.524871
100	56	0.521742
100	57	0
100	58	0
100	59	0
100	60	0
100	61	0
100	62	0.578924
100	63	0.546042
100	64	0.591213
100	65	0.791676
100	66	0.804058
100	67	0.786128
100	68	0.799767
100	69	0.814639
100	70	0.800464
100	71	0.804891
100	72	0.795392
100	73	0.829188
100	74	0.823452
100	75	0.815644
100	76	0.835498
100	77	0.851871
100	78	0.832388
100	79	0.865557
100	80	0.850104
100	81	0.866929
100	82	0.86001
100	83	0.873087
100	84	0.886642
100	85	0.869563
100	86	0.924565
100	87	0.938513
100	88	0.940561
100	89	0.927449
100	90	0.922756
100	91	0.939723
100	92	0.960849
100	93	0.960898
100	94	0.950291
100	95	0.956078
100	96	0.939395
100	97	0.969311
100	98	0.894439
100	99	0.990899
100	101	0.988003
100	102	0.991674
100	103	0.865592
100	104	0.835918
100	105	0.934667
100	106	0.816901
100	107	0.755562
100	108	0.784898
100	109	0.786346
100	110	0.916584
100	111	0.920809
100	112	0.920892
100	113	0.82508
100	114	0.770586
100	115	0.890984
100	116	0.865263
100	117	0.919139
100	118	0.877545
100	119	0.905742
100	120	0.92311
100	121	0.920983
100	122	0.917145
100	123	0.890563
100	124	0.902447
100	125	0.899616
100	126	0.767955
100	127	0
100	128	0.888373
100	129	0.790557
100	130	0.760096
100	131	0.758842
100	132	0.754354
100	133	0.849828
100	134	0.859909
100	135	0.751476
100	136	0.750093
100	137	0.835543
100	138	0.773677
100	139	0.829441
100	140	0.768157
100	141	0.801519
100	142	0.79213
100	143	0.69385
100	144	0.727556
100	145	0.718414
100	146	0.706354
100	147	0.756364
100	148	0.746
100	149	0.753412
100	150	0.703374
100	151	0.721848
100	152	0.715813
100	153	0.710544
100	154	0.725107
100	155	0.689433
100	156	0.745935
100	157	0.698541
100	158	0.708928
100	159	0.703296
100	160	0.735654
100	161	0.690434
100	162	0.698554
100	163	0.748763
100	164	0.709075
100	165	0.740744
100	166	0.686242
100	167	0.686255
100	168	0.711433
100	169	0.700288
100	170	0.721503
100	171	0.6741
100	172	0.679118
100	173	0.67873
100	174	0.71271
100	175	0.692352
100	176	0.694014
100	177	0.7282
100	178	0.522885
100	179	0.532586
100	180	0.52587
100	181	0.527587
100	182	0.511685
100	183	0.515213
100	184	0.516591
100	185	0.51834
100	186	0.513095
100	187	0
100	188	0
100	189	0
100	190	0
100	191	0
100	192	0
100	193	0
100	194	0
100	195	0
100	196	0
100	197	0
100	198	0
100	199	0
100	200	0
100	201	0
100	202	0
100	203	0
100	204	0
100	205	0
100	206	0
100	207	0.441123
100	208	0.427661
100	209	0.613484
100	210	0.445903
100	211	0.561879
100	212	0.51759
100	213	0.467641
100	214	0.422822
100	215	0.447887
100	216	0.443326
100	217	0.421474
100	218	0.202407
100	219	0.4525
100	220	0.215481
100	221	0.404359
100	222	0.402129
100	223	0.2183
100	224	0.237917
100	225	0.235801
100	226	0.231303
100	227	0.249597
100	228	0.218485
100	229	0.243842
100	230	0.237563
100	231	0.219372
100	232	0.220016
100	233	0.263063
100	234	0.241086
100	235	0.801679
100	236	0.281437
100	237	0.279404
100	238	0.302188
100	239	0.303327
100	240	0
100	241	0.922391
100	242	0.918208
100	243	0.856621
100	244	0.78499
100	245	0.873473
100	246	0.893423
100	247	0.911023
100	248	0.933624
100	249	0.7847
100	250	0
100	251	0.837004
100	252	0.918616
100	253	0.928071
100	254	0.810407
100	255	0.929861
100	256	0.89883
101	1	0.905449
101	2	0.825397
101	3	0.910548
101	4	0.86517
101	5	0.901684
101	6	0.91286
101	7	0.893099
101	8	0.904111
101	9	0.863337
101	10	0.875501
101	11	0.75619
101	12	0.791678
101	13	0.838434
101	14	0.746504
101	15	0.834935
101	16	0.828547
101	17	0.852108
101	18	0.831881
101	19	0.800895
101	20	0.781613
101	21	0
101	22	0.830017
101	23	0.63185
101	24	0.78384
101	25	0
101	26	0.753943
101	27	0.720061
101	28	0.746432
101	29	0.696906
101	30	0.73881
101	31	0.739093
101	32	0.753709
101	33	0
101	34	0.690156
101	35	0.760217
101	36	0.682662
101	37	0.742157
101	38	0.111962
101	39	0.75298
101	40	0.752737
101	41	0.743404
101	42	0.711198
101	43	0.7439
101	44	0.715038
101	45	0.725305
101	46	0.740258
101	47	0.733902
101	48	0.678389
101	49	0.731741
101	50	0.708661
101	51	0.726312
101	52	0.728246
101	53	0.706878
101	54	0.538755
101	55	0.526217
101	56	0.52308
101	57	0
101	58	0
101	59	0
101	60	0
101	61	0
101	62	0.573047
101	63	0.540499
101	64	0.585211
101	65	0.783639
101	66	0.795895
101	67	0.778147
101	68	0.791647
101	69	0.806368
101	70	0.792337
101	71	0.79672
101	72	0.787317
101	73	0.82077
101	74	0.815092
101	75	0.807364
101	76	0.827016
101	77	0.843223
101	78	0.823938
101	79	0.856769
101	80	0.841473
101	81	0.858128
101	82	0.851279
101	83	0.864223
101	84	0.877641
101	85	0.860735
101	86	0.924064
101	87	0.938005
101	88	0.938548
101	89	0.918033
101	90	0.920781
101	91	0.930183
101	92	0.958243
101	93	0.951143
101	94	0.950368
101	95	0.946372
101	96	0.929858
101	97	0.976963
101	98	0.896836
101	99	0.98084
101	100	0.988003
101	102	0.985978
101	103	0.860621
101	104	0.831118
101	105	0.929299
101	106	0.81221
101	107	0.751223
101	108	0.78039
101	109	0.781831
101	110	0.91132
101	111	0.915521
101	112	0.915603
101	113	0.820341
101	114	0.76616
101	115	0.885867
101	116	0.860294
101	117	0.91386
101	118	0.872506
101	119	0.900541
101	120	0.917809
101	121	0.915694
101	122	0.911877
101	123	0.885448
101	124	0.897265
101	125	0.89445
101	126	0.763545
101	127	0
101	128	0.883271
101	129	0.786017
101	130	0.755731
101	131	0.754484
101	132	0.750022
101	133	0.849164
101	134	0.862115
101	135	0.74716
101	136	0.745785
101	137	0.838149
101	138	0.775661
101	139	0.831568
101	140	0.770128
101	141	0.803575
101	142	0.7946
101	143	0.696015
101	144	0.729825
101	145	0.720256
101	146	0.708557
101	147	0.758304
101	148	0.748327
101	149	0.755762
101	150	0.705568
101	151	0.7241
101	152	0.718046
101	153	0.71276
101	154	0.726967
101	155	0.691202
101	156	0.747848
101	157	0.700333
101	158	0.711139
101	159	0.70549
101	160	0.737541
101	161	0.692205
101	162	0.700733
101	163	0.750683
101	164	0.710894
101	165	0.742644
101	166	0.688383
101	167	0.688396
101	168	0.713258
101	169	0.702085
101	170	0.723354
101	171	0.675829
101	172	0.681236
101	173	0.680471
101	174	0.714538
101	175	0.694128
101	176	0.695794
101	177	0.730067
101	178	0.524226
101	179	0.533952
101	180	0.527219
101	181	0.52894
101	182	0.512997
101	183	0.516535
101	184	0.517916
101	185	0.51967
101	186	0.514411
101	187	0
101	188	0
101	189	0
101	190	0
101	191	0
101	192	0
101	193	0
101	194	0
101	195	0
101	196	0
101	197	0
101	198	0
101	199	0
101	200	0
101	201	0
101	202	0
101	203	0
101	204	0
101	205	0
101	206	0
101	207	0.436645
101	208	0.423319
101	209	0.607256
101	210	0.441376
101	211	0.556175
101	212	0.512335
101	213	0.462893
101	214	0.418529
101	215	0.44334
101	216	0.438826
101	217	0.417195
101	218	0.200352
101	219	0.447906
101	220	0.213293
101	221	0.400254
101	222	0.398046
101	223	0.216084
101	224	0.235501
101	225	0.233407
101	226	0.228955
101	227	0.247063
101	228	0.216267
101	229	0.241367
101	230	0.235151
101	231	0.217145
101	232	0.217783
101	233	0.260392
101	234	0.238638
101	235	0.79354
101	236	0.27858
101	237	0.276568
101	238	0.29912
101	239	0.300248
101	240	0
101	241	0.921891
101	242	0.917711
101	243	0.851701
101	244	0.780482
101	245	0.868457
101	246	0.888293
101	247	0.905791
101	248	0.928263
101	249	0.780194
101	250	0
101	251	0.832197
101	252	0.913341
101	253	0.922741
101	254	0.805753
101	255	0.924521
101	256	0.893668
102	1	0.918325
102	2	0.837134
102	3	0.907453
102	4	0.877474
102	5	0.914506
102	6	0.918394
102	7	0.894274
102	8	0.908102
102	9	0.864473
102	10	0.877506
102	11	0.766944
102	12	0.793492
102	13	0.840355
102	14	0.75712
102	15	0.836848
102	16	0.840329
102	17	0.85406
102	18	0.833787
102	19	0.812285
102	20	0.792728
102	21	0
102	22	0.834845
102	23	0.635525
102	24	0.785636
102	25	0
102	26	0.758328
102	27	0.724249
102	28	0.750773
102	29	0.698502
102	30	0.743107
102	31	0.743391
102	32	0.758093
102	33	0
102	34	0.69417
102	35	0.764638
102	36	0.686632
102	37	0.746474
102	38	0.112218
102	39	0.757359
102	40	0.757115
102	41	0.747728
102	42	0.715334
102	43	0.748226
102	44	0.719196
102	45	0.729524
102	46	0.744563
102	47	0.738171
102	48	0.682335
102	49	0.735997
102	50	0.712783
102	51	0.730536
102	52	0.732481
102	53	0.710989
102	54	0.541889
102	55	0.529278
102	56	0.526123
102	57	0
102	58	0
102	59	0
102	60	0
102	61	0
102	62	0.575668
102	63	0.542971
102	64	0.587887
102	65	0.787223
102	66	0.799535
102	67	0.781706
102	68	0.795268
102	69	0.810056
102	70	0.795961
102	71	0.800364
102	72	0.790918
102	73	0.824524
102	74	0.81882
102	75	0.811056
102	76	0.830798
102	77	0.84708
102	78	0.827706
102	79	0.860688
102	80	0.845322
102	81	0.862053
102	82	0.855172
102	83	0.868176
102	84	0.881655
102	85	0.864671
102	86	0.917797
102	87	0.931643
102	88	0.934251
102	89	0.922232
102	90	0.916566
102	91	0.934437
102	92	0.953815
102	93	0.955493
102	94	0.943335
102	95	0.9507
102	96	0.934111
102	97	0.963453
102	98	0.901949
102	99	0.983646
102	100	0.991674
102	101	0.985978
102	103	0.87286
102	104	0.842936
102	105	0.942514
102	106	0.82376
102	107	0.761905
102	108	0.791487
102	109	0.792949
102	110	0.924279
102	111	0.92854
102	112	0.928624
102	113	0.832007
102	114	0.777055
102	115	0.898464
102	116	0.872528
102	117	0.926856
102	118	0.884913
102	119	0.913347
102	120	0.930861
102	121	0.928716
102	122	0.924845
102	123	0.89804
102	124	0.910024
102	125	0.907169
102	126	0.774403
102	127	0
102	128	0.895832
102	129	0.797194
102	130	0.766478
102	131	0.765213
102	132	0.760687
102	133	0.856963
102	134	0.867129
102	135	0.757785
102	136	0.756391
102	137	0.84007
102	138	0.780172
102	139	0.836405
102	140	0.774607
102	141	0.808248
102	142	0.796421
102	143	0.697609
102	144	0.731497
102	145	0.724445
102	146	0.710181
102	147	0.762714
102	148	0.750042
102	149	0.757493
102	150	0.707184
102	151	0.725759
102	152	0.719691
102	153	0.714393
102	154	0.731195
102	155	0.695222
102	156	0.752198
102	157	0.704406
102	158	0.712769
102	159	0.707106
102	160	0.741831
102	161	0.696231
102	162	0.702339
102	163	0.755049
102	164	0.715029
102	165	0.746963
102	166	0.68996
102	167	0.689973
102	168	0.717407
102	169	0.706168
102	170	0.727561
102	171	0.679759
102	172	0.682797
102	173	0.684429
102	174	0.718694
102	175	0.698165
102	176	0.699841
102	177	0.734313
102	178	0.527275
102	179	0.537058
102	180	0.530285
102	181	0.532017
102	182	0.515981
102	183	0.519539
102	184	0.520929
102	185	0.522692
102	186	0.517403
102	187	0
102	188	0
102	189	0
102	190	0
102	191	0
102	192	0
102	193	0
102	194	0
102	195	0
102	196	0
102	197	0
102	198	0
102	199	0
102	200	0
102	201	0
102	202	0
102	203	0
102	204	0
102	205	0
102	206	0
102	207	0.438642
102	208	0.425255
102	209	0.610033
102	210	0.443394
102	211	0.558718
102	212	0.514679
102	213	0.465011
102	214	0.420443
102	215	0.445368
102	216	0.440833
102	217	0.419103
102	218	0.201268
102	219	0.449955
102	220	0.214269
102	221	0.402084
102	222	0.399867
102	223	0.217073
102	224	0.236578
102	225	0.234474
102	226	0.230002
102	227	0.248193
102	228	0.217256
102	229	0.242471
102	230	0.236227
102	231	0.218138
102	232	0.218779
102	233	0.261583
102	234	0.23973
102	235	0.79717
102	236	0.279854
102	237	0.277833
102	238	0.300488
102	239	0.301621
102	240	0
102	241	0.915639
102	242	0.911487
102	243	0.863813
102	244	0.79158
102	245	0.880807
102	246	0.900924
102	247	0.918672
102	248	0.941463
102	249	0.791288
102	250	0
102	251	0.844031
102	252	0.926329
102	253	0.935863
102	254	0.817211
102	255	0.937668
102	256	0.906376
103	1	0.847978
103	2	0.810315
103	3	0.819561
103	4	0.878734
103	5	0.863158
103	6	0.840955
103	7	0.808668
103	8	0.824423
103	9	0.781719
103	10	0.793505
103	11	0.779112
103	12	0.717533
103	13	0.767976
103	14	0.769132
103	15	0.764771
103	16	0.802127
103	17	0.780501
103	18	0.761973
103	19	0.77349
103	20	0.764731
103	21	0
103	22	0.7829
103	23	0.602107
103	24	0.71797
103	25	0
103	26	0.728389
103	27	0.692733
103	28	0.72089
103	29	0.638341
103	30	0.707417
103	31	0.706278
103	32	0.711212
103	33	0
103	34	0.657668
103	35	0.717353
103	36	0.650527
103	37	0.703864
103	38	0.102553
103	39	0.710524
103	40	0.710295
103	41	0.701488
103	42	0.674978
103	43	0.701956
103	44	0.674721
103	45	0.68441
103	46	0.698519
103	47	0.692522
103	48	0.643494
103	49	0.690483
103	50	0.668704
103	51	0.68536
103	52	0.687184
103	53	0.667021
103	54	0.508907
103	55	0.497064
103	56	0.494101
103	57	0
103	58	0
103	59	0
103	60	0
103	61	0
103	62	0.52641
103	63	0.496511
103	64	0.537585
103	65	0.719864
103	66	0.731123
103	67	0.714819
103	68	0.727221
103	69	0.740744
103	70	0.727855
103	71	0.73188
103	72	0.723243
103	73	0.753974
103	74	0.748758
103	75	0.741658
103	76	0.759711
103	77	0.774599
103	78	0.756883
103	79	0.787043
103	80	0.772992
103	81	0.788291
103	82	0.781999
103	83	0.79389
103	84	0.806216
103	85	0.790686
103	86	0.811792
103	87	0.824039
103	88	0.831879
103	89	0.841782
103	90	0.822148
103	91	0.842991
103	92	0.839679
103	93	0.852419
103	94	0.829878
103	95	0.870206
103	96	0.870013
103	97	0.841521
103	98	0.824301
103	99	0.859224
103	100	0.865592
103	101	0.860621
103	102	0.87286
103	104	0.957078
103	105	0.922048
103	106	0.935305
103	107	0.848729
103	108	0.881682
103	109	0.894903
103	110	0.942041
103	111	0.933931
103	112	0.917179
103	113	0.902859
103	114	0.859138
103	115	0.908322
103	116	0.894333
103	117	0.892888
103	118	0.896822
103	119	0.890692
103	120	0.878994
103	121	0.859528
103	122	0.874015
103	123	0.88769
103	124	0.881853
103	125	0.863048
103	126	0.790614
103	127	0
103	128	0.851891
103	129	0.809843
103	130	0.778639
103	131	0.777354
103	132	0.772756
103	133	0.816035
103	134	0.806162
103	135	0.769808
103	136	0.763774
103	137	0.767715
103	138	0.731926
103	139	0.775512
103	140	0.745477
103	141	0.752212
103	142	0.727826
103	143	0.637524
103	144	0.668494
103	145	0.690488
103	146	0.649013
103	147	0.724144
103	148	0.689099
103	149	0.692251
103	150	0.646275
103	151	0.66325
103	152	0.657704
103	153	0.652863
103	154	0.694902
103	155	0.652229
103	156	0.708012
103	157	0.660845
103	158	0.651378
103	159	0.646204
103	160	0.700149
103	161	0.656953
103	162	0.641847
103	163	0.708357
103	164	0.674998
103	165	0.70077
103	166	0.630534
103	167	0.630546
103	168	0.673042
103	169	0.663852
103	170	0.682569
103	171	0.64141
103	172	0.623988
103	173	0.645816
103	174	0.67425
103	175	0.655672
103	176	0.656562
103	177	0.688903
103	178	0.495183
103	179	0.50437
103	180	0.49801
103	181	0.499636
103	182	0.484576
103	183	0.487918
103	184	0.489223
103	185	0.490879
103	186	0.485912
103	187	0
103	188	0
103	189	0
103	190	0
103	191	0
103	192	0
103	193	0
103	194	0
103	195	0
103	196	0
103	197	0
103	198	0
103	199	0
103	200	0
103	201	0
103	202	0
103	203	0
103	204	0
103	205	0
103	206	0
103	207	0.401109
103	208	0.388868
103	209	0.557836
103	210	0.405455
103	211	0.510912
103	212	0.47064
103	213	0.425222
103	214	0.384468
103	215	0.40726
103	216	0.403113
103	217	0.383243
103	218	0.184047
103	219	0.411454
103	220	0.195935
103	221	0.36768
103	222	0.365652
103	223	0.198499
103	224	0.216336
103	225	0.214412
103	226	0.210322
103	227	0.226956
103	228	0.198666
103	229	0.221724
103	230	0.216014
103	231	0.199473
103	232	0.200059
103	233	0.239201
103	234	0.219217
103	235	0.72896
103	236	0.255908
103	237	0.25406
103	238	0.274777
103	239	0.275813
103	240	0
103	241	0.809883
103	242	0.806211
103	243	0.905255
103	244	0.880969
103	245	0.91971
103	246	0.920847
103	247	0.90735
103	248	0.872035
103	249	0.872798
103	250	0
103	251	0.87696
103	252	0.89238
103	253	0.877572
103	254	0.867996
103	255	0.889527
103	256	0.899908
104	1	0.82056
104	2	0.799389
104	3	0.793062
104	4	0.876511
104	5	0.835249
104	6	0.813763
104	7	0.782521
104	8	0.797766
104	9	0.756444
104	10	0.767848
104	11	0.803989
104	12	0.694333
104	13	0.743144
104	14	0.79369
104	15	0.740043
104	16	0.791312
104	17	0.765857
104	18	0.738402
104	19	0.763061
104	20	0.75442
104	21	0
104	22	0.772344
104	23	0.593989
104	24	0.703298
104	25	0
104	26	0.718569
104	27	0.683393
104	28	0.711171
104	29	0.625296
104	30	0.697879
104	31	0.696755
104	32	0.701623
104	33	0
104	34	0.648801
104	35	0.707681
104	36	0.641756
104	37	0.694374
104	38	0.100457
104	39	0.700944
104	40	0.700718
104	41	0.69203
104	42	0.665877
104	43	0.692491
104	44	0.665624
104	45	0.675182
104	46	0.689101
104	47	0.683185
104	48	0.634818
104	49	0.681173
104	50	0.659688
104	51	0.676119
104	52	0.677919
104	53	0.658028
104	54	0.502046
104	55	0.490362
104	56	0.487439
104	57	0
104	58	0
104	59	0
104	60	0
104	61	0
104	62	0.504714
104	63	0.476047
104	64	0.515427
104	65	0.690194
104	66	0.700989
104	67	0.685357
104	68	0.697248
104	69	0.710213
104	70	0.697855
104	71	0.701715
104	72	0.693433
104	73	0.722898
104	74	0.717897
104	75	0.71109
104	76	0.728399
104	77	0.742673
104	78	0.725687
104	79	0.754604
104	80	0.741132
104	81	0.755801
104	82	0.749768
104	83	0.761169
104	84	0.772987
104	85	0.758097
104	86	0.778333
104	87	0.790076
104	88	0.797592
104	89	0.807087
104	90	0.788262
104	91	0.808246
104	92	0.805071
104	93	0.817286
104	94	0.795674
104	95	0.834339
104	96	0.834155
104	97	0.81213
104	98	0.797648
104	99	0.829152
104	100	0.835918
104	101	0.831118
104	102	0.842936
104	103	0.957078
104	105	0.892235
104	106	0.975157
104	107	0.884892
104	108	0.919249
104	109	0.933034
104	110	0.911582
104	111	0.903734
104	112	0.887523
104	113	0.941328
104	114	0.895745
104	115	0.891096
104	116	0.917508
104	117	0.864017
104	118	0.904599
104	119	0.871471
104	120	0.850573
104	121	0.831736
104	122	0.845755
104	123	0.875721
104	124	0.854224
104	125	0.843714
104	126	0.817747
104	127	0
104	128	0.839566
104	129	0.835701
104	130	0.8035
104	131	0.802175
104	132	0.79743
104	133	0.805032
104	134	0.795293
104	135	0.794388
104	136	0.788161
104	137	0.742892
104	138	0.722058
104	139	0.765056
104	140	0.735426
104	141	0.74207
104	142	0.712952
104	143	0.624496
104	144	0.654833
104	145	0.681178
104	146	0.63575
104	147	0.714381
104	148	0.679808
104	149	0.678104
104	150	0.633068
104	151	0.649696
104	152	0.644264
104	153	0.639521
104	154	0.685533
104	155	0.643435
104	156	0.698466
104	157	0.651935
104	158	0.638067
104	159	0.632998
104	160	0.690709
104	161	0.648095
104	162	0.62873
104	163	0.698806
104	164	0.665897
104	165	0.691322
104	166	0.617649
104	167	0.617661
104	168	0.663967
104	169	0.654901
104	170	0.673366
104	171	0.632762
104	172	0.611237
104	173	0.637109
104	174	0.665159
104	175	0.646832
104	176	0.64771
104	177	0.679615
104	178	0.488507
104	179	0.49757
104	180	0.491295
104	181	0.4929
104	182	0.478043
104	183	0.481339
104	184	0.482627
104	185	0.484261
104	186	0.47936
104	187	0
104	188	0
104	189	0
104	190	0
104	191	0
104	192	0
104	193	0
104	194	0
104	195	0
104	196	0
104	197	0
104	198	0
104	199	0
104	200	0
104	201	0
104	202	0
104	203	0
104	204	0
104	205	0
104	206	0
104	207	0.384577
104	208	0.372841
104	209	0.534844
104	210	0.388744
104	211	0.489854
104	212	0.451242
104	213	0.407696
104	214	0.368622
104	215	0.390474
104	216	0.386498
104	217	0.367447
104	218	0.176461
104	219	0.394496
104	220	0.187859
104	221	0.352526
104	222	0.350581
104	223	0.190317
104	224	0.207419
104	225	0.205574
104	226	0.201653
104	227	0.217602
104	228	0.190478
104	229	0.212585
104	230	0.207111
104	231	0.191252
104	232	0.191813
104	233	0.229342
104	234	0.210182
104	235	0.698915
104	236	0.245361
104	237	0.243589
104	238	0.263452
104	239	0.264445
104	240	0
104	241	0.776503
104	242	0.772982
104	243	0.923802
104	244	0.918505
104	245	0.900194
104	246	0.891072
104	247	0.878012
104	248	0.843839
104	249	0.909986
104	250	0
104	251	0.914325
104	252	0.863526
104	253	0.849197
104	254	0.90498
104	255	0.860765
104	256	0.880963
105	1	0.91548
105	2	0.863109
105	3	0.884801
105	4	0.914651
105	5	0.931868
105	6	0.907897
105	7	0.873041
105	8	0.89005
105	9	0.843947
105	10	0.856671
105	11	0.799438
105	12	0.774651
105	13	0.829109
105	14	0.789198
105	15	0.825649
105	16	0.85782
105	17	0.842631
105	18	0.822629
105	19	0.829192
105	20	0.814556
105	21	0
105	22	0.839279
105	23	0.641336
105	24	0.775123
105	25	0
105	26	0.775847
105	27	0.737867
105	28	0.767859
105	29	0.689155
105	30	0.753508
105	31	0.752294
105	32	0.762429
105	33	0
105	34	0.700518
105	35	0.769011
105	36	0.692911
105	37	0.750743
105	38	0.110717
105	39	0.761691
105	40	0.761445
105	41	0.752004
105	42	0.719425
105	43	0.752506
105	44	0.72331
105	45	0.733696
105	46	0.748822
105	47	0.742393
105	48	0.686238
105	49	0.740207
105	50	0.71686
105	51	0.734715
105	52	0.736671
105	53	0.715056
105	54	0.544988
105	55	0.532305
105	56	0.529132
105	57	0
105	58	0
105	59	0
105	60	0
105	61	0
105	62	0.561207
105	63	0.529331
105	64	0.573119
105	65	0.767448
105	66	0.779451
105	67	0.762069
105	68	0.775291
105	69	0.789708
105	70	0.775967
105	71	0.780258
105	72	0.77105
105	73	0.803812
105	74	0.798252
105	75	0.790682
105	76	0.809929
105	77	0.825801
105	78	0.806914
105	79	0.839067
105	80	0.824087
105	81	0.840398
105	82	0.83369
105	83	0.846367
105	84	0.859508
105	85	0.842951
105	86	0.867685
105	87	0.880775
105	88	0.889155
105	89	0.897425
105	90	0.876493
105	91	0.898713
105	92	0.898985
105	93	0.911109
105	94	0.889107
105	95	0.927727
105	96	0.920004
105	97	0.908069
105	98	0.889918
105	99	0.927101
105	100	0.934667
105	101	0.929299
105	102	0.942514
105	103	0.922048
105	104	0.892235
105	106	0.871937
105	107	0.795108
105	108	0.825979
105	109	0.834272
105	110	0.978335
105	111	0.981767
105	112	0.981204
105	113	0.868264
105	114	0.810918
105	115	0.937307
105	116	0.910551
105	117	0.957497
105	118	0.923476
105	119	0.952044
105	120	0.948965
105	121	0.92795
105	122	0.943589
105	123	0.936088
105	124	0.943412
105	125	0.926455
105	126	0.807213
105	127	0
105	128	0.914478
105	129	0.83097
105	130	0.798952
105	131	0.797634
105	132	0.792916
105	133	0.8748
105	134	0.866837
105	135	0.789891
105	136	0.785314
105	137	0.828828
105	138	0.784635
105	139	0.831359
105	140	0.794047
105	141	0.806381
105	142	0.785763
105	143	0.688274
105	144	0.721708
105	145	0.735476
105	146	0.700677
105	147	0.771325
105	148	0.740005
105	149	0.747356
105	150	0.697721
105	151	0.716047
105	152	0.71006
105	153	0.704833
105	154	0.740177
105	155	0.699198
105	156	0.7565
105	157	0.708435
105	158	0.70323
105	159	0.697644
105	160	0.746074
105	161	0.700213
105	162	0.69294
105	163	0.759368
105	164	0.719118
105	165	0.751235
105	166	0.680727
105	167	0.68074
105	168	0.72151
105	169	0.710207
105	170	0.731722
105	171	0.683647
105	172	0.67366
105	173	0.688344
105	174	0.722805
105	175	0.702158
105	176	0.703844
105	177	0.738513
105	178	0.530291
105	179	0.54013
105	180	0.533318
105	181	0.53506
105	182	0.518932
105	183	0.522511
105	184	0.523908
105	185	0.525682
105	186	0.520362
105	187	0
105	188	0
105	189	0
105	190	0
105	191	0
105	192	0
105	193	0
105	194	0
105	195	0
105	196	0
105	197	0
105	198	0
105	199	0
105	200	0
105	201	0
105	202	0
105	203	0
105	204	0
105	205	0
105	206	0
105	207	0.427623
105	208	0.414573
105	209	0.594709
105	210	0.432256
105	211	0.544683
105	212	0.50175
105	213	0.453329
105	214	0.409882
105	215	0.43418
105	216	0.429759
105	217	0.408576
105	218	0.196212
105	219	0.438652
105	220	0.208886
105	221	0.391984
105	222	0.389822
105	223	0.21162
105	224	0.230636
105	225	0.228584
105	226	0.224225
105	227	0.241959
105	228	0.211798
105	229	0.23638
105	230	0.230293
105	231	0.212659
105	232	0.213283
105	233	0.255012
105	234	0.233708
105	235	0.777145
105	236	0.272824
105	237	0.270854
105	238	0.29294
105	239	0.294044
105	240	0
105	241	0.865645
105	242	0.86172
105	243	0.909413
105	244	0.826076
105	245	0.931297
105	246	0.952568
105	247	0.970689
105	248	0.941452
105	249	0.825771
105	250	0
105	251	0.880812
105	252	0.956952
105	253	0.94743
105	254	0.852823
105	255	0.957837
105	256	0.945561
106	1	0.806638
106	2	0.801205
106	3	0.77502
106	4	0.878501
106	5	0.832627
106	6	0.800052
106	7	0.766438
106	8	0.790315
106	9	0.745142
106	10	0.761254
106	11	0.805814
106	12	0.69139
106	13	0.743366
106	14	0.795493
106	15	0.740264
106	16	0.793109
106	17	0.767596
106	18	0.740078
106	19	0.764794
106	20	0.756134
106	21	0
106	22	0.774098
106	23	0.595337
106	24	0.704895
106	25	0
106	26	0.7202
106	27	0.684945
106	28	0.712786
106	29	0.626716
106	30	0.699464
106	31	0.698337
106	32	0.703216
106	33	0
106	34	0.650274
106	35	0.709288
106	36	0.643213
106	37	0.69595
106	38	0.100685
106	39	0.702536
106	40	0.702309
106	41	0.693601
106	42	0.667389
106	43	0.694064
106	44	0.667136
106	45	0.676715
106	46	0.690666
106	47	0.684736
106	48	0.63626
106	49	0.68272
106	50	0.661186
106	51	0.677654
106	52	0.679459
106	53	0.659522
106	54	0.503186
106	55	0.491476
106	56	0.488546
106	57	0
106	58	0
106	59	0
106	60	0
106	61	0
106	62	0.493232
106	63	0.465217
106	64	0.503702
106	65	0.674493
106	66	0.685041
106	67	0.669765
106	68	0.681385
106	69	0.694056
106	70	0.681979
106	71	0.685751
106	72	0.677658
106	73	0.706452
106	74	0.701565
106	75	0.694913
106	76	0.711828
106	77	0.725778
106	78	0.709178
106	79	0.737437
106	80	0.724272
106	81	0.738606
106	82	0.732711
106	83	0.743853
106	84	0.755402
106	85	0.74085
106	86	0.760627
106	87	0.772102
106	88	0.779447
106	89	0.788726
106	90	0.770329
106	91	0.789859
106	92	0.786756
106	93	0.798693
106	94	0.777572
106	95	0.815358
106	96	0.815178
106	97	0.793654
106	98	0.794924
106	99	0.810289
106	100	0.816901
106	101	0.81221
106	102	0.82376
106	103	0.935305
106	104	0.975157
106	105	0.871937
106	107	0.900015
106	108	0.934959
106	109	0.948979
106	110	0.890843
106	111	0.883174
106	112	0.867332
106	113	0.943466
106	114	0.900617
106	115	0.893119
106	116	0.919592
106	117	0.85743
106	118	0.906653
106	119	0.87345
106	120	0.831223
106	121	0.817023
106	122	0.836963
106	123	0.87771
106	124	0.856164
106	125	0.84563
106	126	0.820484
106	127	0
106	128	0.841473
106	129	0.837598
106	130	0.805325
106	131	0.803996
106	132	0.799241
106	133	0.80686
106	134	0.797099
106	135	0.796192
106	136	0.789951
106	137	0.743113
106	138	0.723697
106	139	0.766793
106	140	0.737096
106	141	0.743755
106	142	0.714571
106	143	0.625914
106	144	0.65632
106	145	0.682725
106	146	0.637194
106	147	0.716003
106	148	0.681352
106	149	0.679644
106	150	0.634506
106	151	0.651171
106	152	0.645727
106	153	0.640973
106	154	0.68709
106	155	0.644896
106	156	0.700052
106	157	0.653416
106	158	0.639516
106	159	0.634436
106	160	0.692278
106	161	0.649567
106	162	0.630158
106	163	0.700393
106	164	0.66741
106	165	0.692892
106	166	0.619051
106	167	0.619063
106	168	0.665475
106	169	0.656388
106	170	0.674895
106	171	0.634199
106	172	0.612625
106	173	0.638556
106	174	0.66667
106	175	0.648301
106	176	0.649181
106	177	0.681158
106	178	0.489616
106	179	0.4987
106	180	0.492411
106	181	0.494019
106	182	0.479128
106	183	0.482432
106	184	0.483723
106	185	0.48536
106	186	0.480449
106	187	0
106	188	0
106	189	0
106	190	0
106	191	0
106	192	0
106	193	0
106	194	0
106	195	0
106	196	0
106	197	0
106	198	0
106	199	0
106	200	0
106	201	0
106	202	0
106	203	0
106	204	0
106	205	0
106	206	0
106	207	0.375828
106	208	0.364359
106	209	0.522676
106	210	0.3799
106	211	0.47871
106	212	0.440976
106	213	0.398421
106	214	0.360236
106	215	0.381591
106	216	0.377705
106	217	0.359088
106	218	0.172447
106	219	0.385521
106	220	0.183585
106	221	0.344506
106	222	0.342606
106	223	0.185988
106	224	0.2027
106	225	0.200898
106	226	0.197066
106	227	0.212652
106	228	0.186145
106	229	0.207749
106	230	0.202399
106	231	0.186901
106	232	0.18745
106	233	0.224124
106	234	0.2054
106	235	0.683015
106	236	0.239779
106	237	0.238047
106	238	0.257458
106	239	0.258429
106	240	0
106	241	0.758838
106	242	0.755397
106	243	0.925899
106	244	0.934203
106	245	0.902238
106	246	0.877477
106	247	0.858038
106	248	0.824642
106	249	0.91493
106	250	0
106	251	0.916401
106	252	0.852227
106	253	0.829878
106	254	0.907035
106	255	0.841417
106	256	0.882964
107	1	0.765781
107	2	0.771948
107	3	0.72769
107	4	0.839718
107	5	0.790453
107	6	0.759528
107	7	0.727617
107	8	0.750284
107	9	0.7074
107	10	0.722696
107	11	0.788388
107	12	0.65637
107	13	0.705713
107	14	0.774234
107	15	0.702768
107	16	0.752936
107	17	0.728716
107	18	0.702592
107	19	0.726056
107	20	0.717834
107	21	0
107	22	0.734889
107	23	0.565399
107	24	0.669191
107	25	0
107	26	0.683982
107	27	0.6505
107	28	0.67694
107	29	0.594972
107	30	0.664289
107	31	0.663219
107	32	0.667738
107	33	0
107	34	0.617573
107	35	0.673361
107	36	0.610867
107	37	0.660952
107	38	0.095586
107	39	0.666951
107	40	0.666736
107	41	0.658469
107	42	0.633827
107	43	0.658908
107	44	0.633344
107	45	0.642439
107	46	0.655683
107	47	0.650053
107	48	0.604263
107	49	0.648139
107	50	0.627696
107	51	0.64333
107	52	0.645043
107	53	0.626116
107	54	0.477881
107	55	0.46676
107	56	0.463977
107	57	0
107	58	0
107	59	0
107	60	0
107	61	0
107	62	0.447576
107	63	0.422154
107	64	0.457077
107	65	0.612058
107	66	0.621631
107	67	0.607769
107	68	0.618313
107	69	0.629811
107	70	0.618852
107	71	0.622275
107	72	0.614931
107	73	0.641059
107	74	0.636625
107	75	0.630588
107	76	0.645938
107	77	0.658596
107	78	0.643533
107	79	0.669176
107	80	0.65723
107	81	0.670238
107	82	0.664888
107	83	0.674998
107	84	0.685478
107	85	0.672274
107	86	0.699275
107	87	0.709824
107	88	0.713685
107	89	0.715718
107	90	0.700175
107	91	0.716746
107	92	0.726717
107	93	0.729912
107	94	0.718732
107	95	0.739885
107	96	0.739721
107	97	0.73406
107	98	0.754659
107	99	0.749446
107	100	0.755562
107	101	0.751223
107	102	0.761905
107	103	0.848729
107	104	0.884892
107	105	0.795108
107	106	0.900015
107	108	0.958659
107	109	0.941181
107	110	0.81018
107	111	0.809874
107	112	0.808782
107	113	0.912908
107	114	0.911545
107	115	0.847881
107	116	0.873013
107	117	0.814
107	118	0.86073
107	119	0.829208
107	120	0.78883
107	121	0.775639
107	122	0.79457
107	123	0.833252
107	124	0.812798
107	125	0.802797
107	126	0.824675
107	127	0
107	128	0.798851
107	129	0.819485
107	130	0.786774
107	131	0.786609
107	132	0.781957
107	133	0.765991
107	134	0.756725
107	135	0.774915
107	136	0.768841
107	137	0.705474
107	138	0.687041
107	139	0.727954
107	140	0.699761
107	141	0.706083
107	142	0.678377
107	143	0.594211
107	144	0.623076
107	145	0.648392
107	146	0.604919
107	147	0.679996
107	148	0.646841
107	149	0.645219
107	150	0.602367
107	151	0.618188
107	152	0.61302
107	153	0.608507
107	154	0.652537
107	155	0.612231
107	156	0.664847
107	157	0.620319
107	158	0.607124
107	159	0.6023
107	160	0.657464
107	161	0.616901
107	162	0.598239
107	163	0.664917
107	164	0.633846
107	165	0.657796
107	166	0.587696
107	167	0.587707
107	168	0.631768
107	169	0.62338
107	170	0.64071
107	171	0.602306
107	172	0.581594
107	173	0.606444
107	174	0.632902
107	175	0.615698
107	176	0.616299
107	177	0.646656
107	178	0.464994
107	179	0.473621
107	180	0.467648
107	181	0.469175
107	182	0.455033
107	183	0.458171
107	184	0.459397
107	185	0.460952
107	186	0.456288
107	187	0
107	188	0
107	189	0
107	190	0
107	191	0
107	192	0
107	193	0
107	194	0
107	195	0
107	196	0
107	197	0
107	198	0
107	199	0
107	200	0
107	201	0
107	202	0
107	203	0
107	204	0
107	205	0
107	206	0
107	207	0.341039
107	208	0.330632
107	209	0.474295
107	210	0.344735
107	211	0.434398
107	212	0.400158
107	213	0.361541
107	214	0.326891
107	215	0.346269
107	216	0.342743
107	217	0.325849
107	218	0.156484
107	219	0.349835
107	220	0.166592
107	221	0.312617
107	222	0.310892
107	223	0.168772
107	224	0.183937
107	225	0.182302
107	226	0.178825
107	227	0.192968
107	228	0.168914
107	229	0.188518
107	230	0.183664
107	231	0.1696
107	232	0.170098
107	233	0.203378
107	234	0.186388
107	235	0.619792
107	236	0.217584
107	237	0.216012
107	238	0.233627
107	239	0.234507
107	240	0
107	241	0.69763
107	242	0.694467
107	243	0.874149
107	244	0.953626
107	245	0.85181
107	246	0.833031
107	247	0.811126
107	248	0.772544
107	249	0.919126
107	250	0
107	251	0.88672
107	252	0.80906
107	253	0.785314
107	254	0.897582
107	255	0.798798
107	256	0.83824
108	1	0.795513
108	2	0.80192
108	3	0.755943
108	4	0.872321
108	5	0.821144
108	6	0.789018
108	7	0.755868
108	8	0.779415
108	9	0.734866
108	10	0.750755
108	11	0.819947
108	12	0.681854
108	13	0.733114
108	14	0.805226
108	15	0.730054
108	16	0.78217
108	17	0.757009
108	18	0.729871
108	19	0.754246
108	20	0.745705
108	21	0
108	22	0.763422
108	23	0.587351
108	24	0.695173
108	25	0
108	26	0.710539
108	27	0.675757
108	28	0.703224
108	29	0.618072
108	30	0.690081
108	31	0.688969
108	32	0.693664
108	33	0
108	34	0.641551
108	35	0.699505
108	36	0.634585
108	37	0.686614
108	38	0.0992973
108	39	0.692846
108	40	0.692623
108	41	0.684035
108	42	0.658436
108	43	0.684492
108	44	0.657935
108	45	0.667382
108	46	0.68114
108	47	0.675292
108	48	0.627725
108	49	0.673304
108	50	0.652067
108	51	0.668308
108	52	0.670088
108	53	0.650426
108	54	0.496436
108	55	0.484883
108	56	0.481992
108	57	0
108	58	0
108	59	0
108	60	0
108	61	0
108	62	0.464954
108	63	0.438545
108	64	0.474823
108	65	0.635822
108	66	0.645766
108	67	0.631366
108	68	0.64232
108	69	0.654264
108	70	0.64288
108	71	0.646436
108	72	0.638806
108	73	0.66595
108	74	0.661343
108	75	0.655072
108	76	0.671017
108	77	0.684167
108	78	0.668519
108	79	0.695158
108	80	0.682747
108	81	0.69626
108	82	0.690703
108	83	0.701206
108	84	0.712093
108	85	0.698376
108	86	0.726425
108	87	0.737384
108	88	0.741395
108	89	0.743507
108	90	0.727361
108	91	0.744574
108	92	0.754933
108	93	0.758252
108	94	0.746638
108	95	0.768612
108	96	0.768442
108	97	0.762561
108	98	0.78396
108	99	0.778544
108	100	0.784898
108	101	0.78039
108	102	0.791487
108	103	0.881682
108	104	0.919249
108	105	0.825979
108	106	0.934959
108	107	0.958659
108	109	0.975573
108	110	0.841637
108	111	0.841319
108	112	0.840184
108	113	0.948353
108	114	0.943572
108	115	0.880801
108	116	0.906909
108	117	0.845604
108	118	0.894149
108	119	0.861404
108	120	0.819457
108	121	0.805755
108	122	0.82542
108	123	0.865604
108	124	0.844356
108	125	0.833967
108	126	0.858699
108	127	0
108	128	0.829867
108	129	0.852288
108	130	0.818268
108	131	0.818097
108	132	0.813258
108	133	0.795732
108	134	0.786106
108	135	0.805934
108	136	0.799617
108	137	0.732865
108	138	0.713716
108	139	0.756218
108	140	0.72693
108	141	0.733498
108	142	0.704716
108	143	0.617282
108	144	0.647268
108	145	0.673567
108	146	0.628406
108	147	0.706398
108	148	0.671955
108	149	0.670271
108	150	0.625755
108	151	0.64219
108	152	0.636821
108	153	0.632133
108	154	0.677872
108	155	0.636002
108	156	0.690661
108	157	0.644404
108	158	0.630696
108	159	0.625685
108	160	0.682991
108	161	0.640853
108	162	0.621467
108	163	0.690733
108	164	0.658456
108	165	0.683336
108	166	0.610514
108	167	0.610525
108	168	0.656297
108	169	0.647583
108	170	0.665587
108	171	0.625691
108	172	0.604175
108	173	0.62999
108	174	0.657475
108	175	0.639604
108	176	0.640228
108	177	0.671764
108	178	0.483048
108	179	0.49201
108	180	0.485805
108	181	0.487392
108	182	0.472701
108	183	0.475961
108	184	0.477234
108	185	0.478849
108	186	0.474004
108	187	0
108	188	0
108	189	0
108	190	0
108	191	0
108	192	0
108	193	0
108	194	0
108	195	0
108	196	0
108	197	0
108	198	0
108	199	0
108	200	0
108	201	0
108	202	0
108	203	0
108	204	0
108	205	0
108	206	0
108	207	0.354281
108	208	0.343469
108	209	0.49271
108	210	0.35812
108	211	0.451264
108	212	0.415694
108	213	0.375578
108	214	0.339583
108	215	0.359713
108	216	0.35605
108	217	0.3385
108	218	0.16256
108	219	0.363418
108	220	0.17306
108	221	0.324754
108	222	0.322963
108	223	0.175324
108	224	0.191079
108	225	0.18938
108	226	0.185768
108	227	0.20046
108	228	0.175473
108	229	0.195838
108	230	0.190795
108	231	0.176185
108	232	0.176703
108	233	0.211275
108	234	0.193624
108	235	0.643856
108	236	0.226032
108	237	0.224399
108	238	0.242698
108	239	0.243612
108	240	0
108	241	0.724717
108	242	0.721431
108	243	0.908089
108	244	0.987394
108	245	0.884883
108	246	0.865375
108	247	0.84262
108	248	0.802539
108	249	0.957047
108	250	0
108	251	0.921148
108	252	0.840473
108	253	0.815804
108	254	0.933512
108	255	0.829812
108	256	0.870786
109	1	0.796982
109	2	0.8034
109	3	0.757339
109	4	0.873932
109	5	0.822659
109	6	0.790475
109	7	0.757263
109	8	0.780854
109	9	0.736222
109	10	0.752141
109	11	0.816228
109	12	0.683113
109	13	0.734467
109	14	0.801574
109	15	0.731402
109	16	0.783614
109	17	0.758407
109	18	0.731219
109	19	0.755639
109	20	0.747082
109	21	0
109	22	0.764831
109	23	0.588435
109	24	0.696456
109	25	0
109	26	0.711851
109	27	0.677004
109	28	0.704522
109	29	0.619213
109	30	0.691355
109	31	0.690241
109	32	0.694944
109	33	0
109	34	0.642735
109	35	0.700797
109	36	0.635756
109	37	0.687882
109	38	0.0994806
109	39	0.694125
109	40	0.693901
109	41	0.685298
109	42	0.659652
109	43	0.685755
109	44	0.659149
109	45	0.668614
109	46	0.682398
109	47	0.676539
109	48	0.628883
109	49	0.674547
109	50	0.653271
109	51	0.669542
109	52	0.671325
109	53	0.651627
109	54	0.497352
109	55	0.485778
109	56	0.482882
109	57	0
109	58	0
109	59	0
109	60	0
109	61	0
109	62	0.471926
109	63	0.445121
109	64	0.481943
109	65	0.645357
109	66	0.65545
109	67	0.640834
109	68	0.651952
109	69	0.664075
109	70	0.65252
109	71	0.656129
109	72	0.648386
109	73	0.675936
109	74	0.67126
109	75	0.664895
109	76	0.681079
109	77	0.694426
109	78	0.678544
109	79	0.705582
109	80	0.692986
109	81	0.706701
109	82	0.701061
109	83	0.711721
109	84	0.722771
109	85	0.708848
109	86	0.72777
109	87	0.738749
109	88	0.745778
109	89	0.754656
109	90	0.737054
109	91	0.75574
109	92	0.756327
109	93	0.764192
109	94	0.748016
109	95	0.780138
109	96	0.779965
109	97	0.763969
109	98	0.785407
109	99	0.779981
109	100	0.786346
109	101	0.781831
109	102	0.792949
109	103	0.894903
109	104	0.933034
109	105	0.834272
109	106	0.948979
109	107	0.941181
109	108	0.975573
109	110	0.852362
109	111	0.847211
109	112	0.841735
109	113	0.950103
109	114	0.935372
109	115	0.882427
109	116	0.908583
109	117	0.847165
109	118	0.895799
109	119	0.862994
109	120	0.82097
109	121	0.807242
109	122	0.826944
109	123	0.867202
109	124	0.845915
109	125	0.835507
109	126	0.852147
109	127	0
109	128	0.831399
109	129	0.848423
109	130	0.814557
109	131	0.814386
109	132	0.80957
109	133	0.797201
109	134	0.787557
109	135	0.802279
109	136	0.79599
109	137	0.734218
109	138	0.715034
109	139	0.757613
109	140	0.728272
109	141	0.734852
109	142	0.706017
109	143	0.618421
109	144	0.648463
109	145	0.67481
109	146	0.629566
109	147	0.707702
109	148	0.673196
109	149	0.671508
109	150	0.62691
109	151	0.643376
109	152	0.637997
109	153	0.6333
109	154	0.679124
109	155	0.637176
109	156	0.691936
109	157	0.645594
109	158	0.63186
109	159	0.626841
109	160	0.684252
109	161	0.642036
109	162	0.622614
109	163	0.692008
109	164	0.659672
109	165	0.684597
109	166	0.611641
109	167	0.611652
109	168	0.657509
109	169	0.648779
109	170	0.666815
109	171	0.626846
109	172	0.605291
109	173	0.631153
109	174	0.658689
109	175	0.640784
109	176	0.641409
109	177	0.673004
109	178	0.48394
109	179	0.492918
109	180	0.486702
109	181	0.488291
109	182	0.473573
109	183	0.476839
109	184	0.478115
109	185	0.479733
109	186	0.474879
109	187	0
109	188	0
109	189	0
109	190	0
109	191	0
109	192	0
109	193	0
109	194	0
109	195	0
109	196	0
109	197	0
109	198	0
109	199	0
109	200	0
109	201	0
109	202	0
109	203	0
109	204	0
109	205	0
109	206	0
109	207	0.359593
109	208	0.34862
109	209	0.500099
109	210	0.36349
109	211	0.458031
109	212	0.421928
109	213	0.38121
109	214	0.344675
109	215	0.365107
109	216	0.36139
109	217	0.343576
109	218	0.164998
109	219	0.368868
109	220	0.175655
109	221	0.329624
109	222	0.327806
109	223	0.177954
109	224	0.193944
109	225	0.19222
109	226	0.188553
109	227	0.203466
109	228	0.178104
109	229	0.198775
109	230	0.193656
109	231	0.178827
109	232	0.179352
109	233	0.214443
109	234	0.196528
109	235	0.653511
109	236	0.229421
109	237	0.227764
109	238	0.246337
109	239	0.247266
109	240	0
109	241	0.726059
109	242	0.722767
109	243	0.914616
109	244	0.972141
109	245	0.891243
109	246	0.866972
109	247	0.844175
109	248	0.804021
109	249	0.950238
109	250	0
109	251	0.922849
109	252	0.842025
109	253	0.81731
109	254	0.929278
109	255	0.831344
109	256	0.872393
110	1	0.899744
110	2	0.854117
110	3	0.869592
110	4	0.922854
110	5	0.91585
110	6	0.892291
110	7	0.858034
110	8	0.87475
110	9	0.82944
110	10	0.841945
110	11	0.809968
110	12	0.761335
110	13	0.814857
110	14	0.799593
110	15	0.811457
110	16	0.846206
110	17	0.828147
110	18	0.808489
110	19	0.817966
110	20	0.806069
110	21	0
110	22	0.827916
110	23	0.634654
110	24	0.761799
110	25	0
110	26	0.767763
110	27	0.730179
110	28	0.759859
110	29	0.677309
110	30	0.745657
110	31	0.744456
110	32	0.752107
110	33	0
110	34	0.693219
110	35	0.7586
110	36	0.685692
110	37	0.741911
110	38	0.108814
110	39	0.751379
110	40	0.751136
110	41	0.741823
110	42	0.711464
110	43	0.742318
110	44	0.713517
110	45	0.723763
110	46	0.738684
110	47	0.732342
110	48	0.678279
110	49	0.730185
110	50	0.707155
110	51	0.724768
110	52	0.726697
110	53	0.705375
110	54	0.53761
110	55	0.525099
110	56	0.521968
110	57	0
110	58	0
110	59	0
110	60	0
110	61	0
110	62	0.549203
110	63	0.518009
110	64	0.560861
110	65	0.751033
110	66	0.762778
110	67	0.745769
110	68	0.758708
110	69	0.772816
110	70	0.759369
110	71	0.763569
110	72	0.754557
110	73	0.786619
110	74	0.781177
110	75	0.77377
110	76	0.792605
110	77	0.808137
110	78	0.789654
110	79	0.82112
110	80	0.80646
110	81	0.822422
110	82	0.815858
110	83	0.828264
110	84	0.841123
110	85	0.824921
110	86	0.849126
110	87	0.861936
110	88	0.870136
110	89	0.87823
110	90	0.857745
110	91	0.87949
110	92	0.881592
110	93	0.891621
110	94	0.871905
110	95	0.907884
110	96	0.900325
110	97	0.8905
110	98	0.874621
110	99	0.909164
110	100	0.916584
110	101	0.91132
110	102	0.924279
110	103	0.942041
110	104	0.911582
110	105	0.978335
110	106	0.890843
110	107	0.81018
110	108	0.841637
110	109	0.852362
110	111	0.988049
110	112	0.970981
110	113	0.884587
110	114	0.82629
110	115	0.953887
110	116	0.927668
110	117	0.94551
110	118	0.940836
110	119	0.942125
110	120	0.932653
110	121	0.911999
110	122	0.92737
110	123	0.932643
110	124	0.933583
110	125	0.913912
110	126	0.821925
110	127	0
110	128	0.902097
110	129	0.841915
110	130	0.809476
110	131	0.80814
110	132	0.80336
110	133	0.862956
110	134	0.853268
110	135	0.800296
110	136	0.794022
110	137	0.814581
110	138	0.774012
110	139	0.820103
110	140	0.785774
110	141	0.795464
110	142	0.772256
110	143	0.676443
110	144	0.709303
110	145	0.727813
110	146	0.688633
110	147	0.763288
110	148	0.728722
110	149	0.73451
110	150	0.685727
110	151	0.703738
110	152	0.697854
110	153	0.692717
110	154	0.732466
110	155	0.689732
110	156	0.746284
110	157	0.698844
110	158	0.691142
110	159	0.685652
110	160	0.737996
110	161	0.692465
110	162	0.681029
110	163	0.749087
110	164	0.711486
110	165	0.741064
110	166	0.669026
110	167	0.669038
110	168	0.711742
110	169	0.700592
110	170	0.721816
110	171	0.676082
110	172	0.66208
110	173	0.680727
110	174	0.713019
110	175	0.692652
110	176	0.694315
110	177	0.728515
110	178	0.523112
110	179	0.532817
110	180	0.526098
110	181	0.527816
110	182	0.511906
110	183	0.515437
110	184	0.516815
110	185	0.518565
110	186	0.513317
110	187	0
110	188	0
110	189	0
110	190	0
110	191	0
110	192	0
110	193	0
110	194	0
110	195	0
110	196	0
110	197	0
110	198	0
110	199	0
110	200	0
110	201	0
110	202	0
110	203	0
110	204	0
110	205	0
110	206	0
110	207	0.418476
110	208	0.405705
110	209	0.581989
110	210	0.423011
110	211	0.533033
110	212	0.491018
110	213	0.443633
110	214	0.401115
110	215	0.424893
110	216	0.420566
110	217	0.399836
110	218	0.192016
110	219	0.429269
110	220	0.204418
110	221	0.3836
110	222	0.381484
110	223	0.207093
110	224	0.225702
110	225	0.223695
110	226	0.219429
110	227	0.236783
110	228	0.207268
110	229	0.231324
110	230	0.225367
110	231	0.20811
110	232	0.208721
110	233	0.249558
110	234	0.228709
110	235	0.760522
110	236	0.266989
110	237	0.26506
110	238	0.286674
110	239	0.287755
110	240	0
110	241	0.847129
110	242	0.843288
110	243	0.926821
110	244	0.841736
110	245	0.949124
110	246	0.969893
110	247	0.960576
110	248	0.925269
110	249	0.841295
110	250	0
110	251	0.897371
110	252	0.944972
110	253	0.931144
110	254	0.868856
110	255	0.941951
110	256	0.947839
111	1	0.905926
111	2	0.863865
111	3	0.875567
111	4	0.922648
111	5	0.922815
111	6	0.898422
111	7	0.863929
111	8	0.880761
111	9	0.835139
111	10	0.84773
111	11	0.809787
111	12	0.766567
111	13	0.820456
111	14	0.799414
111	15	0.817033
111	16	0.855641
111	17	0.833896
111	18	0.814044
111	19	0.827086
111	20	0.815269
111	21	0
111	22	0.837148
111	23	0.641897
111	24	0.767033
111	25	0
111	26	0.776525
111	27	0.738513
111	28	0.76853
111	29	0.681963
111	30	0.754167
111	31	0.752952
111	32	0.760493
111	33	0
111	34	0.70113
111	35	0.767059
111	36	0.693517
111	37	0.750379
111	38	0.109561
111	39	0.759757
111	40	0.759512
111	41	0.750095
111	42	0.719584
111	43	0.750595
111	44	0.721473
111	45	0.731833
111	46	0.74692
111	47	0.740507
111	48	0.68602
111	49	0.738327
111	50	0.715039
111	51	0.732849
111	52	0.7348
111	53	0.71324
111	54	0.543604
111	55	0.530953
111	56	0.527788
111	57	0
111	58	0
111	59	0
111	60	0
111	61	0
111	62	0.551129
111	63	0.519826
111	64	0.562828
111	65	0.753667
111	66	0.765454
111	67	0.748385
111	68	0.761369
111	69	0.775527
111	70	0.762032
111	71	0.766247
111	72	0.757204
111	73	0.789378
111	74	0.783917
111	75	0.776484
111	76	0.795384
111	77	0.810972
111	78	0.792424
111	79	0.824
111	80	0.809289
111	81	0.825306
111	82	0.818719
111	83	0.831169
111	84	0.844073
111	85	0.827814
111	86	0.852212
111	87	0.865069
111	88	0.873188
111	89	0.88131
111	90	0.860753
111	91	0.882575
111	92	0.885656
111	93	0.894748
111	94	0.875925
111	95	0.911068
111	96	0.903483
111	97	0.894606
111	98	0.88063
111	99	0.913356
111	100	0.920809
111	101	0.915521
111	102	0.92854
111	103	0.933931
111	104	0.903734
111	105	0.981767
111	106	0.883174
111	107	0.809874
111	108	0.841319
111	109	0.847211
111	110	0.988049
111	112	0.982062
111	113	0.884389
111	114	0.825978
111	115	0.953674
111	116	0.927461
111	117	0.956053
111	118	0.940626
111	119	0.952877
111	120	0.939746
111	121	0.918935
111	122	0.935552
111	123	0.936907
111	124	0.944237
111	125	0.924102
111	126	0.821741
111	127	0
111	128	0.912156
111	129	0.841727
111	130	0.809295
111	131	0.80796
111	132	0.803181
111	133	0.872578
111	134	0.862782
111	135	0.800117
111	136	0.793845
111	137	0.820178
111	138	0.782642
111	139	0.829248
111	140	0.794742
111	141	0.804333
111	142	0.777563
111	143	0.681091
111	144	0.714176
111	145	0.736119
111	146	0.693365
111	147	0.771999
111	148	0.736848
111	149	0.739557
111	150	0.690439
111	151	0.708574
111	152	0.702649
111	153	0.697477
111	154	0.740825
111	155	0.697423
111	156	0.754801
111	157	0.706636
111	158	0.695891
111	159	0.690363
111	160	0.746419
111	161	0.700368
111	162	0.685708
111	163	0.757439
111	164	0.719606
111	165	0.749327
111	166	0.673623
111	167	0.673635
111	168	0.719678
111	169	0.708403
111	170	0.729864
111	171	0.683798
111	172	0.666629
111	173	0.688495
111	174	0.720969
111	175	0.700375
111	176	0.702056
111	177	0.736638
111	178	0.528945
111	179	0.538758
111	180	0.531964
111	181	0.533701
111	182	0.517614
111	183	0.521184
111	184	0.522578
111	185	0.524347
111	186	0.519041
111	187	0
111	188	0
111	189	0
111	190	0
111	191	0
111	192	0
111	193	0
111	194	0
111	195	0
111	196	0
111	197	0
111	198	0
111	199	0
111	200	0
111	201	0
111	202	0
111	203	0
111	204	0
111	205	0
111	206	0
111	207	0.419944
111	208	0.407128
111	209	0.58403
111	210	0.424494
111	211	0.534902
111	212	0.49274
111	213	0.445189
111	214	0.402521
111	215	0.426383
111	216	0.422041
111	217	0.401239
111	218	0.192689
111	219	0.430775
111	220	0.205135
111	221	0.384945
111	222	0.382822
111	223	0.207819
111	224	0.226494
111	225	0.22448
111	226	0.220198
111	227	0.237614
111	228	0.207995
111	229	0.232135
111	230	0.226157
111	231	0.20884
111	232	0.209453
111	233	0.250433
111	234	0.229511
111	235	0.763189
111	236	0.267925
111	237	0.26599
111	238	0.28768
111	239	0.288764
111	240	0
111	241	0.850208
111	242	0.846353
111	243	0.926302
111	244	0.841417
111	245	0.948593
111	246	0.969781
111	247	0.971538
111	248	0.931627
111	249	0.841107
111	250	0
111	251	0.89717
111	252	0.955509
111	253	0.937836
111	254	0.868661
111	255	0.952454
111	256	0.947628
112	1	0.913267
112	2	0.878244
112	3	0.876998
112	4	0.930689
112	5	0.931892
112	6	0.900162
112	7	0.865341
112	8	0.882201
112	9	0.836504
112	10	0.849116
112	11	0.813456
112	12	0.768099
112	13	0.825842
112	14	0.803036
112	15	0.822396
112	16	0.86937
112	17	0.843434
112	18	0.819388
112	19	0.839717
112	20	0.828839
112	21	0
112	22	0.849933
112	23	0.652582
112	24	0.774871
112	25	0
112	26	0.789451
112	27	0.750806
112	28	0.781323
112	29	0.688931
112	30	0.766721
112	31	0.765486
112	32	0.772107
112	33	0
112	34	0.712801
112	35	0.778773
112	36	0.705061
112	37	0.762869
112	38	0.110681
112	39	0.77136
112	40	0.771111
112	41	0.76155
112	42	0.731562
112	43	0.762058
112	44	0.732492
112	45	0.74301
112	46	0.758327
112	47	0.751816
112	48	0.697439
112	49	0.749603
112	50	0.72596
112	51	0.744041
112	52	0.746022
112	53	0.724132
112	54	0.551906
112	55	0.539062
112	56	0.535848
112	57	0
112	58	0
112	59	0
112	60	0
112	61	0
112	62	0.550813
112	63	0.519528
112	64	0.562505
112	65	0.753235
112	66	0.765015
112	67	0.747956
112	68	0.760932
112	69	0.775082
112	70	0.761596
112	71	0.765808
112	72	0.75677
112	73	0.788925
112	74	0.783468
112	75	0.776039
112	76	0.794929
112	77	0.810507
112	78	0.79197
112	79	0.823528
112	80	0.808825
112	81	0.824834
112	82	0.81825
112	83	0.830692
112	84	0.843589
112	85	0.827339
112	86	0.852288
112	87	0.865146
112	88	0.872688
112	89	0.880805
112	90	0.86026
112	91	0.882069
112	92	0.885736
112	93	0.894235
112	94	0.876003
112	95	0.910546
112	96	0.902965
112	97	0.894686
112	98	0.886411
112	99	0.913437
112	100	0.920892
112	101	0.915603
112	102	0.928624
112	103	0.917179
112	104	0.887523
112	105	0.981204
112	106	0.867332
112	107	0.808782
112	108	0.840184
112	109	0.841735
112	110	0.970981
112	111	0.982062
112	113	0.883196
112	114	0.824864
112	115	0.953743
112	116	0.92621
112	117	0.970943
112	118	0.939358
112	119	0.968738
112	120	0.948989
112	121	0.927973
112	122	0.944754
112	123	0.952503
112	124	0.959955
112	125	0.935321
112	126	0.821367
112	127	0
112	128	0.926086
112	129	0.845541
112	130	0.812962
112	131	0.81162
112	132	0.80682
112	133	0.885904
112	134	0.875261
112	135	0.803742
112	136	0.799085
112	137	0.825562
112	138	0.794595
112	139	0.841912
112	140	0.807971
112	141	0.816617
112	142	0.785508
112	143	0.68805
112	144	0.721474
112	145	0.748372
112	146	0.700449
112	147	0.78485
112	148	0.748101
112	149	0.747113
112	150	0.697494
112	151	0.715814
112	152	0.709829
112	153	0.704604
112	154	0.753156
112	155	0.708074
112	156	0.767365
112	157	0.717428
112	158	0.703002
112	159	0.697417
112	160	0.758843
112	161	0.712026
112	162	0.692715
112	163	0.769007
112	164	0.731584
112	165	0.760771
112	166	0.680506
112	167	0.680519
112	168	0.730669
112	169	0.719503
112	170	0.741011
112	171	0.69518
112	172	0.673441
112	173	0.699956
112	174	0.73198
112	175	0.711071
112	176	0.712778
112	177	0.747888
112	178	0.537023
112	179	0.546986
112	180	0.540088
112	181	0.541852
112	182	0.525519
112	183	0.529143
112	184	0.530559
112	185	0.532355
112	186	0.526968
112	187	0
112	188	0
112	189	0
112	190	0
112	191	0
112	192	0
112	193	0
112	194	0
112	195	0
112	196	0
112	197	0
112	198	0
112	199	0
112	200	0
112	201	0
112	202	0
112	203	0
112	204	0
112	205	0
112	206	0
112	207	0.419703
112	208	0.406895
112	209	0.583695
112	210	0.424251
112	211	0.534596
112	212	0.492457
112	213	0.444934
112	214	0.402291
112	215	0.426139
112	216	0.4218
112	217	0.401009
112	218	0.192579
112	219	0.430528
112	220	0.205018
112	221	0.384724
112	222	0.382602
112	223	0.2077
112	224	0.226364
112	225	0.224351
112	226	0.220072
112	227	0.237477
112	228	0.207876
112	229	0.232002
112	230	0.226028
112	231	0.20872
112	232	0.209333
112	233	0.250289
112	234	0.229379
112	235	0.762752
112	236	0.267771
112	237	0.265837
112	238	0.287515
112	239	0.288599
112	240	0
112	241	0.850284
112	242	0.846429
112	243	0.916959
112	244	0.840283
112	245	0.931578
112	246	0.954502
112	247	0.98771
112	248	0.935028
112	249	0.839973
112	250	0
112	251	0.89596
112	252	0.966438
112	253	0.947061
112	254	0.86749
112	255	0.961822
112	256	0.962141
113	1	0.836239
113	2	0.845277
113	3	0.794643
113	4	0.919484
113	5	0.863181
113	6	0.829411
113	7	0.794564
113	8	0.819317
113	9	0.772487
113	10	0.789189
113	11	0.853781
113	12	0.716761
113	13	0.770645
113	14	0.842845
113	15	0.767429
113	16	0.822213
113	17	0.795764
113	18	0.767236
113	19	0.792859
113	20	0.783881
113	21	0
113	22	0.802505
113	23	0.619107
113	24	0.730762
113	25	0
113	26	0.748955
113	27	0.712292
113	28	0.741244
113	29	0.649714
113	30	0.727391
113	31	0.726219
113	32	0.731168
113	33	0
113	34	0.676237
113	35	0.735316
113	36	0.668894
113	37	0.723737
113	38	0.10438
113	39	0.728316
113	40	0.728081
113	41	0.719054
113	42	0.694035
113	43	0.719534
113	44	0.691617
113	45	0.701548
113	46	0.716011
113	47	0.709864
113	48	0.661663
113	49	0.707773
113	50	0.685449
113	51	0.702522
113	52	0.704392
113	53	0.683724
113	54	0.523276
113	55	0.511098
113	56	0.508051
113	57	0
113	58	0
113	59	0
113	60	0
113	61	0
113	62	0.487682
113	63	0.459982
113	64	0.498034
113	65	0.666903
113	66	0.677333
113	67	0.662229
113	68	0.673719
113	69	0.686247
113	70	0.674306
113	71	0.678035
113	72	0.670033
113	73	0.698503
113	74	0.693671
113	75	0.687094
113	76	0.703818
113	77	0.717611
113	78	0.701199
113	79	0.72914
113	80	0.716122
113	81	0.730296
113	82	0.724467
113	83	0.735483
113	84	0.746902
113	85	0.732514
113	86	0.763614
113	87	0.775134
113	88	0.77935
113	89	0.779852
113	90	0.764597
113	91	0.780971
113	92	0.793581
113	93	0.79707
113	94	0.784862
113	95	0.806184
113	96	0.799473
113	97	0.8016
113	98	0.824094
113	99	0.818401
113	100	0.82508
113	101	0.820341
113	102	0.832007
113	103	0.902859
113	104	0.941328
113	105	0.868264
113	106	0.943466
113	107	0.912908
113	108	0.948353
113	109	0.950103
113	110	0.884587
113	111	0.884389
113	112	0.883196
113	114	0.93106
113	115	0.925893
113	116	0.953337
113	117	0.888894
113	118	0.939924
113	119	0.905502
113	120	0.861409
113	121	0.847005
113	122	0.867677
113	123	0.909918
113	124	0.887582
113	125	0.876662
113	126	0.868092
113	127	0
113	128	0.872352
113	129	0.887457
113	130	0.853262
113	131	0.851855
113	132	0.846817
113	133	0.836469
113	134	0.82635
113	135	0.843586
113	136	0.836973
113	137	0.770383
113	138	0.750254
113	139	0.794931
113	140	0.765183
113	141	0.771048
113	142	0.740793
113	143	0.648883
113	144	0.680404
113	145	0.709984
113	146	0.660577
113	147	0.74459
113	148	0.706355
113	149	0.704584
113	150	0.65779
113	151	0.675067
113	152	0.669422
113	153	0.664495
113	154	0.714522
113	155	0.668562
113	156	0.728002
113	157	0.677394
113	158	0.662984
113	159	0.657717
113	160	0.719918
113	161	0.675501
113	162	0.653282
113	163	0.726095
113	164	0.694056
113	165	0.718318
113	166	0.641768
113	167	0.641781
113	168	0.690956
113	169	0.682595
113	170	0.699661
113	171	0.65952
113	172	0.635106
113	173	0.664051
113	174	0.691134
113	175	0.674184
113	176	0.673004
113	177	0.706154
113	178	0.509165
113	179	0.518611
113	180	0.512071
113	181	0.513743
113	182	0.498258
113	183	0.501694
113	184	0.503036
113	185	0.504739
113	186	0.499631
113	187	0
113	188	0
113	189	0
113	190	0
113	191	0
113	192	0
113	193	0
113	194	0
113	195	0
113	196	0
113	197	0
113	198	0
113	199	0
113	200	0
113	201	0
113	202	0
113	203	0
113	204	0
113	205	0
113	206	0
113	207	0.371599
113	208	0.360259
113	209	0.516795
113	210	0.375626
113	211	0.473323
113	212	0.436015
113	213	0.393938
113	214	0.356182
113	215	0.377297
113	216	0.373455
113	217	0.355047
113	218	0.170506
113	219	0.381183
113	220	0.18152
113	221	0.340629
113	222	0.338751
113	223	0.183895
113	224	0.20042
113	225	0.198637
113	226	0.194849
113	227	0.210259
113	228	0.18405
113	229	0.205411
113	230	0.200122
113	231	0.184798
113	232	0.18534
113	233	0.221603
113	234	0.203089
113	235	0.67533
113	236	0.237081
113	237	0.235369
113	238	0.254561
113	239	0.255521
113	240	0
113	241	0.761818
113	242	0.758364
113	243	0.951808
113	244	0.948464
113	245	0.927547
113	246	0.909677
113	247	0.885757
113	248	0.843625
113	249	0.945863
113	250	0
113	251	0.970951
113	252	0.8835
113	253	0.857569
113	254	0.960696
113	255	0.872294
113	256	0.915365
114	1	0.781008
114	2	0.791815
114	3	0.742159
114	4	0.856415
114	5	0.806171
114	6	0.774631
114	7	0.742085
114	8	0.765203
114	9	0.721466
114	10	0.737066
114	11	0.81678
114	12	0.669421
114	13	0.719746
114	14	0.802116
114	15	0.716742
114	16	0.767908
114	17	0.743206
114	18	0.716563
114	19	0.740493
114	20	0.733184
114	21	0
114	22	0.749502
114	23	0.580135
114	24	0.682497
114	25	0
114	26	0.70181
114	27	0.667455
114	28	0.694584
114	29	0.606802
114	30	0.681603
114	31	0.680505
114	32	0.685142
114	33	0
114	34	0.633669
114	35	0.68675
114	36	0.626789
114	37	0.678179
114	38	0.0974867
114	39	0.680975
114	40	0.679994
114	41	0.673682
114	42	0.650347
114	43	0.67201
114	44	0.645938
114	45	0.655213
114	46	0.66872
114	47	0.662979
114	48	0.620013
114	49	0.661027
114	50	0.640178
114	51	0.656122
114	52	0.657869
114	53	0.638566
114	54	0.490337
114	55	0.478926
114	56	0.476071
114	57	0
114	58	0
114	59	0
114	60	0
114	61	0
114	62	0.455472
114	63	0.429602
114	64	0.46514
114	65	0.622856
114	66	0.632597
114	67	0.618491
114	68	0.629221
114	69	0.640922
114	70	0.62977
114	71	0.633253
114	72	0.625779
114	73	0.652369
114	74	0.647856
114	75	0.641713
114	76	0.657333
114	77	0.670215
114	78	0.654887
114	79	0.680982
114	80	0.668824
114	81	0.682062
114	82	0.676618
114	83	0.686907
114	84	0.697571
114	85	0.684134
114	86	0.713179
114	87	0.723939
114	88	0.727877
114	89	0.728345
114	90	0.714098
114	91	0.72939
114	92	0.741168
114	93	0.744426
114	94	0.733024
114	95	0.752938
114	96	0.748794
114	97	0.748657
114	98	0.769665
114	99	0.764348
114	100	0.770586
114	101	0.76616
114	102	0.777055
114	103	0.859138
114	104	0.895745
114	105	0.810918
114	106	0.900617
114	107	0.911545
114	108	0.943572
114	109	0.935372
114	110	0.82629
114	111	0.825978
114	112	0.824864
114	113	0.93106
114	115	0.864741
114	116	0.890372
114	117	0.830185
114	118	0.877845
114	119	0.845697
114	120	0.804515
114	121	0.791062
114	122	0.810369
114	123	0.849821
114	124	0.82896
114	125	0.818761
114	126	0.863035
114	127	0
114	128	0.814735
114	129	0.848996
114	130	0.815108
114	131	0.814937
114	132	0.810117
114	133	0.781223
114	134	0.771772
114	135	0.802821
114	136	0.796528
114	137	0.719502
114	138	0.700702
114	139	0.742429
114	140	0.716788
114	141	0.720123
114	142	0.691866
114	143	0.606026
114	144	0.635466
114	145	0.665292
114	146	0.616948
114	147	0.697719
114	148	0.659703
114	149	0.658049
114	150	0.614345
114	151	0.630481
114	152	0.625209
114	153	0.620607
114	154	0.669545
114	155	0.624405
114	156	0.682176
114	157	0.632654
114	158	0.619196
114	159	0.614277
114	160	0.6746
114	161	0.63298
114	162	0.610135
114	163	0.678138
114	164	0.650367
114	165	0.670876
114	166	0.599381
114	167	0.599393
114	168	0.647462
114	169	0.639627
114	170	0.654743
114	171	0.618005
114	172	0.593159
114	173	0.62225
114	174	0.645487
114	175	0.631746
114	176	0.628883
114	177	0.659515
114	178	0.477114
114	179	0.485966
114	180	0.479837
114	181	0.481404
114	182	0.466893
114	183	0.470113
114	184	0.471371
114	185	0.472966
114	186	0.468181
114	187	0
114	188	0
114	189	0
114	190	0
114	191	0
114	192	0
114	193	0
114	194	0
114	195	0
114	196	0
114	197	0
114	198	0
114	199	0
114	200	0
114	201	0
114	202	0
114	203	0
114	204	0
114	205	0
114	206	0
114	207	0.347056
114	208	0.336465
114	209	0.482662
114	210	0.350817
114	211	0.442062
114	212	0.407217
114	213	0.367919
114	214	0.332658
114	215	0.352378
114	216	0.34879
114	217	0.331597
114	218	0.159245
114	219	0.356007
114	220	0.169531
114	221	0.318132
114	222	0.316377
114	223	0.171749
114	224	0.187182
114	225	0.185518
114	226	0.181979
114	227	0.196372
114	228	0.171894
114	229	0.191844
114	230	0.186904
114	231	0.172593
114	232	0.173099
114	233	0.206966
114	234	0.189676
114	235	0.630726
114	236	0.221422
114	237	0.219823
114	238	0.237748
114	239	0.238645
114	240	0
114	241	0.711502
114	242	0.708276
114	243	0.891531
114	244	0.954471
114	245	0.868748
114	246	0.849595
114	247	0.827255
114	248	0.787906
114	249	0.961316
114	250	0
114	251	0.904352
114	252	0.825148
114	253	0.800929
114	254	0.931539
114	255	0.814681
114	256	0.854908
115	1	0.89815
115	2	0.8921
115	3	0.853475
115	4	0.967393
115	5	0.927087
115	6	0.890817
115	7	0.85339
115	8	0.879975
115	9	0.829678
115	10	0.847617
115	11	0.84779
115	12	0.769827
115	13	0.8277
115	14	0.83693
115	15	0.824246
115	16	0.883086
115	17	0.854678
115	18	0.824039
115	19	0.851559
115	20	0.841916
115	21	0
115	22	0.861918
115	23	0.662878
115	24	0.784864
115	25	0
115	26	0.801906
115	27	0.762651
115	28	0.79365
115	29	0.697816
115	30	0.778817
115	31	0.777563
115	32	0.782995
115	33	0
115	34	0.724047
115	35	0.789755
115	36	0.716185
115	37	0.774905
115	38	0.112108
115	39	0.782237
115	40	0.781985
115	41	0.772289
115	42	0.743104
115	43	0.772804
115	44	0.742821
115	45	0.753488
115	46	0.769021
115	47	0.762418
115	48	0.708443
115	49	0.760174
115	50	0.736197
115	51	0.754533
115	52	0.756542
115	53	0.734344
115	54	0.560272
115	55	0.547233
115	56	0.543971
115	57	0
115	58	0
115	59	0
115	60	0
115	61	0
115	62	0.526636
115	63	0.496724
115	64	0.537815
115	65	0.720173
115	66	0.731436
115	67	0.715125
115	68	0.727532
115	69	0.741061
115	70	0.728167
115	71	0.732194
115	72	0.723553
115	73	0.754297
115	74	0.749079
115	75	0.741976
115	76	0.760036
115	77	0.774931
115	78	0.757207
115	79	0.78738
115	80	0.773323
115	81	0.788629
115	82	0.782334
115	83	0.794231
115	84	0.806561
115	85	0.791025
115	86	0.824608
115	87	0.837048
115	88	0.841602
115	89	0.842143
115	90	0.82567
115	91	0.843352
115	92	0.856969
115	93	0.860737
115	94	0.847553
115	95	0.870579
115	96	0.863331
115	97	0.865629
115	98	0.885107
115	99	0.883771
115	100	0.890984
115	101	0.885867
115	102	0.898464
115	103	0.908322
115	104	0.891096
115	105	0.937307
115	106	0.893119
115	107	0.847881
115	108	0.880801
115	109	0.882427
115	110	0.953887
115	111	0.953674
115	112	0.953743
115	113	0.925893
115	114	0.864741
115	116	0.970987
115	117	0.958832
115	118	0.984769
115	119	0.975562
115	120	0.929183
115	121	0.909713
115	122	0.932678
115	123	0.977284
115	124	0.956255
115	125	0.941565
115	126	0.860305
115	127	0
115	128	0.936936
115	129	0.881229
115	130	0.847275
115	131	0.845877
115	132	0.840874
115	133	0.898397
115	134	0.887529
115	135	0.837666
115	136	0.8311
115	137	0.827419
115	138	0.8058
115	139	0.853784
115	140	0.820718
115	141	0.828133
115	142	0.795638
115	143	0.696923
115	144	0.730778
115	145	0.760179
115	146	0.709483
115	147	0.797232
115	148	0.758651
115	149	0.756749
115	150	0.706489
115	151	0.725046
115	152	0.718983
115	153	0.713691
115	154	0.765039
115	155	0.718059
115	156	0.779472
115	157	0.727545
115	158	0.712068
115	159	0.706411
115	160	0.770816
115	161	0.723259
115	162	0.701648
115	163	0.779851
115	164	0.743126
115	165	0.771499
115	166	0.689282
115	167	0.689295
115	168	0.740972
115	169	0.730855
115	170	0.751461
115	171	0.706148
115	172	0.682126
115	173	0.710999
115	174	0.742302
115	175	0.721849
115	176	0.72283
115	177	0.758435
115	178	0.545163
115	179	0.555277
115	180	0.548274
115	181	0.550065
115	182	0.533484
115	183	0.537164
115	184	0.538601
115	185	0.540424
115	186	0.534955
115	187	0
115	188	0
115	189	0
115	190	0
115	191	0
115	192	0
115	193	0
115	194	0
115	195	0
115	196	0
115	197	0
115	198	0
115	199	0
115	200	0
115	201	0
115	202	0
115	203	0
115	204	0
115	205	0
115	206	0
115	207	0.401281
115	208	0.389035
115	209	0.558075
115	210	0.405629
115	211	0.511131
115	212	0.470842
115	213	0.425404
115	214	0.384633
115	215	0.407434
115	216	0.403285
115	217	0.383407
115	218	0.184126
115	219	0.41163
115	220	0.196019
115	221	0.367838
115	222	0.365809
115	223	0.198584
115	224	0.216428
115	225	0.214503
115	226	0.210412
115	227	0.227054
115	228	0.198752
115	229	0.221819
115	230	0.216106
115	231	0.199559
115	232	0.200145
115	233	0.239303
115	234	0.219311
115	235	0.729272
115	236	0.256018
115	237	0.254169
115	238	0.274895
115	239	0.275931
115	240	0
115	241	0.822669
115	242	0.818939
115	243	0.961288
115	244	0.880905
115	245	0.953354
115	246	0.980943
115	247	0.956507
115	248	0.91101
115	249	0.88058
115	250	0
115	251	0.939274
115	252	0.953014
115	253	0.926068
115	254	0.909427
115	255	0.941847
115	256	0.988285
116	1	0.876966
116	2	0.871059
116	3	0.833344
116	4	0.955095
116	5	0.905221
116	6	0.869806
116	7	0.833261
116	8	0.85922
116	9	0.810109
116	10	0.827625
116	11	0.871165
116	12	0.75167
116	13	0.808177
116	14	0.860006
116	15	0.804805
116	16	0.862257
116	17	0.83452
116	18	0.804603
116	19	0.831474
116	20	0.822058
116	21	0
116	22	0.841589
116	23	0.647243
116	24	0.766352
116	25	0
116	26	0.782992
116	27	0.744663
116	28	0.774931
116	29	0.681357
116	30	0.760448
116	31	0.759223
116	32	0.764527
116	33	0
116	34	0.706969
116	35	0.771128
116	36	0.699293
116	37	0.756628
116	38	0.109464
116	39	0.763787
116	40	0.763541
116	41	0.754074
116	42	0.725577
116	43	0.754577
116	44	0.725301
116	45	0.735716
116	46	0.750882
116	47	0.744436
116	48	0.691733
116	49	0.742244
116	50	0.718833
116	51	0.736737
116	52	0.738698
116	53	0.717024
116	54	0.547057
116	55	0.534326
116	56	0.53114
116	57	0
116	58	0
116	59	0
116	60	0
116	61	0
116	62	0.511434
116	63	0.482385
116	64	0.52229
116	65	0.699383
116	66	0.710321
116	67	0.694482
116	68	0.70653
116	69	0.719669
116	70	0.707146
116	71	0.711057
116	72	0.702666
116	73	0.732522
116	74	0.727455
116	75	0.720557
116	76	0.738096
116	77	0.752561
116	78	0.735349
116	79	0.764651
116	80	0.750999
116	81	0.765863
116	82	0.75975
116	83	0.771303
116	84	0.783278
116	85	0.76819
116	86	0.800804
116	87	0.812885
116	88	0.817307
116	89	0.817833
116	90	0.801835
116	91	0.819007
116	92	0.832231
116	93	0.835889
116	94	0.823086
116	95	0.845448
116	96	0.838409
116	97	0.84064
116	98	0.86423
116	99	0.858259
116	100	0.865263
116	101	0.860294
116	102	0.872528
116	103	0.894333
116	104	0.917508
116	105	0.910551
116	106	0.919592
116	107	0.873013
116	108	0.906909
116	109	0.908583
116	110	0.927668
116	111	0.927461
116	112	0.92621
116	113	0.953337
116	114	0.890372
116	115	0.970987
116	117	0.932186
116	118	0.985701
116	119	0.949603
116	120	0.903361
116	121	0.888256
116	122	0.909935
116	123	0.954234
116	124	0.93081
116	125	0.919357
116	126	0.884025
116	127	0
116	128	0.914837
116	129	0.905527
116	130	0.870636
116	131	0.869199
116	132	0.864059
116	133	0.877207
116	134	0.866595
116	135	0.860762
116	136	0.854015
116	137	0.807903
116	138	0.786794
116	139	0.833647
116	140	0.801361
116	141	0.808601
116	142	0.776872
116	143	0.680486
116	144	0.713542
116	145	0.74225
116	146	0.692749
116	147	0.778428
116	148	0.740757
116	149	0.7389
116	150	0.689826
116	151	0.707944
116	152	0.702025
116	153	0.696858
116	154	0.746994
116	155	0.701122
116	156	0.761087
116	157	0.710385
116	158	0.695273
116	159	0.68975
116	160	0.752635
116	161	0.7062
116	162	0.685099
116	163	0.761457
116	164	0.725598
116	165	0.753303
116	166	0.673024
116	167	0.673037
116	168	0.723495
116	169	0.713617
116	170	0.733736
116	171	0.689493
116	172	0.666037
116	173	0.694229
116	174	0.724794
116	175	0.704823
116	176	0.705781
116	177	0.740546
116	178	0.532304
116	179	0.54218
116	180	0.535342
116	181	0.537091
116	182	0.520901
116	183	0.524494
116	184	0.525897
116	185	0.527677
116	186	0.522338
116	187	0
116	188	0
116	189	0
116	190	0
116	191	0
116	192	0
116	193	0
116	194	0
116	195	0
116	196	0
116	197	0
116	198	0
116	199	0
116	200	0
116	201	0
116	202	0
116	203	0
116	204	0
116	205	0
116	206	0
116	207	0.389697
116	208	0.377805
116	209	0.541965
116	210	0.39392
116	211	0.496376
116	212	0.45725
116	213	0.413124
116	214	0.37353
116	215	0.395673
116	216	0.391644
116	217	0.372339
116	218	0.17881
116	219	0.399748
116	220	0.19036
116	221	0.357219
116	222	0.355249
116	223	0.192851
116	224	0.210181
116	225	0.208311
116	226	0.204338
116	227	0.220499
116	228	0.193014
116	229	0.215415
116	230	0.209868
116	231	0.193798
116	232	0.194367
116	233	0.232395
116	234	0.21298
116	235	0.70822
116	236	0.248628
116	237	0.246832
116	238	0.266959
116	239	0.267966
116	240	0
116	241	0.798921
116	242	0.795298
116	243	0.987868
116	244	0.907015
116	245	0.962688
116	246	0.953981
116	247	0.928895
116	248	0.884711
116	249	0.905282
116	250	0
116	251	0.967115
116	252	0.926529
116	253	0.899335
116	254	0.934502
116	255	0.914777
116	256	0.959946
117	1	0.932827
117	2	0.890276
117	3	0.879616
117	4	0.943102
117	5	0.955325
117	6	0.919441
117	7	0.878238
117	8	0.905598
117	9	0.853836
117	10	0.872298
117	11	0.824305
117	12	0.789211
117	13	0.848541
117	14	0.813746
117	15	0.845
117	16	0.890237
117	17	0.867612
117	18	0.841909
117	19	0.860527
117	20	0.840194
117	21	0
117	22	0.870995
117	23	0.663313
117	24	0.797083
117	25	0
117	26	0.800266
117	27	0.761091
117	28	0.792027
117	29	0.70868
117	30	0.777224
117	31	0.775972
117	32	0.791241
117	33	0
117	34	0.724523
117	35	0.798072
117	36	0.716656
117	37	0.779114
117	38	0.113854
117	39	0.790475
117	40	0.79022
117	41	0.780422
117	42	0.746612
117	43	0.780943
117	44	0.750644
117	45	0.761423
117	46	0.77712
117	47	0.770448
117	48	0.712171
117	49	0.768179
117	50	0.74395
117	51	0.762479
117	52	0.764509
117	53	0.742078
117	54	0.565583
117	55	0.552421
117	56	0.549128
117	57	0
117	58	0
117	59	0
117	60	0
117	61	0
117	62	0.541544
117	63	0.510785
117	64	0.553039
117	65	0.740559
117	66	0.752141
117	67	0.735369
117	68	0.748127
117	69	0.762039
117	70	0.748779
117	71	0.752921
117	72	0.744035
117	73	0.775649
117	74	0.770283
117	75	0.76298
117	76	0.781551
117	77	0.796868
117	78	0.778642
117	79	0.809669
117	80	0.795214
117	81	0.810953
117	82	0.80448
117	83	0.816713
117	84	0.829393
117	85	0.813417
117	86	0.850666
117	87	0.863499
117	88	0.868196
117	89	0.865982
117	90	0.851761
117	91	0.869267
117	92	0.88405
117	93	0.887936
117	94	0.874336
117	95	0.895472
117	96	0.88777
117	97	0.892983
117	98	0.910775
117	99	0.911699
117	100	0.919139
117	101	0.91386
117	102	0.926856
117	103	0.892888
117	104	0.864017
117	105	0.957497
117	106	0.85743
117	107	0.814
117	108	0.845604
117	109	0.847165
117	110	0.94551
117	111	0.956053
117	112	0.970943
117	113	0.888894
117	114	0.830185
117	115	0.958832
117	116	0.932186
117	118	0.945418
117	119	0.981658
117	120	0.969078
117	121	0.947848
117	122	0.970505
117	123	0.965551
117	124	0.978546
117	125	0.961466
117	126	0.832322
117	127	0
117	128	0.949036
117	129	0.856818
117	130	0.823804
117	131	0.822445
117	132	0.817581
117	133	0.907858
117	134	0.897666
117	135	0.814462
117	136	0.809971
117	137	0.848253
117	138	0.814286
117	139	0.862776
117	140	0.81904
117	141	0.836854
117	142	0.808025
117	143	0.707774
117	144	0.742156
117	145	0.758625
117	146	0.720529
117	147	0.796065
117	148	0.76664
117	149	0.76853
117	150	0.717488
117	151	0.736334
117	152	0.730177
117	153	0.724802
117	154	0.763474
117	155	0.725621
117	156	0.785088
117	157	0.735207
117	158	0.723154
117	159	0.717409
117	160	0.774268
117	161	0.726674
117	162	0.712572
117	163	0.788064
117	164	0.746294
117	165	0.779624
117	166	0.700013
117	167	0.700026
117	168	0.748776
117	169	0.737046
117	170	0.759374
117	171	0.709482
117	172	0.692746
117	173	0.714356
117	174	0.75012
117	175	0.728693
117	176	0.730442
117	177	0.766422
117	178	0.550331
117	179	0.560541
117	180	0.553472
117	181	0.55528
117	182	0.538542
117	183	0.542256
117	184	0.543707
117	185	0.545547
117	186	0.540027
117	187	0
117	188	0
117	189	0
117	190	0
117	191	0
117	192	0
117	193	0
117	194	0
117	195	0
117	196	0
117	197	0
117	198	0
117	199	0
117	200	0
117	201	0
117	202	0
117	203	0
117	204	0
117	205	0
117	206	0
117	207	0.41264
117	208	0.400048
117	209	0.573873
117	210	0.417112
117	211	0.5256
117	212	0.48417
117	213	0.437446
117	214	0.395521
117	215	0.418968
117	216	0.414702
117	217	0.39426
117	218	0.189338
117	219	0.423283
117	220	0.201568
117	221	0.37825
117	222	0.376164
117	223	0.204205
117	224	0.222555
117	225	0.220576
117	226	0.216369
117	227	0.233481
117	228	0.204378
117	229	0.228098
117	230	0.222224
117	231	0.205208
117	232	0.20581
117	233	0.246078
117	234	0.225519
117	235	0.749916
117	236	0.263265
117	237	0.261364
117	238	0.282676
117	239	0.283742
117	240	0
117	241	0.848665
117	242	0.844818
117	243	0.922035
117	244	0.845704
117	245	0.915158
117	246	0.948539
117	247	0.972731
117	248	0.944532
117	249	0.845392
117	250	0
117	251	0.901741
117	252	0.993932
117	253	0.95969
117	254	0.873086
117	255	0.980328
117	256	0.967769
118	1	0.889414
118	2	0.883423
118	3	0.845173
118	4	0.968652
118	5	0.91807
118	6	0.882152
118	7	0.845089
118	8	0.871416
118	9	0.821608
118	10	0.839373
118	11	0.860637
118	12	0.762339
118	13	0.819649
118	14	0.849613
118	15	0.816228
118	16	0.874496
118	17	0.846365
118	18	0.816024
118	19	0.843276
118	20	0.833727
118	21	0
118	22	0.853535
118	23	0.65643
118	24	0.77723
118	25	0
118	26	0.794106
118	27	0.755233
118	28	0.78593
118	29	0.691029
118	30	0.771242
118	31	0.769999
118	32	0.775379
118	33	0
118	34	0.717004
118	35	0.782074
118	36	0.709219
118	37	0.767368
118	38	0.111018
118	39	0.774629
118	40	0.774379
118	41	0.764778
118	42	0.735876
118	43	0.765288
118	44	0.735596
118	45	0.746159
118	46	0.761541
118	47	0.755003
118	48	0.701552
118	49	0.75278
118	50	0.729036
118	51	0.747194
118	52	0.749184
118	53	0.727201
118	54	0.554822
118	55	0.54191
118	56	0.53868
118	57	0
118	58	0
118	59	0
118	60	0
118	61	0
118	62	0.518693
118	63	0.489232
118	64	0.529703
118	65	0.709311
118	66	0.720404
118	67	0.70434
118	68	0.716559
118	69	0.729884
118	70	0.717184
118	71	0.721151
118	72	0.71264
118	73	0.74292
118	74	0.737781
118	75	0.730785
118	76	0.748573
118	77	0.763243
118	78	0.745787
118	79	0.775505
118	80	0.761659
118	81	0.776734
118	82	0.770535
118	83	0.782251
118	84	0.794396
118	85	0.779094
118	86	0.812171
118	87	0.824423
118	88	0.828908
118	89	0.829442
118	90	0.813217
118	91	0.830632
118	92	0.844044
118	93	0.847755
118	94	0.83477
118	95	0.857448
118	96	0.85031
118	97	0.852573
118	98	0.876497
118	99	0.870442
118	100	0.877545
118	101	0.872506
118	102	0.884913
118	103	0.896822
118	104	0.904599
118	105	0.923476
118	106	0.906653
118	107	0.86073
118	108	0.894149
118	109	0.895799
118	110	0.940836
118	111	0.940626
118	112	0.939358
118	113	0.939924
118	114	0.877845
118	115	0.984769
118	116	0.985701
118	117	0.945418
118	119	0.963082
118	120	0.916184
118	121	0.900864
118	122	0.922851
118	123	0.967779
118	124	0.944022
118	125	0.932407
118	126	0.873342
118	127	0
118	128	0.927823
118	129	0.894583
118	130	0.860114
118	131	0.858695
118	132	0.853616
118	133	0.889659
118	134	0.878896
118	135	0.85036
118	136	0.843694
118	137	0.819371
118	138	0.797962
118	139	0.84548
118	140	0.812736
118	141	0.820078
118	142	0.787899
118	143	0.690145
118	144	0.72367
118	145	0.752785
118	146	0.702582
118	147	0.789478
118	148	0.751271
118	149	0.749388
118	150	0.699617
118	151	0.717993
118	152	0.71199
118	153	0.706749
118	154	0.757598
118	155	0.711075
118	156	0.77189
118	157	0.720468
118	158	0.705142
118	159	0.69954
118	160	0.763318
118	161	0.716224
118	162	0.694824
118	163	0.772266
118	164	0.735898
118	165	0.763995
118	166	0.682578
118	167	0.68259
118	168	0.733765
118	169	0.723746
118	170	0.744151
118	171	0.69928
118	172	0.675491
118	173	0.704083
118	174	0.735082
118	175	0.714828
118	176	0.715799
118	177	0.751058
118	178	0.53986
118	179	0.549876
118	180	0.542941
118	181	0.544714
118	182	0.528295
118	183	0.531939
118	184	0.533362
118	185	0.535167
118	186	0.529752
118	187	0
118	188	0
118	189	0
118	190	0
118	191	0
118	192	0
118	193	0
118	194	0
118	195	0
118	196	0
118	197	0
118	198	0
118	199	0
118	200	0
118	201	0
118	202	0
118	203	0
118	204	0
118	205	0
118	206	0
118	207	0.395229
118	208	0.383167
118	209	0.549658
118	210	0.399511
118	211	0.503421
118	212	0.46374
118	213	0.418988
118	214	0.378832
118	215	0.401289
118	216	0.397203
118	217	0.377624
118	218	0.181349
118	219	0.405422
118	220	0.193062
118	221	0.36229
118	222	0.360291
118	223	0.195589
118	224	0.213164
118	225	0.211268
118	226	0.207239
118	227	0.223629
118	228	0.195754
118	229	0.218473
118	230	0.212847
118	231	0.196549
118	232	0.197126
118	233	0.235694
118	234	0.216003
118	235	0.718273
118	236	0.252157
118	237	0.250335
118	238	0.270749
118	239	0.271769
118	240	0
118	241	0.810261
118	242	0.806587
118	243	0.973968
118	244	0.894254
118	245	0.96035
118	246	0.967522
118	247	0.942081
118	248	0.897269
118	249	0.893924
118	250	0
118	251	0.953508
118	252	0.939681
118	253	0.9121
118	254	0.923209
118	255	0.927762
118	256	0.973572
119	1	0.918314
119	2	0.906585
119	3	0.871518
119	4	0.960723
119	5	0.94792
119	6	0.90965
119	7	0.871431
119	8	0.898579
119	9	0.847218
119	10	0.865537
119	11	0.839707
119	12	0.783227
119	13	0.842107
119	14	0.828951
119	15	0.838593
119	16	0.897425
119	17	0.868556
119	18	0.837607
119	19	0.865386
119	20	0.855586
119	21	0
119	22	0.875914
119	23	0.673641
119	24	0.797608
119	25	0
119	26	0.814927
119	27	0.775035
119	28	0.806537
119	29	0.709147
119	30	0.791463
119	31	0.790188
119	32	0.795709
119	33	0
119	34	0.735804
119	35	0.802579
119	36	0.727814
119	37	0.787487
119	38	0.113929
119	39	0.794939
119	40	0.794682
119	41	0.784829
119	42	0.75517
119	43	0.785353
119	44	0.754882
119	45	0.765722
119	46	0.781508
119	47	0.774798
119	48	0.719946
119	49	0.772517
119	50	0.748151
119	51	0.766785
119	52	0.768826
119	53	0.746268
119	54	0.569369
119	55	0.556119
119	56	0.552803
119	57	0
119	58	0
119	59	0
119	60	0
119	61	0
119	62	0.535272
119	63	0.504869
119	64	0.546634
119	65	0.731982
119	66	0.74343
119	67	0.726852
119	68	0.739462
119	69	0.753213
119	70	0.740107
119	71	0.7442
119	72	0.735417
119	73	0.766665
119	74	0.761362
119	75	0.754142
119	76	0.772499
119	77	0.787638
119	78	0.769624
119	79	0.800291
119	80	0.786004
119	81	0.80156
119	82	0.795163
119	83	0.807254
119	84	0.819787
119	85	0.803995
119	86	0.838267
119	87	0.850913
119	88	0.855542
119	89	0.855952
119	90	0.839347
119	91	0.857181
119	92	0.871164
119	93	0.874994
119	94	0.861592
119	95	0.884854
119	96	0.877488
119	97	0.879967
119	98	0.903716
119	99	0.89841
119	100	0.905742
119	101	0.900541
119	102	0.913347
119	103	0.890692
119	104	0.871471
119	105	0.952044
119	106	0.87345
119	107	0.829208
119	108	0.861404
119	109	0.862994
119	110	0.942125
119	111	0.952877
119	112	0.968738
119	113	0.905502
119	114	0.845697
119	115	0.975562
119	116	0.949603
119	117	0.981658
119	118	0.963082
119	120	0.951304
119	121	0.930489
119	122	0.956042
119	123	0.98324
119	124	0.980209
119	125	0.957955
119	126	0.847873
119	127	0
119	128	0.953245
119	129	0.872827
119	130	0.839196
119	131	0.837812
119	132	0.832857
119	133	0.912985
119	134	0.90194
119	135	0.829679
119	136	0.824871
119	137	0.841821
119	138	0.818884
119	139	0.867648
119	140	0.834045
119	141	0.84158
119	142	0.808557
119	143	0.70824
119	144	0.742644
119	145	0.772523
119	146	0.721003
119	147	0.810177
119	148	0.770969
119	149	0.769036
119	150	0.717961
119	151	0.736818
119	152	0.730658
119	153	0.725279
119	154	0.777461
119	155	0.729718
119	156	0.792129
119	157	0.739358
119	158	0.72363
119	159	0.717882
119	160	0.783332
119	161	0.735003
119	162	0.713041
119	163	0.792514
119	164	0.755193
119	165	0.784027
119	166	0.700474
119	167	0.700487
119	168	0.753004
119	169	0.742722
119	170	0.763662
119	171	0.717614
119	172	0.693202
119	173	0.722544
119	174	0.754355
119	175	0.73357
119	176	0.734566
119	177	0.77075
119	178	0.554014
119	179	0.564293
119	180	0.557177
119	181	0.558996
119	182	0.542147
119	183	0.545886
119	184	0.547346
119	185	0.549199
119	186	0.543641
119	187	0
119	188	0
119	189	0
119	190	0
119	191	0
119	192	0
119	193	0
119	194	0
119	195	0
119	196	0
119	197	0
119	198	0
119	199	0
119	200	0
119	201	0
119	202	0
119	203	0
119	204	0
119	205	0
119	206	0
119	207	0.407861
119	208	0.395414
119	209	0.567226
119	210	0.41228
119	211	0.519512
119	212	0.478562
119	213	0.43238
119	214	0.39094
119	215	0.414115
119	216	0.409898
119	217	0.389694
119	218	0.187145
119	219	0.41838
119	220	0.199233
119	221	0.373869
119	222	0.371807
119	223	0.20184
119	224	0.219977
119	225	0.218021
119	226	0.213863
119	227	0.230777
119	228	0.202011
119	229	0.225456
119	230	0.21965
119	231	0.202831
119	232	0.203427
119	233	0.243227
119	234	0.222907
119	235	0.741231
119	236	0.260216
119	237	0.258337
119	238	0.279402
119	239	0.280456
119	240	0
119	241	0.836296
119	242	0.832504
119	243	0.9383
119	244	0.861505
119	245	0.930791
119	246	0.964742
119	247	0.97124
119	248	0.927234
119	249	0.861187
119	250	0
119	251	0.918589
119	252	0.975702
119	253	0.942088
119	254	0.889399
119	255	0.962347
119	256	0.984654
120	1	0.962358
120	2	0.897813
120	3	0.907147
120	4	0.915969
120	5	0.980474
120	6	0.948548
120	7	0.901645
120	8	0.929168
120	9	0.875349
120	10	0.894276
120	11	0.808474
120	12	0.809075
120	13	0.869898
120	14	0.80727
120	15	0.866268
120	16	0.90154
120	17	0.88416
120	18	0.863099
120	19	0.871453
120	20	0.850472
120	21	0
120	22	0.882055
120	23	0.671736
120	24	0.813255
120	25	0
120	26	0.809526
120	27	0.769898
120	28	0.801191
120	29	0.723059
120	30	0.786217
120	31	0.785748
120	32	0.801288
120	33	0
120	34	0.733723
120	35	0.808206
120	36	0.725755
120	37	0.789007
120	38	0.116164
120	39	0.800512
120	40	0.800254
120	41	0.790332
120	42	0.756093
120	43	0.790859
120	44	0.760175
120	45	0.771091
120	46	0.786987
120	47	0.78023
120	48	0.721213
120	49	0.777933
120	50	0.753396
120	51	0.772161
120	52	0.774217
120	53	0.7515
120	54	0.572765
120	55	0.559435
120	56	0.5561
120	57	0
120	58	0
120	59	0
120	60	0
120	61	0
120	62	0.543365
120	63	0.512503
120	64	0.554899
120	65	0.74305
120	66	0.754671
120	67	0.737842
120	68	0.750643
120	69	0.764602
120	70	0.751298
120	71	0.755453
120	72	0.746537
120	73	0.778258
120	74	0.772874
120	75	0.765545
120	76	0.78418
120	77	0.799547
120	78	0.781261
120	79	0.812392
120	80	0.797888
120	81	0.81368
120	82	0.807186
120	83	0.81946
120	84	0.832182
120	85	0.816152
120	86	0.854341
120	87	0.86723
120	88	0.871116
120	89	0.868895
120	90	0.854626
120	91	0.872191
120	92	0.88787
120	93	0.890922
120	94	0.878114
120	95	0.898484
120	96	0.890756
120	97	0.896841
120	98	0.933698
120	99	0.915638
120	100	0.92311
120	101	0.917809
120	102	0.930861
120	103	0.878994
120	104	0.850573
120	105	0.948965
120	106	0.831223
120	107	0.78883
120	108	0.819457
120	109	0.82097
120	110	0.932653
120	111	0.939746
120	112	0.948989
120	113	0.861409
120	114	0.804515
120	115	0.929183
120	116	0.903361
120	117	0.969078
120	118	0.916184
120	119	0.951304
120	121	0.977854
120	122	0.992217
120	123	0.944966
120	124	0.965646
120	125	0.97325
120	126	0.816338
120	127	0
120	128	0.961086
120	129	0.840363
120	130	0.807983
120	131	0.80665
120	132	0.801879
120	133	0.919386
120	134	0.911509
120	135	0.803528
120	136	0.811216
120	137	0.869603
120	138	0.824625
120	139	0.873731
120	140	0.828747
120	141	0.84748
120	142	0.824419
120	143	0.722134
120	144	0.757213
120	145	0.767403
120	146	0.735147
120	147	0.806173
120	148	0.77641
120	149	0.784123
120	150	0.732046
120	151	0.751273
120	152	0.744992
120	153	0.739508
120	154	0.772857
120	155	0.734834
120	156	0.795057
120	157	0.744542
120	158	0.737826
120	159	0.731965
120	160	0.784099
120	161	0.735901
120	162	0.72703
120	163	0.798071
120	164	0.75577
120	165	0.789524
120	166	0.714216
120	167	0.714229
120	168	0.758283
120	169	0.746404
120	170	0.769016
120	171	0.718491
120	172	0.706801
120	173	0.723427
120	174	0.759644
120	175	0.737945
120	176	0.739717
120	177	0.776154
120	178	0.557319
120	179	0.567659
120	180	0.5605
120	181	0.56233
120	182	0.54538
120	183	0.549142
120	184	0.55061
120	185	0.552474
120	186	0.546884
120	187	0
120	188	0
120	189	0
120	190	0
120	191	0
120	192	0
120	193	0
120	194	0
120	195	0
120	196	0
120	197	0
120	198	0
120	199	0
120	200	0
120	201	0
120	202	0
120	203	0
120	204	0
120	205	0
120	206	0
120	207	0.414028
120	208	0.401393
120	209	0.575802
120	210	0.418514
120	211	0.527367
120	212	0.485798
120	213	0.438917
120	214	0.396851
120	215	0.420377
120	216	0.416096
120	217	0.395586
120	218	0.189975
120	219	0.424706
120	220	0.202245
120	221	0.379522
120	222	0.377429
120	223	0.204892
120	224	0.223303
120	225	0.221317
120	226	0.217096
120	227	0.234266
120	228	0.205065
120	229	0.228865
120	230	0.222971
120	231	0.205898
120	232	0.206502
120	233	0.246905
120	234	0.226278
120	235	0.752438
120	236	0.264151
120	237	0.262243
120	238	0.283627
120	239	0.284696
120	240	0
120	241	0.852333
120	242	0.848468
120	243	0.893525
120	244	0.819553
120	245	0.891436
120	246	0.919237
120	247	0.948281
120	248	0.974433
120	249	0.819251
120	250	0
120	251	0.873858
120	252	0.974994
120	253	0.990311
120	254	0.84609
120	255	0.982874
120	256	0.937844
121	1	0.983342
121	2	0.89164
121	3	0.926825
121	4	0.901153
121	5	0.979758
121	6	0.969125
121	7	0.921204
121	8	0.949324
121	9	0.894338
121	10	0.913675
121	11	0.800703
121	12	0.826626
121	13	0.888769
121	14	0.79951
121	15	0.88506
121	16	0.901126
121	17	0.903264
121	18	0.881822
121	19	0.871053
121	20	0.84987
121	21	0
121	22	0.883006
121	23	0.672187
121	24	0.830897
121	25	0
121	26	0.808953
121	27	0.769353
121	28	0.800625
121	29	0.738744
121	30	0.785975
121	31	0.786276
121	32	0.801826
121	33	0
121	34	0.734216
121	35	0.808749
121	36	0.726243
121	37	0.789537
121	38	0.118683
121	39	0.80105
121	40	0.800792
121	41	0.790863
121	42	0.756601
121	43	0.79139
121	44	0.760686
121	45	0.771609
121	46	0.787516
121	47	0.780755
121	48	0.721698
121	49	0.778456
121	50	0.753902
121	51	0.77268
121	52	0.774737
121	53	0.752005
121	54	0.57315
121	55	0.559811
121	56	0.556474
121	57	0
121	58	0
121	59	0
121	60	0
121	61	0
121	62	0.538361
121	63	0.507783
121	64	0.549789
121	65	0.736207
121	66	0.747721
121	67	0.731047
121	68	0.743731
121	69	0.757561
121	70	0.744379
121	71	0.748496
121	72	0.739662
121	73	0.771091
121	74	0.765757
121	75	0.758496
121	76	0.776958
121	77	0.792185
121	78	0.774066
121	79	0.804911
121	80	0.790541
121	81	0.806187
121	82	0.799753
121	83	0.811914
121	84	0.824519
121	85	0.808636
121	86	0.852373
121	87	0.865232
121	88	0.867654
121	89	0.860893
121	90	0.851229
121	91	0.867827
121	92	0.885823
121	93	0.887382
121	94	0.87609
121	95	0.89021
121	96	0.882553
121	97	0.894774
121	98	0.953953
121	99	0.913528
121	100	0.920983
121	101	0.915694
121	102	0.928716
121	103	0.859528
121	104	0.831736
121	105	0.92795
121	106	0.817023
121	107	0.775639
121	108	0.805755
121	109	0.807242
121	110	0.911999
121	111	0.918935
121	112	0.927973
121	113	0.847005
121	114	0.791062
121	115	0.909713
121	116	0.888256
121	117	0.947848
121	118	0.900864
121	119	0.930489
121	120	0.977854
121	122	0.973152
121	123	0.929681
121	124	0.947202
121	125	0.964712
121	126	0.80849
121	127	0
121	128	0.958072
121	129	0.832285
121	130	0.800216
121	131	0.798896
121	132	0.794171
121	133	0.918963
121	134	0.917153
121	135	0.795804
121	136	0.803418
121	137	0.888467
121	138	0.825179
121	139	0.88463
121	140	0.828161
121	141	0.854875
121	142	0.842303
121	143	0.737799
121	144	0.77364
121	145	0.76686
121	146	0.751095
121	147	0.806714
121	148	0.793252
121	149	0.801133
121	150	0.747926
121	151	0.767571
121	152	0.761153
121	153	0.75555
121	154	0.773377
121	155	0.735328
121	156	0.795591
121	157	0.745042
121	158	0.753832
121	159	0.747843
121	160	0.784626
121	161	0.736396
121	162	0.742801
121	163	0.798607
121	164	0.756278
121	165	0.790054
121	166	0.729709
121	167	0.729723
121	168	0.758793
121	169	0.746906
121	170	0.769533
121	171	0.718974
121	172	0.722134
121	173	0.723913
121	174	0.760155
121	175	0.738441
121	176	0.740214
121	177	0.776675
121	178	0.557693
121	179	0.56804
121	180	0.560876
121	181	0.562708
121	182	0.545747
121	183	0.549511
121	184	0.55098
121	185	0.552845
121	186	0.547251
121	187	0
121	188	0
121	189	0
121	190	0
121	191	0
121	192	0
121	193	0
121	194	0
121	195	0
121	196	0
121	197	0
121	198	0
121	199	0
121	200	0
121	201	0
121	202	0
121	203	0
121	204	0
121	205	0
121	206	0
121	207	0.410215
121	208	0.397697
121	209	0.5705
121	210	0.41466
121	211	0.522511
121	212	0.481325
121	213	0.434876
121	214	0.393197
121	215	0.416506
121	216	0.412264
121	217	0.391943
121	218	0.188225
121	219	0.420795
121	220	0.200383
121	221	0.376027
121	222	0.373953
121	223	0.203005
121	224	0.221247
121	225	0.219279
121	226	0.215097
121	227	0.232109
121	228	0.203177
121	229	0.226757
121	230	0.220918
121	231	0.204002
121	232	0.204601
121	233	0.244631
121	234	0.224194
121	235	0.745509
121	236	0.261718
121	237	0.259828
121	238	0.281015
121	239	0.282075
121	240	0
121	241	0.850368
121	242	0.846513
121	243	0.877683
121	244	0.805849
121	245	0.871695
121	246	0.89907
121	247	0.92728
121	248	0.981773
121	249	0.805552
121	250	0
121	251	0.859246
121	252	0.953634
121	253	0.974961
121	254	0.831942
121	255	0.961108
121	256	0.917298
122	1	0.957731
122	2	0.904848
122	3	0.902785
122	4	0.923147
122	5	0.98182
122	6	0.943987
122	7	0.901442
122	8	0.929524
122	9	0.876395
122	10	0.895345
122	11	0.81481
122	12	0.810063
122	13	0.87096
122	14	0.813596
122	15	0.867325
122	16	0.908605
122	17	0.887896
122	18	0.864153
122	19	0.878282
122	20	0.857136
122	21	0
122	22	0.888967
122	23	0.677
122	24	0.815718
122	25	0
122	26	0.815869
122	27	0.775931
122	28	0.807469
122	29	0.725248
122	30	0.792378
122	31	0.791906
122	32	0.807567
122	33	0
122	34	0.739472
122	35	0.814539
122	36	0.731443
122	37	0.79519
122	38	0.116515
122	39	0.806785
122	40	0.806525
122	41	0.796525
122	42	0.762017
122	43	0.797056
122	44	0.766132
122	45	0.777133
122	46	0.793154
122	47	0.786344
122	48	0.726865
122	49	0.784029
122	50	0.7593
122	51	0.778212
122	52	0.780284
122	53	0.757389
122	54	0.577253
122	55	0.563819
122	56	0.560458
122	57	0
122	58	0
122	59	0
122	60	0
122	61	0
122	62	0.540287
122	63	0.5096
122	64	0.551756
122	65	0.738841
122	66	0.750396
122	67	0.733662
122	68	0.746391
122	69	0.760271
122	70	0.747042
122	71	0.751173
122	72	0.742308
122	73	0.773849
122	74	0.768496
122	75	0.761209
122	76	0.779738
122	77	0.795018
122	78	0.776835
122	79	0.80779
122	80	0.793369
122	81	0.809071
122	82	0.802613
122	83	0.814818
122	84	0.827468
122	85	0.811529
122	86	0.84882
122	87	0.861626
122	88	0.866181
122	89	0.863973
122	90	0.849785
122	91	0.86725
122	92	0.882131
122	93	0.885875
122	94	0.872439
122	95	0.893394
122	96	0.88571
122	97	0.891045
122	98	0.934838
122	99	0.90972
122	100	0.917145
122	101	0.911877
122	102	0.924845
122	103	0.874015
122	104	0.845755
122	105	0.943589
122	106	0.836963
122	107	0.79457
122	108	0.82542
122	109	0.826944
122	110	0.92737
122	111	0.935552
122	112	0.944754
122	113	0.867677
122	114	0.810369
122	115	0.932678
122	116	0.909935
122	117	0.970505
122	118	0.922851
122	119	0.956042
122	120	0.992217
122	121	0.973152
122	123	0.952371
122	124	0.973213
122	125	0.980876
122	126	0.822734
122	127	0
122	128	0.968618
122	129	0.846948
122	130	0.814315
122	131	0.812971
122	132	0.808163
122	133	0.92659
122	134	0.918652
122	135	0.809824
122	136	0.817573
122	137	0.870664
122	138	0.831087
122	139	0.880578
122	140	0.835241
122	141	0.854121
122	142	0.826916
122	143	0.72432
122	144	0.759506
122	145	0.773416
122	146	0.737373
122	147	0.81249
122	148	0.782458
122	149	0.786497
122	150	0.734262
122	151	0.753548
122	152	0.747248
122	153	0.741747
122	154	0.778913
122	155	0.740593
122	156	0.801287
122	157	0.750376
122	158	0.740061
122	159	0.734181
122	160	0.790244
122	161	0.741668
122	162	0.729231
122	163	0.804324
122	164	0.761692
122	165	0.79571
122	166	0.716379
122	167	0.716392
122	168	0.764225
122	169	0.752253
122	170	0.775043
122	171	0.724121
122	172	0.708941
122	173	0.729096
122	174	0.765597
122	175	0.743728
122	176	0.745513
122	177	0.782236
122	178	0.561686
122	179	0.572107
122	180	0.564892
122	181	0.566737
122	182	0.549654
122	183	0.553445
122	184	0.554925
122	185	0.556804
122	186	0.551169
122	187	0
122	188	0
122	189	0
122	190	0
122	191	0
122	192	0
122	193	0
122	194	0
122	195	0
122	196	0
122	197	0
122	198	0
122	199	0
122	200	0
122	201	0
122	202	0
122	203	0
122	204	0
122	205	0
122	206	0
122	207	0.411683
122	208	0.399119
122	209	0.572541
122	210	0.416144
122	211	0.52438
122	212	0.483047
122	213	0.436431
122	214	0.394603
122	215	0.417995
122	216	0.413739
122	217	0.393345
122	218	0.188898
122	219	0.4223
122	220	0.2011
122	221	0.377372
122	222	0.375291
122	223	0.203731
122	224	0.222038
122	225	0.220064
122	226	0.215866
122	227	0.232939
122	228	0.203903
122	229	0.227568
122	230	0.221708
122	231	0.204732
122	232	0.205333
122	233	0.245506
122	234	0.224996
122	235	0.748176
122	236	0.262654
122	237	0.260757
122	238	0.28202
122	239	0.283084
122	240	0
122	241	0.846824
122	242	0.842985
122	243	0.899104
122	244	0.825517
122	245	0.889876
122	246	0.922334
122	247	0.944599
122	248	0.969748
122	249	0.825212
122	250	0
122	251	0.880216
122	252	0.976223
122	253	0.983802
122	254	0.852246
122	255	0.980857
122	256	0.941371
123	1	0.917864
123	2	0.911681
123	3	0.872208
123	4	0.968089
123	5	0.947436
123	6	0.91037
123	7	0.872121
123	8	0.89929
123	9	0.847889
123	10	0.866222
123	11	0.849492
123	12	0.786724
123	13	0.845867
123	14	0.838611
123	15	0.842337
123	16	0.902469
123	17	0.873438
123	18	0.842126
123	19	0.87025
123	20	0.860396
123	21	0
123	22	0.880837
123	23	0.677428
123	24	0.802091
123	25	0
123	26	0.819508
123	27	0.779391
123	28	0.81107
123	29	0.713133
123	30	0.795912
123	31	0.79463
123	32	0.800182
123	33	0
123	34	0.739939
123	35	0.80709
123	36	0.731905
123	37	0.791914
123	38	0.114569
123	39	0.799407
123	40	0.799149
123	41	0.789241
123	42	0.759414
123	43	0.789767
123	44	0.759126
123	45	0.770026
123	46	0.785901
123	47	0.779153
123	48	0.723993
123	49	0.776859
123	50	0.752356
123	51	0.771095
123	52	0.773148
123	53	0.750463
123	54	0.572569
123	55	0.559244
123	56	0.55591
123	57	0
123	58	0
123	59	0
123	60	0
123	61	0
123	62	0.526301
123	63	0.496408
123	64	0.537473
123	65	0.719714
123	66	0.73097
123	67	0.71467
123	68	0.727069
123	69	0.74059
123	70	0.727703
123	71	0.731728
123	72	0.723092
123	73	0.753817
123	74	0.748602
123	75	0.741504
123	76	0.759553
123	77	0.774438
123	78	0.756726
123	79	0.786879
123	80	0.772831
123	81	0.788127
123	82	0.781836
123	83	0.793725
123	84	0.806048
123	85	0.790521
123	86	0.824218
123	87	0.836653
123	88	0.841204
123	89	0.841607
123	90	0.82528
123	91	0.842815
123	92	0.856564
123	93	0.86033
123	94	0.847153
123	95	0.870025
123	96	0.862782
123	97	0.86522
123	98	0.904534
123	99	0.883354
123	100	0.890563
123	101	0.885448
123	102	0.89804
123	103	0.88769
123	104	0.875721
123	105	0.936088
123	106	0.87771
123	107	0.833252
123	108	0.865604
123	109	0.867202
123	110	0.932643
123	111	0.936907
123	112	0.952503
123	113	0.909918
123	114	0.849821
123	115	0.977284
123	116	0.954234
123	117	0.965551
123	118	0.967779
123	119	0.98324
123	120	0.944966
123	121	0.929681
123	122	0.952371
123	124	0.965277
123	125	0.962232
123	126	0.857754
123	127	0
123	128	0.957502
123	129	0.882999
123	130	0.848976
123	131	0.847575
123	132	0.842562
123	133	0.918117
123	134	0.90701
123	135	0.839348
123	136	0.835937
123	137	0.84558
123	138	0.823487
123	139	0.872525
123	140	0.838733
123	141	0.84631
123	142	0.813102
123	143	0.712221
123	144	0.746819
123	145	0.776865
123	146	0.725056
123	147	0.814731
123	148	0.775303
123	149	0.773359
123	150	0.721996
123	151	0.74096
123	152	0.734765
123	153	0.729356
123	154	0.781831
123	155	0.73382
123	156	0.796581
123	157	0.743514
123	158	0.727698
123	159	0.721917
123	160	0.787735
123	161	0.739135
123	162	0.717049
123	163	0.796969
123	164	0.759437
123	165	0.788434
123	166	0.704411
123	167	0.704425
123	168	0.757236
123	169	0.746897
123	170	0.767955
123	171	0.721648
123	172	0.697098
123	173	0.726605
123	174	0.758596
123	175	0.737694
123	176	0.738695
123	177	0.775082
123	178	0.557129
123	179	0.567465
123	180	0.560309
123	181	0.562138
123	182	0.545194
123	183	0.548954
123	184	0.550423
123	185	0.552286
123	186	0.546697
123	187	0
123	188	0
123	189	0
123	190	0
123	191	0
123	192	0
123	193	0
123	194	0
123	195	0
123	196	0
123	197	0
123	198	0
123	199	0
123	200	0
123	201	0
123	202	0
123	203	0
123	204	0
123	205	0
123	206	0
123	207	0.401026
123	208	0.388787
123	209	0.55772
123	210	0.405371
123	211	0.510805
123	212	0.470542
123	213	0.425133
123	214	0.384388
123	215	0.407175
123	216	0.403029
123	217	0.383163
123	218	0.184008
123	219	0.411368
123	220	0.195894
123	221	0.367603
123	222	0.365576
123	223	0.198457
123	224	0.216291
123	225	0.214367
123	226	0.210278
123	227	0.226909
123	228	0.198625
123	229	0.221677
123	230	0.215969
123	231	0.199432
123	232	0.200017
123	233	0.239151
123	234	0.219172
123	235	0.728808
123	236	0.255855
123	237	0.254007
123	238	0.27472
123	239	0.275755
123	240	0
123	241	0.82228
123	242	0.818552
123	243	0.942876
123	244	0.865706
123	245	0.931698
123	246	0.959096
123	247	0.954963
123	248	0.923673
123	249	0.865387
123	250	0
123	251	0.923069
123	252	0.959692
123	253	0.937059
123	254	0.893737
123	255	0.946557
123	256	0.97909
124	1	0.934808
124	2	0.904049
124	3	0.887171
124	4	0.94171
124	5	0.964946
124	6	0.925988
124	7	0.887083
124	8	0.914718
124	9	0.862435
124	10	0.881083
124	11	0.823088
124	12	0.797159
124	13	0.857087
124	14	0.812877
124	15	0.85351
124	16	0.90297
124	17	0.87635
124	18	0.850388
124	19	0.872835
124	20	0.85371
124	21	0
124	22	0.883453
124	23	0.672801
124	24	0.80511
124	25	0
124	26	0.81314
124	27	0.773335
124	28	0.804768
124	29	0.715817
124	30	0.789728
124	31	0.788455
124	32	0.802558
124	33	0
124	34	0.734886
124	35	0.809487
124	36	0.726906
124	37	0.790258
124	38	0.115
124	39	0.801782
124	40	0.801523
124	41	0.791585
124	42	0.757291
124	43	0.792113
124	44	0.76138
124	45	0.772314
124	46	0.788235
124	47	0.781468
124	48	0.722357
124	49	0.779167
124	50	0.754591
124	51	0.773385
124	52	0.775444
124	53	0.752692
124	54	0.573673
124	55	0.560322
124	56	0.556982
124	57	0
124	58	0
124	59	0
124	60	0
124	61	0
124	62	0.532638
124	63	0.502385
124	64	0.543945
124	65	0.728381
124	66	0.739772
124	67	0.723276
124	68	0.735824
124	69	0.749507
124	70	0.736466
124	71	0.740539
124	72	0.731799
124	73	0.762894
124	74	0.757616
124	75	0.750432
124	76	0.768699
124	77	0.783763
124	78	0.765838
124	79	0.796354
124	80	0.782137
124	81	0.797617
124	82	0.791251
124	83	0.803283
124	84	0.815754
124	85	0.80004
124	86	0.835218
124	87	0.847818
124	88	0.85243
124	89	0.851741
124	90	0.836294
124	91	0.853482
124	92	0.867996
124	93	0.871811
124	94	0.858458
124	95	0.880501
124	96	0.873171
124	97	0.876766
124	98	0.919947
124	99	0.895142
124	100	0.902447
124	101	0.897265
124	102	0.910024
124	103	0.881853
124	104	0.854224
124	105	0.943412
124	106	0.856164
124	107	0.812798
124	108	0.844356
124	109	0.845915
124	110	0.933583
124	111	0.944237
124	112	0.959955
124	113	0.887582
124	114	0.82896
124	115	0.956255
124	116	0.93081
124	117	0.978546
124	118	0.944022
124	119	0.980209
124	120	0.965646
124	121	0.947202
124	122	0.973213
124	123	0.965277
124	125	0.97221
124	126	0.831094
124	127	0
124	128	0.96261
124	129	0.855554
124	130	0.822588
124	131	0.821231
124	132	0.816374
124	133	0.920844
124	134	0.90978
124	135	0.813259
124	136	0.816851
124	137	0.856796
124	138	0.825933
124	139	0.875116
124	140	0.832216
124	141	0.848824
124	142	0.816163
124	143	0.714901
124	144	0.74963
124	145	0.770829
124	146	0.727785
124	147	0.808401
124	148	0.777605
124	149	0.77627
124	150	0.724714
124	151	0.743749
124	152	0.737531
124	153	0.732102
124	154	0.775756
124	155	0.736
124	156	0.796318
124	157	0.745723
124	158	0.730437
124	159	0.724634
124	160	0.785342
124	161	0.737068
124	162	0.719748
124	163	0.799336
124	164	0.756968
124	165	0.790775
124	166	0.707063
124	167	0.707076
124	168	0.759486
124	169	0.747588
124	170	0.770236
124	171	0.71963
124	172	0.699722
124	173	0.724574
124	174	0.760849
124	175	0.739115
124	176	0.74089
124	177	0.777384
124	178	0.558202
124	179	0.568559
124	180	0.561389
124	181	0.563222
124	182	0.546245
124	183	0.550012
124	184	0.551483
124	185	0.55335
124	186	0.547751
124	187	0
124	188	0
124	189	0
124	190	0
124	191	0
124	192	0
124	193	0
124	194	0
124	195	0
124	196	0
124	197	0
124	198	0
124	199	0
124	200	0
124	201	0
124	202	0
124	203	0
124	204	0
124	205	0
124	206	0
124	207	0.405855
124	208	0.393469
124	209	0.564435
124	210	0.410252
124	211	0.516956
124	212	0.476208
124	213	0.430253
124	214	0.389017
124	215	0.412078
124	216	0.407882
124	217	0.387777
124	218	0.186224
124	219	0.416322
124	220	0.198253
124	221	0.37203
124	222	0.369978
124	223	0.200847
124	224	0.218895
124	225	0.216948
124	226	0.21281
124	227	0.229642
124	228	0.201017
124	229	0.224347
124	230	0.218569
124	231	0.201833
124	232	0.202426
124	233	0.242031
124	234	0.221811
124	235	0.737584
124	236	0.258936
124	237	0.257066
124	238	0.278028
124	239	0.279076
124	240	0
124	241	0.833254
124	242	0.829476
124	243	0.919731
124	244	0.844455
124	245	0.91237
124	246	0.945649
124	247	0.961722
124	248	0.943888
124	249	0.844144
124	250	0
124	251	0.900409
124	252	0.97351
124	253	0.957567
124	254	0.871798
124	255	0.968281
124	256	0.965168
125	1	0.95245
125	2	0.92141
125	3	0.90599
125	4	0.932706
125	5	0.983137
125	6	0.94563
125	7	0.9059
125	8	0.934121
125	9	0.880729
125	10	0.899772
125	11	0.829724
125	12	0.815679
125	13	0.876999
125	14	0.828488
125	15	0.873339
125	16	0.925916
125	17	0.899913
125	18	0.872312
125	19	0.895015
125	20	0.873466
125	21	0
125	22	0.905903
125	23	0.689898
125	24	0.826758
125	25	0
125	26	0.831413
125	27	0.790714
125	28	0.822853
125	29	0.735064
125	30	0.807475
125	31	0.806993
125	32	0.822953
125	33	0
125	34	0.753561
125	35	0.830058
125	36	0.745378
125	37	0.81034
125	38	0.118092
125	39	0.822156
125	40	0.821891
125	41	0.811701
125	42	0.776535
125	43	0.812242
125	44	0.780728
125	45	0.791939
125	46	0.808265
125	47	0.801326
125	48	0.740713
125	49	0.798967
125	50	0.773766
125	51	0.793038
125	52	0.79515
125	53	0.771819
125	54	0.588251
125	55	0.574561
125	56	0.571136
125	57	0
125	58	0
125	59	0
125	60	0
125	61	0
125	62	0.529959
125	63	0.499858
125	64	0.541208
125	65	0.724717
125	66	0.736051
125	67	0.719638
125	68	0.732123
125	69	0.745737
125	70	0.732761
125	71	0.736814
125	72	0.728118
125	73	0.759056
125	74	0.753805
125	75	0.746657
125	76	0.764832
125	77	0.77982
125	78	0.761985
125	79	0.792348
125	80	0.778202
125	81	0.793605
125	82	0.78727
125	83	0.799242
125	84	0.81165
125	85	0.796016
125	86	0.832597
125	87	0.845158
125	88	0.849623
125	89	0.847457
125	90	0.83354
125	91	0.850672
125	92	0.865272
125	93	0.868941
125	94	0.855765
125	95	0.876316
125	96	0.868778
125	97	0.874015
125	98	0.939568
125	99	0.892334
125	100	0.899616
125	101	0.89445
125	102	0.907169
125	103	0.863048
125	104	0.843714
125	105	0.926455
125	106	0.84563
125	107	0.802797
125	108	0.833967
125	109	0.835507
125	110	0.913912
125	111	0.924102
125	112	0.935321
125	113	0.876662
125	114	0.818761
125	115	0.941565
125	116	0.919357
125	117	0.961466
125	118	0.932407
125	119	0.957955
125	120	0.97325
125	121	0.964712
125	122	0.980876
125	123	0.962232
125	124	0.97221
125	126	0.837794
125	127	0
125	128	0.987072
125	129	0.862451
125	130	0.82922
125	131	0.827852
125	132	0.822956
125	133	0.944244
125	134	0.932899
125	135	0.824648
125	136	0.832538
125	137	0.876701
125	138	0.846921
125	139	0.897354
125	140	0.851154
125	141	0.870394
125	142	0.838108
125	143	0.734124
125	144	0.769786
125	145	0.788151
125	146	0.747354
125	147	0.82797
125	148	0.797366
125	149	0.797142
125	150	0.7442
125	151	0.763747
125	152	0.757361
125	153	0.751786
125	154	0.793753
125	155	0.754702
125	156	0.816553
125	157	0.764673
125	158	0.750077
125	159	0.744118
125	160	0.805299
125	161	0.755798
125	162	0.739101
125	163	0.819648
125	164	0.776204
125	165	0.81087
125	166	0.726074
125	167	0.726088
125	168	0.778785
125	169	0.766585
125	170	0.789809
125	171	0.737917
125	172	0.718536
125	173	0.742986
125	174	0.780183
125	175	0.757898
125	176	0.759717
125	177	0.797139
125	178	0.572387
125	179	0.583007
125	180	0.575654
125	181	0.577534
125	182	0.560126
125	183	0.563989
125	184	0.565498
125	185	0.567412
125	186	0.56167
125	187	0
125	188	0
125	189	0
125	190	0
125	191	0
125	192	0
125	193	0
125	194	0
125	195	0
125	196	0
125	197	0
125	198	0
125	199	0
125	200	0
125	201	0
125	202	0
125	203	0
125	204	0
125	205	0
125	206	0
125	207	0.403813
125	208	0.39149
125	209	0.561596
125	210	0.408188
125	211	0.514356
125	212	0.473813
125	213	0.428088
125	214	0.38706
125	215	0.410005
125	216	0.40583
125	217	0.385826
125	218	0.185287
125	219	0.414228
125	220	0.197256
125	221	0.370158
125	222	0.368117
125	223	0.199837
125	224	0.217794
125	225	0.215857
125	226	0.21174
125	227	0.228486
125	228	0.200006
125	229	0.223218
125	230	0.21747
125	231	0.200818
125	232	0.201408
125	233	0.240813
125	234	0.220695
125	235	0.733874
125	236	0.257633
125	237	0.255773
125	238	0.276629
125	239	0.277672
125	240	0
125	241	0.83064
125	242	0.826873
125	243	0.908415
125	244	0.834065
125	245	0.897645
125	246	0.925707
125	247	0.937044
125	248	0.956653
125	249	0.833757
125	250	0
125	251	0.889331
125	252	0.96713
125	253	0.965107
125	254	0.861071
125	255	0.965006
125	256	0.944814
126	1	0.798214
126	2	0.858786
126	3	0.759978
126	4	0.877982
126	5	0.823931
126	6	0.793229
126	7	0.759902
126	8	0.783575
126	9	0.739048
126	10	0.755954
126	11	0.926861
126	12	0.697524
126	13	0.749961
126	14	0.910221
126	15	0.746831
126	16	0.818343
126	17	0.777411
126	18	0.749542
126	19	0.785184
126	20	0.795196
126	21	0
126	22	0.789295
126	23	0.62959
126	24	0.713908
126	25	0
126	26	0.761636
126	27	0.724353
126	28	0.753795
126	29	0.63473
126	30	0.739707
126	31	0.738515
126	32	0.743548
126	33	0
126	34	0.687687
126	35	0.744513
126	36	0.68022
126	37	0.735991
126	38	0.101973
126	39	0.739026
126	40	0.737329
126	41	0.73111
126	42	0.705787
126	43	0.728016
126	44	0.694863
126	45	0.704841
126	46	0.724452
126	47	0.713195
126	48	0.672866
126	49	0.711095
126	50	0.693719
126	51	0.708547
126	52	0.708583
126	53	0.687792
126	54	0.532136
126	55	0.519752
126	56	0.516654
126	57	0
126	58	0
126	59	0
126	60	0
126	61	0
126	62	0.453843
126	63	0.428065
126	64	0.463476
126	65	0.620628
126	66	0.630335
126	67	0.616279
126	68	0.626971
126	69	0.638629
126	70	0.627517
126	71	0.630988
126	72	0.623541
126	73	0.650035
126	74	0.645539
126	75	0.639418
126	76	0.654982
126	77	0.667818
126	78	0.652544
126	79	0.678546
126	80	0.666432
126	81	0.679622
126	82	0.674198
126	83	0.684449
126	84	0.695076
126	85	0.681687
126	86	0.710745
126	87	0.721467
126	88	0.725392
126	89	0.72574
126	90	0.71166
126	91	0.726781
126	92	0.738638
126	93	0.741885
126	94	0.730521
126	95	0.750245
126	96	0.743999
126	97	0.746101
126	98	0.788144
126	99	0.761739
126	100	0.767955
126	101	0.763545
126	102	0.774403
126	103	0.790614
126	104	0.817747
126	105	0.807213
126	106	0.820484
126	107	0.824675
126	108	0.858699
126	109	0.852147
126	110	0.821925
126	111	0.821741
126	112	0.821367
126	113	0.868092
126	114	0.863035
126	115	0.860305
126	116	0.884025
126	117	0.832322
126	118	0.873342
126	119	0.847873
126	120	0.816338
126	121	0.80849
126	122	0.822734
126	123	0.857754
126	124	0.831094
126	125	0.837794
126	127	0
126	128	0.83732
126	129	0.963425
126	130	0.924964
126	131	0.92477
126	132	0.9193
126	133	0.818482
126	134	0.807292
126	135	0.911021
126	136	0.90388
126	137	0.749706
126	138	0.754191
126	139	0.777893
126	140	0.777413
126	141	0.758356
126	142	0.723708
126	143	0.633918
126	144	0.664712
126	145	0.722005
126	146	0.645342
126	147	0.757197
126	148	0.696412
126	149	0.688731
126	150	0.642619
126	151	0.659498
126	152	0.653984
126	153	0.64917
126	154	0.726621
126	155	0.671699
126	156	0.740329
126	157	0.680573
126	158	0.647694
126	159	0.651914
126	160	0.732107
126	161	0.686939
126	162	0.638216
126	163	0.729502
126	164	0.705808
126	165	0.72753
126	166	0.626967
126	167	0.626979
126	168	0.702655
126	169	0.694153
126	170	0.710557
126	171	0.670687
126	172	0.620458
126	173	0.675294
126	174	0.699472
126	175	0.6856
126	176	0.682492
126	177	0.709468
126	178	0.517786
126	179	0.527392
126	180	0.520741
126	181	0.522442
126	182	0.506694
126	183	0.510189
126	184	0.511553
126	185	0.513285
126	186	0.508091
126	187	0
126	188	0
126	189	0
126	190	0
126	191	0
126	192	0
126	193	0
126	194	0
126	195	0
126	196	0
126	197	0
126	198	0
126	199	0
126	200	0
126	201	0
126	202	0
126	203	0
126	204	0
126	205	0
126	206	0
126	207	0.345815
126	208	0.335261
126	209	0.480936
126	210	0.349562
126	211	0.44048
126	212	0.405761
126	213	0.366603
126	214	0.331468
126	215	0.351117
126	216	0.347542
126	217	0.330411
126	218	0.158675
126	219	0.354734
126	220	0.168924
126	221	0.316994
126	222	0.315245
126	223	0.171135
126	224	0.186513
126	225	0.184854
126	226	0.181328
126	227	0.19567
126	228	0.171279
126	229	0.191158
126	230	0.186235
126	231	0.171975
126	232	0.17248
126	233	0.206226
126	234	0.188997
126	235	0.62847
126	236	0.22063
126	237	0.219037
126	238	0.236898
126	239	0.237791
126	240	0
126	241	0.709074
126	242	0.705859
126	243	0.873301
126	244	0.863323
126	245	0.851041
126	246	0.845238
126	247	0.823489
126	248	0.801736
126	249	0.89662
126	250	0
126	251	0.885438
126	252	0.827272
126	253	0.809508
126	254	0.901115
126	255	0.815949
126	256	0.850523
127	1	0.87057
127	2	0.793601
127	3	0.875592
127	4	0.831843
127	5	0.86695
127	6	0.875489
127	7	0.858174
127	8	0.867843
127	9	0.829576
127	10	0.841263
127	11	0.727061
127	12	0.760719
127	13	0.805646
127	14	0.717747
127	15	0.802284
127	16	0.79663
127	17	0.818785
127	18	0.799349
127	19	0.770044
127	20	0.751504
127	21	0
127	22	0.796244
127	23	0.607241
127	24	0.754659
127	25	0
127	26	0.723265
127	27	0.690761
127	28	0.716501
127	29	0.671064
127	30	0.708747
127	31	0.709019
127	32	0.72304
127	33	0
127	34	0.663276
127	35	0.729283
127	36	0.656074
127	37	0.71252
127	38	0.10781
127	39	0.722341
127	40	0.722108
127	41	0.713154
127	42	0.68307
127	43	0.71363
127	44	0.686914
127	45	0.696778
127	46	0.710136
127	47	0.705036
127	48	0.651357
127	49	0.702961
127	50	0.68004
127	51	0.69799
127	52	0.699849
127	53	0.679314
127	54	0.517287
127	55	0.505248
127	56	0.502236
127	57	0
127	58	0
127	59	0
127	60	0
127	61	0
127	62	0.58766
127	63	0.554282
127	64	0.600134
127	65	0.803623
127	66	0.816191
127	67	0.797991
127	68	0.811836
127	69	0.826932
127	70	0.812543
127	71	0.817037
127	72	0.807394
127	73	0.841701
127	74	0.835879
127	75	0.827953
127	76	0.848106
127	77	0.864726
127	78	0.844949
127	79	0.878618
127	80	0.862932
127	81	0.880011
127	82	0.872987
127	83	0.886262
127	84	0.900022
127	85	0.882685
127	86	0.967182
127	87	0.981773
127	88	0.975176
127	89	0.941444
127	90	0.956716
127	91	0.953904
127	92	0.983792
127	93	0.972599
127	94	0.991098
127	95	0.947616
127	96	0.93108
127	97	0.976953
127	98	0.862902
127	99	0.962741
127	100	0.954987
127	101	0.954471
127	102	0.947997
127	103	0.836438
127	104	0.801963
127	105	0.894027
127	106	0.783719
127	107	0.722284
127	108	0.750328
127	109	0.751713
127	110	0.876215
127	111	0.880254
127	112	0.880333
127	113	0.788741
127	114	0.736647
127	115	0.851742
127	116	0.827154
127	117	0.878657
127	118	0.838895
127	119	0.86585
127	120	0.882454
127	121	0.88042
127	122	0.876751
127	123	0.851339
127	124	0.862701
127	125	0.859994
127	126	0.734132
127	128	0.849246
127	129	0.755738
127	130	0.726619
127	131	0.72542
127	132	0.72113
127	133	0.816544
127	134	0.828997
127	135	0.718378
127	136	0.717056
127	137	0.807283
127	138	0.745864
127	139	0.799624
127	140	0.740544
127	141	0.772706
127	142	0.765338
127	143	0.670383
127	144	0.702948
127	145	0.692588
127	146	0.682464
127	147	0.729174
127	148	0.720769
127	149	0.72793
127	150	0.679584
127	151	0.697434
127	152	0.691603
127	153	0.686512
127	154	0.699041
127	155	0.664649
127	156	0.71912
127	157	0.67343
127	158	0.684951
127	159	0.679509
127	160	0.709209
127	161	0.665615
127	162	0.674928
127	163	0.721846
127	164	0.683585
127	165	0.714115
127	166	0.663032
127	167	0.663045
127	168	0.685859
127	169	0.675114
127	170	0.695567
127	171	0.649867
127	172	0.656149
127	173	0.654331
127	174	0.68709
127	175	0.667463
127	176	0.669065
127	177	0.702022
127	178	0.504089
127	179	0.513441
127	180	0.506966
127	181	0.508621
127	182	0.49329
127	183	0.496692
127	184	0.498021
127	185	0.499707
127	186	0.49465
127	187	0
127	188	0
127	189	0
127	190	0
127	191	0
127	192	0
127	193	0
127	194	0
127	195	0
127	196	0
127	197	0
127	198	0
127	199	0
127	200	0
127	201	0
127	202	0
127	203	0
127	204	0
127	205	0
127	206	0
127	207	0.44778
127	208	0.434115
127	209	0.622742
127	210	0.452632
127	211	0.570358
127	212	0.525401
127	213	0.474698
127	214	0.429202
127	215	0.454646
127	216	0.450016
127	217	0.427834
127	218	0.205461
127	219	0.459328
127	220	0.218732
127	221	0.410461
127	222	0.408197
127	223	0.221595
127	224	0.241507
127	225	0.239359
127	226	0.234794
127	227	0.253364
127	228	0.221782
127	229	0.247522
127	230	0.241148
127	231	0.222683
127	232	0.223337
127	233	0.267033
127	234	0.244724
127	235	0.813777
127	236	0.285684
127	237	0.283621
127	238	0.306748
127	239	0.307905
127	240	0
127	241	0.963209
127	242	0.959038
127	243	0.818893
127	244	0.750416
127	245	0.835003
127	246	0.854074
127	247	0.870899
127	248	0.892505
127	249	0.750139
127	250	0
127	251	0.80014
127	252	0.878157
127	253	0.887196
127	254	0.774714
127	255	0.888907
127	256	0.859243
128	1	0.947226
128	2	0.928468
128	3	0.90741
128	4	0.92812
128	5	0.970851
128	6	0.947112
128	7	0.907319
128	8	0.935585
128	9	0.882109
128	10	0.901182
128	11	0.829255
128	12	0.821589
128	13	0.883353
128	14	0.828488
128	15	0.879666
128	16	0.937981
128	17	0.91
128	18	0.878632
128	19	0.906678
128	20	0.884849
128	21	0
128	22	0.917708
128	23	0.698888
128	24	0.835666
128	25	0
128	26	0.842247
128	27	0.801018
128	28	0.833576
128	29	0.742984
128	30	0.817997
128	31	0.817509
128	32	0.833676
128	33	0
128	34	0.76338
128	35	0.840874
128	36	0.755091
128	37	0.820899
128	38	0.119365
128	39	0.83287
128	40	0.832601
128	41	0.822278
128	42	0.786654
128	43	0.822826
128	44	0.790902
128	45	0.802259
128	46	0.818798
128	47	0.811768
128	48	0.750365
128	49	0.809378
128	50	0.783849
128	51	0.803372
128	52	0.805511
128	53	0.781876
128	54	0.595916
128	55	0.582048
128	56	0.578578
128	57	0
128	58	0
128	59	0
128	60	0
128	61	0
128	62	0.523336
128	63	0.493611
128	64	0.534445
128	65	0.71566
128	66	0.726852
128	67	0.710644
128	68	0.722973
128	69	0.736417
128	70	0.723603
128	71	0.727605
128	72	0.719018
128	73	0.74957
128	74	0.744384
128	75	0.737326
128	76	0.755273
128	77	0.770075
128	78	0.752462
128	79	0.782446
128	80	0.768477
128	81	0.783687
128	82	0.777431
128	83	0.789253
128	84	0.801507
128	85	0.786067
128	86	0.822192
128	87	0.834596
128	88	0.839005
128	89	0.836866
128	90	0.823123
128	91	0.84004
128	92	0.854458
128	93	0.858081
128	94	0.84507
128	95	0.865364
128	96	0.857921
128	97	0.863092
128	98	0.941041
128	99	0.881182
128	100	0.888373
128	101	0.883271
128	102	0.895832
128	103	0.851891
128	104	0.839566
128	105	0.914478
128	106	0.841473
128	107	0.798851
128	108	0.829867
128	109	0.831399
128	110	0.902097
128	111	0.912156
128	112	0.926086
128	113	0.872352
128	114	0.814735
128	115	0.936936
128	116	0.914837
128	117	0.949036
128	118	0.927823
128	119	0.953245
128	120	0.961086
128	121	0.958072
128	122	0.968618
128	123	0.957502
128	124	0.96261
128	125	0.987072
128	126	0.83732
128	127	0
128	129	0.861963
128	130	0.829123
128	131	0.827384
128	132	0.82249
128	133	0.956548
128	134	0.945056
128	135	0.824648
128	136	0.832539
128	137	0.883053
128	138	0.857957
128	139	0.909048
128	140	0.862246
128	141	0.881736
128	142	0.847138
128	143	0.742034
128	144	0.77808
128	145	0.798422
128	146	0.755406
128	147	0.838759
128	148	0.807756
128	149	0.805731
128	150	0.752219
128	151	0.771976
128	152	0.765521
128	153	0.759886
128	154	0.804097
128	155	0.764537
128	156	0.827194
128	157	0.774637
128	158	0.758159
128	159	0.752136
128	160	0.815793
128	161	0.765647
128	162	0.747064
128	163	0.830329
128	164	0.786319
128	165	0.821437
128	166	0.733898
128	167	0.733911
128	168	0.788934
128	169	0.776575
128	170	0.800101
128	171	0.747533
128	172	0.726278
128	173	0.752668
128	174	0.79035
128	175	0.767774
128	176	0.769617
128	177	0.807526
128	178	0.579846
128	179	0.590604
128	180	0.583156
128	181	0.58506
128	182	0.567425
128	183	0.571338
128	184	0.572867
128	185	0.574806
128	186	0.568989
128	187	0
128	188	0
128	189	0
128	190	0
128	191	0
128	192	0
128	193	0
128	194	0
128	195	0
128	196	0
128	197	0
128	198	0
128	199	0
128	200	0
128	201	0
128	202	0
128	203	0
128	204	0
128	205	0
128	206	0
128	207	0.398766
128	208	0.386597
128	209	0.554577
128	210	0.403087
128	211	0.507927
128	212	0.467891
128	213	0.422738
128	214	0.382222
128	215	0.404881
128	216	0.400758
128	217	0.381004
128	218	0.182972
128	219	0.409051
128	220	0.19479
128	221	0.365532
128	222	0.363516
128	223	0.197339
128	224	0.215072
128	225	0.213159
128	226	0.209094
128	227	0.225631
128	228	0.197506
128	229	0.220428
128	230	0.214752
128	231	0.198308
128	232	0.19889
128	233	0.237804
128	234	0.217937
128	235	0.724702
128	236	0.254414
128	237	0.252576
128	238	0.273172
128	239	0.274202
128	240	0
128	241	0.820259
128	242	0.81654
128	243	0.903948
128	244	0.829965
128	245	0.893232
128	246	0.921156
128	247	0.927791
128	248	0.944697
128	249	0.829658
128	250	0
128	251	0.884959
128	252	0.954627
128	253	0.953045
128	254	0.856838
128	255	0.952531
128	256	0.940169
129	1	0.821706
129	2	0.884065
129	3	0.782345
129	4	0.903587
129	5	0.848181
129	6	0.816575
129	7	0.782267
129	8	0.806636
129	9	0.760799
129	10	0.778202
129	11	0.961701
129	12	0.718052
129	13	0.772033
129	14	0.944435
129	15	0.768811
129	16	0.842432
129	17	0.800291
129	18	0.771601
129	19	0.808293
129	20	0.818603
129	21	0
129	22	0.812524
129	23	0.648122
129	24	0.734919
129	25	0
129	26	0.784056
129	27	0.745675
129	28	0.775983
129	29	0.653411
129	30	0.761481
129	31	0.760254
129	32	0.765435
129	33	0
129	34	0.70793
129	35	0.766429
129	36	0.700243
129	37	0.757655
129	38	0.104974
129	39	0.76078
129	40	0.759033
129	41	0.752631
129	42	0.726562
129	43	0.749446
129	44	0.715317
129	45	0.725588
129	46	0.745777
129	47	0.734188
129	48	0.692673
129	49	0.732027
129	50	0.714139
129	51	0.729404
129	52	0.72944
129	53	0.708038
129	54	0.5478
129	55	0.535052
129	56	0.531862
129	57	0
129	58	0
129	59	0
129	60	0
129	61	0
129	62	0.4672
129	63	0.440664
129	64	0.477117
129	65	0.638894
129	66	0.648886
129	67	0.634416
129	68	0.645423
129	69	0.657425
129	70	0.645986
129	71	0.649558
129	72	0.641892
129	73	0.669167
129	74	0.664538
129	75	0.658236
129	76	0.674259
129	77	0.687472
129	78	0.671749
129	79	0.698516
129	80	0.686046
129	81	0.699624
129	82	0.69404
129	83	0.704594
129	84	0.715533
129	85	0.701749
129	86	0.731663
129	87	0.742701
129	88	0.746741
129	89	0.747099
129	90	0.732605
129	91	0.748171
129	92	0.760376
129	93	0.763719
129	94	0.752021
129	95	0.772325
129	96	0.765895
129	97	0.76806
129	98	0.81134
129	99	0.784157
129	100	0.790557
129	101	0.786017
129	102	0.797194
129	103	0.809843
129	104	0.835701
129	105	0.83097
129	106	0.837598
129	107	0.819485
129	108	0.852288
129	109	0.848423
129	110	0.841915
129	111	0.841727
129	112	0.845541
129	113	0.887457
129	114	0.848996
129	115	0.881229
129	116	0.905527
129	117	0.856818
129	118	0.894583
129	119	0.872827
129	120	0.840363
129	121	0.832285
129	122	0.846948
129	123	0.882999
129	124	0.855554
129	125	0.862451
129	126	0.963425
129	127	0
129	128	0.861963
129	130	0.959732
129	131	0.95953
129	132	0.953855
129	133	0.842571
129	134	0.831051
129	135	0.945265
129	136	0.937855
129	137	0.771771
129	138	0.776392
129	139	0.800788
129	140	0.800297
129	141	0.780675
129	142	0.745008
129	143	0.652575
129	144	0.684275
129	145	0.743258
129	146	0.664335
129	147	0.779486
129	148	0.716912
129	149	0.709005
129	150	0.661532
129	151	0.678907
129	152	0.673231
129	153	0.668275
129	154	0.748009
129	155	0.691471
129	156	0.762121
129	157	0.700606
129	158	0.666756
129	159	0.671103
129	160	0.753657
129	161	0.70716
129	162	0.656999
129	163	0.750976
129	164	0.726584
129	165	0.748945
129	166	0.64542
129	167	0.645432
129	168	0.723338
129	169	0.714586
129	170	0.731473
129	171	0.690429
129	172	0.638719
129	173	0.695172
129	174	0.720062
129	175	0.705781
129	176	0.702582
129	177	0.730352
129	178	0.533027
129	179	0.542916
129	180	0.53607
129	181	0.53782
129	182	0.521609
129	183	0.525206
129	184	0.526611
129	185	0.528394
129	186	0.523047
129	187	0
129	188	0
129	189	0
129	190	0
129	191	0
129	192	0
129	193	0
129	194	0
129	195	0
129	196	0
129	197	0
129	198	0
129	199	0
129	200	0
129	201	0
129	202	0
129	203	0
129	204	0
129	205	0
129	206	0
129	207	0.355992
129	208	0.345128
129	209	0.49509
129	210	0.35985
129	211	0.453444
129	212	0.417702
129	213	0.377393
129	214	0.341223
129	215	0.361451
129	216	0.357771
129	217	0.340136
129	218	0.163345
129	219	0.365174
129	220	0.173896
129	221	0.326323
129	222	0.324523
129	223	0.176172
129	224	0.192002
129	225	0.190295
129	226	0.186665
129	227	0.201428
129	228	0.17632
129	229	0.196784
129	230	0.191717
129	231	0.177037
129	232	0.177556
129	233	0.212296
129	234	0.19456
129	235	0.646966
129	236	0.227124
129	237	0.225483
129	238	0.24387
129	239	0.244789
129	240	0
129	241	0.729942
129	242	0.726633
129	243	0.894541
129	244	0.856878
129	245	0.87174
129	246	0.865795
129	247	0.847725
129	248	0.825332
129	249	0.882036
129	250	0
129	251	0.906974
129	252	0.851619
129	253	0.833332
129	254	0.909933
129	255	0.839963
129	256	0.873403
130	1	0.790045
130	2	0.873324
130	3	0.752538
130	4	0.868771
130	5	0.815499
130	6	0.785464
130	7	0.752463
130	8	0.775905
130	9	0.736487
130	10	0.753334
130	11	0.992923
130	12	0.700979
130	13	0.753676
130	14	0.981576
130	15	0.750531
130	16	0.838506
130	17	0.781262
130	18	0.753255
130	19	0.803786
130	20	0.827528
130	21	0
130	22	0.804583
130	23	0.658918
130	24	0.718407
130	25	0
130	26	0.797115
130	27	0.758095
130	28	0.788909
130	29	0.63873
130	30	0.774165
130	31	0.772917
130	32	0.778184
130	33	0
130	34	0.719721
130	35	0.775681
130	36	0.711906
130	37	0.770275
130	38	0.102616
130	39	0.773452
130	40	0.771227
130	41	0.765167
130	42	0.738664
130	43	0.759052
130	44	0.723034
130	45	0.733416
130	46	0.753823
130	47	0.742109
130	48	0.70421
130	49	0.739924
130	50	0.726034
130	51	0.737274
130	52	0.73731
130	53	0.715676
130	54	0.556924
130	55	0.543964
130	56	0.540721
130	57	0
130	58	0
130	59	0
130	60	0
130	61	0
130	62	0.449198
130	63	0.423684
130	64	0.458733
130	65	0.614277
130	66	0.623884
130	67	0.609972
130	68	0.620554
130	69	0.632094
130	70	0.621095
130	71	0.62453
130	72	0.61716
130	73	0.643383
130	74	0.638932
130	75	0.632874
130	76	0.648279
130	77	0.660983
130	78	0.645866
130	79	0.671602
130	80	0.659612
130	81	0.672667
130	82	0.667298
130	83	0.677445
130	84	0.687963
130	85	0.67471
130	86	0.703471
130	87	0.714084
130	88	0.717968
130	89	0.718312
130	90	0.704377
130	91	0.719344
130	92	0.731078
130	93	0.734292
130	94	0.723045
130	95	0.742567
130	96	0.736385
130	97	0.738466
130	98	0.780979
130	99	0.753943
130	100	0.760096
130	101	0.755731
130	102	0.766478
130	103	0.778639
130	104	0.8035
130	105	0.798952
130	106	0.805325
130	107	0.786774
130	108	0.818268
130	109	0.814557
130	110	0.809476
130	111	0.809295
130	112	0.812962
130	113	0.853262
130	114	0.815108
130	115	0.847275
130	116	0.870636
130	117	0.823804
130	118	0.860114
130	119	0.839196
130	120	0.807983
130	121	0.800216
130	122	0.814315
130	123	0.848976
130	124	0.822588
130	125	0.82922
130	126	0.924964
130	127	0
130	128	0.829123
130	129	0.959732
130	131	0.990783
130	132	0.989171
130	133	0.822662
130	134	0.810124
130	135	0.982439
130	136	0.974738
130	137	0.75342
130	138	0.784768
130	139	0.788128
130	140	0.813274
130	141	0.772185
130	142	0.728269
130	143	0.637913
130	144	0.668901
130	145	0.755638
130	146	0.649408
130	147	0.79247
130	148	0.724647
130	149	0.716654
130	150	0.646668
130	151	0.663653
130	152	0.666976
130	153	0.658146
130	154	0.760469
130	155	0.698931
130	156	0.774815
130	157	0.708165
130	158	0.668259
130	159	0.678344
130	160	0.766211
130	161	0.718939
130	162	0.642237
130	163	0.759078
130	164	0.738687
130	165	0.76142
130	166	0.630918
130	167	0.63093
130	168	0.735387
130	169	0.726489
130	170	0.743657
130	171	0.701929
130	172	0.624368
130	173	0.706751
130	174	0.732056
130	175	0.717537
130	176	0.714285
130	177	0.738232
130	178	0.541906
130	179	0.55196
130	180	0.544999
130	181	0.546779
130	182	0.530297
130	183	0.533955
130	184	0.535383
130	185	0.537195
130	186	0.531759
130	187	0
130	188	0
130	189	0
130	190	0
130	191	0
130	192	0
130	193	0
130	194	0
130	195	0
130	196	0
130	197	0
130	198	0
130	199	0
130	200	0
130	201	0
130	202	0
130	203	0
130	204	0
130	205	0
130	206	0
130	207	0.342276
130	208	0.33183
130	209	0.476014
130	210	0.345984
130	211	0.435973
130	212	0.401608
130	213	0.362852
130	214	0.328075
130	215	0.347524
130	216	0.343985
130	217	0.32703
130	218	0.157051
130	219	0.351103
130	220	0.167196
130	221	0.31375
130	222	0.312019
130	223	0.169383
130	224	0.184604
130	225	0.182962
130	226	0.179473
130	227	0.193667
130	228	0.169527
130	229	0.189202
130	230	0.18433
130	231	0.170215
130	232	0.170715
130	233	0.204116
130	234	0.187063
130	235	0.622038
130	236	0.218372
130	237	0.216795
130	238	0.234474
130	239	0.235357
130	240	0
130	241	0.701817
130	242	0.698635
130	243	0.860073
130	244	0.822675
130	245	0.838151
130	246	0.832435
130	247	0.815061
130	248	0.793531
130	249	0.846828
130	250	0
130	251	0.872027
130	252	0.818806
130	253	0.801223
130	254	0.873612
130	255	0.807599
130	256	0.83975
131	1	0.788742
131	2	0.865745
131	3	0.750959
131	4	0.867337
131	5	0.814154
131	6	0.783816
131	7	0.750884
131	8	0.774276
131	9	0.730278
131	10	0.746983
131	11	0.996092
131	12	0.694896
131	13	0.747136
131	14	0.977056
131	15	0.744018
131	16	0.833052
131	17	0.774483
131	18	0.746718
131	19	0.798558
131	20	0.822146
131	21	0
131	22	0.79935
131	23	0.654632
131	24	0.713734
131	25	0
131	26	0.791931
131	27	0.753164
131	28	0.783777
131	29	0.634575
131	30	0.769129
131	31	0.76789
131	32	0.773123
131	33	0
131	34	0.71504
131	35	0.770636
131	36	0.707276
131	37	0.765265
131	38	0.101948
131	39	0.768421
131	40	0.766211
131	41	0.76019
131	42	0.73386
131	43	0.754115
131	44	0.718331
131	45	0.728646
131	46	0.74892
131	47	0.737283
131	48	0.69963
131	49	0.735112
131	50	0.721312
131	51	0.732478
131	52	0.732515
131	53	0.711022
131	54	0.553302
131	55	0.540426
131	56	0.537204
131	57	0
131	58	0
131	59	0
131	60	0
131	61	0
131	62	0.448457
131	63	0.422985
131	64	0.457976
131	65	0.613263
131	66	0.622854
131	67	0.608965
131	68	0.61953
131	69	0.631051
131	70	0.62007
131	71	0.6235
131	72	0.616141
131	73	0.642322
131	74	0.637878
131	75	0.63183
131	76	0.647209
131	77	0.659893
131	78	0.6448
131	79	0.670494
131	80	0.658523
131	81	0.671557
131	82	0.666197
131	83	0.676327
131	84	0.686827
131	85	0.673597
131	86	0.70231
131	87	0.712906
131	88	0.716784
131	89	0.717127
131	90	0.703215
131	91	0.718157
131	92	0.729872
131	93	0.733081
131	94	0.721852
131	95	0.741342
131	96	0.73517
131	97	0.737247
131	98	0.778791
131	99	0.752699
131	100	0.758842
131	101	0.754484
131	102	0.765213
131	103	0.777354
131	104	0.802175
131	105	0.797634
131	106	0.803996
131	107	0.786609
131	108	0.818097
131	109	0.814386
131	110	0.80814
131	111	0.80796
131	112	0.81162
131	113	0.851855
131	114	0.814937
131	115	0.845877
131	116	0.869199
131	117	0.822445
131	118	0.858695
131	119	0.837812
131	120	0.80665
131	121	0.798896
131	122	0.812971
131	123	0.847575
131	124	0.821231
131	125	0.827852
131	126	0.92477
131	127	0
131	128	0.827384
131	129	0.95953
131	130	0.990783
131	132	0.99099
131	133	0.815523
131	134	0.803094
131	135	0.980313
131	136	0.97025
131	137	0.746882
131	138	0.779664
131	139	0.781289
131	140	0.807984
131	141	0.767163
131	142	0.723532
131	143	0.633763
131	144	0.66455
131	145	0.750723
131	146	0.645185
131	147	0.787315
131	148	0.719933
131	149	0.711993
131	150	0.642462
131	151	0.659337
131	152	0.662638
131	153	0.653865
131	154	0.755522
131	155	0.694385
131	156	0.769776
131	157	0.703559
131	158	0.663912
131	159	0.673931
131	160	0.761227
131	161	0.714262
131	162	0.63806
131	163	0.754141
131	164	0.733882
131	165	0.756468
131	166	0.626815
131	167	0.626826
131	168	0.730604
131	169	0.721763
131	170	0.73882
131	171	0.697364
131	172	0.620307
131	173	0.702155
131	174	0.727294
131	175	0.71287
131	176	0.709639
131	177	0.73343
131	178	0.538381
131	179	0.54837
131	180	0.541454
131	181	0.543222
131	182	0.526848
131	183	0.530482
131	184	0.531901
131	185	0.533701
131	186	0.528301
131	187	0
131	188	0
131	189	0
131	190	0
131	191	0
131	192	0
131	193	0
131	194	0
131	195	0
131	196	0
131	197	0
131	198	0
131	199	0
131	200	0
131	201	0
131	202	0
131	203	0
131	204	0
131	205	0
131	206	0
131	207	0.341711
131	208	0.331283
131	209	0.475229
131	210	0.345413
131	211	0.435253
131	212	0.400945
131	213	0.362253
131	214	0.327534
131	215	0.346951
131	216	0.343418
131	217	0.32649
131	218	0.156792
131	219	0.350524
131	220	0.16692
131	221	0.313232
131	222	0.311504
131	223	0.169104
131	224	0.184299
131	225	0.18266
131	226	0.179177
131	227	0.193348
131	228	0.169247
131	229	0.18889
131	230	0.184025
131	231	0.169934
131	232	0.170433
131	233	0.203779
131	234	0.186754
131	235	0.621012
131	236	0.218012
131	237	0.216437
131	238	0.234087
131	239	0.234969
131	240	0
131	241	0.700659
131	242	0.697482
131	243	0.858654
131	244	0.822502
131	245	0.836768
131	246	0.831062
131	247	0.813717
131	248	0.792222
131	249	0.846651
131	250	0
131	251	0.870588
131	252	0.817455
131	253	0.799901
131	254	0.873429
131	255	0.806266
131	256	0.838364
132	1	0.784077
132	2	0.86569
132	3	0.746518
132	4	0.862208
132	5	0.809339
132	6	0.77918
132	7	0.746443
132	8	0.769697
132	9	0.732595
132	10	0.749353
132	11	0.991112
132	12	0.698567
132	13	0.751083
132	14	0.98529
132	15	0.747949
132	16	0.838584
132	17	0.778575
132	18	0.750663
132	19	0.803861
132	20	0.827606
132	21	0
132	22	0.804658
132	23	0.658979
132	24	0.718474
132	25	0
132	26	0.79719
132	27	0.758166
132	28	0.788982
132	29	0.638789
132	30	0.774237
132	31	0.77299
132	32	0.778257
132	33	0
132	34	0.719789
132	35	0.775753
132	36	0.711973
132	37	0.770348
132	38	0.102625
132	39	0.773524
132	40	0.771299
132	41	0.765239
132	42	0.738733
132	43	0.759123
132	44	0.723102
132	45	0.733485
132	46	0.753893
132	47	0.742179
132	48	0.704276
132	49	0.739994
132	50	0.726102
132	51	0.737343
132	52	0.737379
132	53	0.715743
132	54	0.556977
132	55	0.544015
132	56	0.540771
132	57	0
132	58	0
132	59	0
132	60	0
132	61	0
132	62	0.445805
132	63	0.420484
132	64	0.455268
132	65	0.609636
132	66	0.619171
132	67	0.605364
132	68	0.615866
132	69	0.627319
132	70	0.616403
132	71	0.619812
132	72	0.612497
132	73	0.638523
132	74	0.634106
132	75	0.628093
132	76	0.643381
132	77	0.65599
132	78	0.640987
132	79	0.666528
132	80	0.654629
132	81	0.667585
132	82	0.662257
132	83	0.672327
132	84	0.682765
132	85	0.669613
132	86	0.698157
132	87	0.708689
132	88	0.712544
132	89	0.712886
132	90	0.699056
132	91	0.713909
132	92	0.725556
132	93	0.728745
132	94	0.717583
132	95	0.736957
132	96	0.730822
132	97	0.732887
132	98	0.774185
132	99	0.748248
132	100	0.754354
132	101	0.750022
132	102	0.760687
132	103	0.772756
132	104	0.79743
132	105	0.792916
132	106	0.799241
132	107	0.781957
132	108	0.813258
132	109	0.80957
132	110	0.80336
132	111	0.803181
132	112	0.80682
132	113	0.846817
132	114	0.810117
132	115	0.840874
132	116	0.864059
132	117	0.817581
132	118	0.853616
132	119	0.832857
132	120	0.801879
132	121	0.794171
132	122	0.808163
132	123	0.842562
132	124	0.816374
132	125	0.822956
132	126	0.9193
132	127	0
132	128	0.82249
132	129	0.953855
132	130	0.989171
132	131	0.99099
132	133	0.819202
132	134	0.806525
132	135	0.988575
132	136	0.978426
132	137	0.750828
132	138	0.784841
132	139	0.785955
132	140	0.81335
132	141	0.772257
132	142	0.728337
132	143	0.637972
132	144	0.668963
132	145	0.755709
132	146	0.649469
132	147	0.792544
132	148	0.724714
132	149	0.716721
132	150	0.646729
132	151	0.663716
132	152	0.667038
132	153	0.658207
132	154	0.76054
132	155	0.698997
132	156	0.774888
132	157	0.708231
132	158	0.668321
132	159	0.678407
132	160	0.766282
132	161	0.719006
132	162	0.642297
132	163	0.759149
132	164	0.738756
132	165	0.761491
132	166	0.630977
132	167	0.630989
132	168	0.735455
132	169	0.726557
132	170	0.743726
132	171	0.701995
132	172	0.624426
132	173	0.706818
132	174	0.732124
132	175	0.717604
132	176	0.714352
132	177	0.738301
132	178	0.541956
132	179	0.552011
132	180	0.54505
132	181	0.54683
132	182	0.530347
132	183	0.534005
132	184	0.535433
132	185	0.537245
132	186	0.531809
132	187	0
132	188	0
132	189	0
132	190	0
132	191	0
132	192	0
132	193	0
132	194	0
132	195	0
132	196	0
132	197	0
132	198	0
132	199	0
132	200	0
132	201	0
132	202	0
132	203	0
132	204	0
132	205	0
132	206	0
132	207	0.33969
132	208	0.329323
132	209	0.472418
132	210	0.343371
132	211	0.432679
132	212	0.398574
132	213	0.36011
132	214	0.325597
132	215	0.344899
132	216	0.341387
132	217	0.324559
132	218	0.155865
132	219	0.348451
132	220	0.165932
132	221	0.311379
132	222	0.309662
132	223	0.168104
132	224	0.183209
132	225	0.18158
132	226	0.178117
132	227	0.192204
132	228	0.168246
132	229	0.187772
132	230	0.182937
132	231	0.168929
132	232	0.169425
132	233	0.202574
132	234	0.18565
132	235	0.617339
132	236	0.216723
132	237	0.215157
132	238	0.232702
132	239	0.233579
132	240	0
132	241	0.696515
132	242	0.693357
132	243	0.853576
132	244	0.817638
132	245	0.831819
132	246	0.826147
132	247	0.808904
132	248	0.787536
132	249	0.841644
132	250	0
132	251	0.865439
132	252	0.81262
132	253	0.79517
132	254	0.868263
132	255	0.801498
132	256	0.833406
133	1	0.910799
133	2	0.935962
133	3	0.895079
133	4	0.889944
133	5	0.929718
133	6	0.924095
133	7	0.909156
133	8	0.934576
133	9	0.893311
133	10	0.913745
133	11	0.817261
133	12	0.850893
133	13	0.91486
133	14	0.828707
133	15	0.911042
133	16	0.9725
133	17	0.948346
133	18	0.914349
133	19	0.941974
133	20	0.912244
133	21	0
133	22	0.956387
133	23	0.728344
133	24	0.870881
133	25	0
133	26	0.869084
133	27	0.830027
133	28	0.860425
133	29	0.774293
133	30	0.851639
133	31	0.851965
133	32	0.868814
133	33	0
133	34	0.795555
133	35	0.876315
133	36	0.786916
133	37	0.855498
133	38	0.124395
133	39	0.867973
133	40	0.867693
133	41	0.856935
133	42	0.81981
133	43	0.857506
133	44	0.824236
133	45	0.836072
133	46	0.853308
133	47	0.845982
133	48	0.781991
133	49	0.843491
133	50	0.816886
133	51	0.837232
133	52	0.839461
133	53	0.81483
133	54	0.621033
133	55	0.60658
133	56	0.602964
133	57	0
133	58	0
133	59	0
133	60	0
133	61	0
133	62	0.500629
133	63	0.472194
133	64	0.511256
133	65	0.684608
133	66	0.695315
133	67	0.67981
133	68	0.691604
133	69	0.704465
133	70	0.692207
133	71	0.696036
133	72	0.687821
133	73	0.717047
133	74	0.712086
133	75	0.705334
133	76	0.722503
133	77	0.736662
133	78	0.719814
133	79	0.748497
133	80	0.735134
133	81	0.749683
133	82	0.7437
133	83	0.755009
133	84	0.76673
133	85	0.751961
133	86	0.791036
133	87	0.80297
133	88	0.802922
133	89	0.800555
133	90	0.787723
133	91	0.803592
133	92	0.818804
133	93	0.82085
133	94	0.816184
133	95	0.827817
133	96	0.820697
133	97	0.833828
133	98	0.943589
133	99	0.842948
133	100	0.849828
133	101	0.849164
133	102	0.856963
133	103	0.816035
133	104	0.805032
133	105	0.8748
133	106	0.80686
133	107	0.765991
133	108	0.795732
133	109	0.797201
133	110	0.862956
133	111	0.872578
133	112	0.885904
133	113	0.836469
133	114	0.781223
133	115	0.898397
133	116	0.877207
133	117	0.907858
133	118	0.889659
133	119	0.912985
133	120	0.919386
133	121	0.918963
133	122	0.92659
133	123	0.918117
133	124	0.920844
133	125	0.944244
133	126	0.818482
133	127	0
133	128	0.956548
133	129	0.842571
133	130	0.822662
133	131	0.815523
133	132	0.819202
133	134	0.983572
133	135	0.824866
133	136	0.832759
133	137	0.91455
133	138	0.894118
133	139	0.947354
133	140	0.888941
133	141	0.918899
133	142	0.882836
133	143	0.773302
133	144	0.810868
133	145	0.830252
133	146	0.787238
133	147	0.87411
133	148	0.841801
133	149	0.839684
133	150	0.783917
133	151	0.804507
133	152	0.79778
133	153	0.791908
133	154	0.837987
133	155	0.79676
133	156	0.862058
133	157	0.807286
133	158	0.790107
133	159	0.78383
133	160	0.850177
133	161	0.797917
133	162	0.778545
133	163	0.865325
133	164	0.81946
133	165	0.856058
133	166	0.764823
133	167	0.764838
133	168	0.822185
133	169	0.809305
133	170	0.833823
133	171	0.77904
133	172	0.756883
133	173	0.784391
133	174	0.823661
133	175	0.800133
133	176	0.802054
133	177	0.841561
133	178	0.604285
133	179	0.615496
133	180	0.607734
133	181	0.609719
133	182	0.591341
133	183	0.595419
133	184	0.597011
133	185	0.599032
133	186	0.592971
133	187	0
133	188	0
133	189	0
133	190	0
133	191	0
133	192	0
133	193	0
133	194	0
133	195	0
133	196	0
133	197	0
133	198	0
133	199	0
133	200	0
133	201	0
133	202	0
133	203	0
133	204	0
133	205	0
133	206	0
133	207	0.381464
133	208	0.369823
133	209	0.530515
133	210	0.385598
133	211	0.485889
133	212	0.44759
133	213	0.404396
133	214	0.365638
133	215	0.387314
133	216	0.38337
133	217	0.364473
133	218	0.175033
133	219	0.391303
133	220	0.186339
133	221	0.349672
133	222	0.347744
133	223	0.188777
133	224	0.20574
133	225	0.203911
133	226	0.200021
133	227	0.215841
133	228	0.188936
133	229	0.210864
133	230	0.205434
133	231	0.189704
133	232	0.190261
133	233	0.227486
133	234	0.208481
133	235	0.693258
133	236	0.243375
133	237	0.241617
133	238	0.26132
133	239	0.262305
133	240	0
133	241	0.789176
133	242	0.785598
133	243	0.866766
133	244	0.795826
133	245	0.856491
133	246	0.882251
133	247	0.887536
133	248	0.905566
133	249	0.795532
133	250	0
133	251	0.848558
133	252	0.913207
133	253	0.911694
133	254	0.821594
133	255	0.911202
133	256	0.900461
134	1	0.922775
134	2	0.921698
134	3	0.908901
134	4	0.879178
134	5	0.92583
134	6	0.938189
134	7	0.924113
134	8	0.949007
134	9	0.908007
134	10	0.928777
134	11	0.804806
134	12	0.861672
134	13	0.926449
134	14	0.815883
134	15	0.922583
134	16	0.957478
134	17	0.957679
134	18	0.923347
134	19	0.927423
134	20	0.898127
134	21	0
134	22	0.955383
134	23	0.727284
134	24	0.879451
134	25	0
134	26	0.867818
134	27	0.828819
134	28	0.859173
134	29	0.781913
134	30	0.850399
134	31	0.850725
134	32	0.867549
134	33	0
134	34	0.794397
134	35	0.875039
134	36	0.785771
134	37	0.854253
134	38	0.125619
134	39	0.866709
134	40	0.86643
134	41	0.855687
134	42	0.818617
134	43	0.856258
134	44	0.823037
134	45	0.834855
134	46	0.852066
134	47	0.844751
134	48	0.780853
134	49	0.842263
134	50	0.815697
134	51	0.836014
134	52	0.83824
134	53	0.813644
134	54	0.620129
134	55	0.605697
134	56	0.602086
134	57	0
134	58	0
134	59	0
134	60	0
134	61	0
134	62	0.501705
134	63	0.473209
134	64	0.512355
134	65	0.686079
134	66	0.696809
134	67	0.681271
134	68	0.693091
134	69	0.705979
134	70	0.693695
134	71	0.697532
134	72	0.689299
134	73	0.718588
134	74	0.713617
134	75	0.70685
134	76	0.724056
134	77	0.738245
134	78	0.721361
134	79	0.750105
134	80	0.736714
134	81	0.751295
134	82	0.745298
134	83	0.756631
134	84	0.768378
134	85	0.753577
134	86	0.8031
134	87	0.815216
134	88	0.815168
134	89	0.802276
134	90	0.799737
134	91	0.810278
134	92	0.831292
134	93	0.828536
134	94	0.828632
134	95	0.829596
134	96	0.822461
134	97	0.846545
134	98	0.95816
134	99	0.852949
134	100	0.859909
134	101	0.862115
134	102	0.867129
134	103	0.806162
134	104	0.795293
134	105	0.866837
134	106	0.797099
134	107	0.756725
134	108	0.786106
134	109	0.787557
134	110	0.853268
134	111	0.862782
134	112	0.875261
134	113	0.82635
134	114	0.771772
134	115	0.887529
134	116	0.866595
134	117	0.897666
134	118	0.878896
134	119	0.90194
134	120	0.911509
134	121	0.917153
134	122	0.918652
134	123	0.90701
134	124	0.90978
134	125	0.932899
134	126	0.807292
134	127	0
134	128	0.945056
134	129	0.831051
134	130	0.810124
134	131	0.803094
134	132	0.806525
134	133	0.983572
134	135	0.812102
134	136	0.819872
134	137	0.926134
134	138	0.892816
134	139	0.9538
134	140	0.886447
134	141	0.92334
134	142	0.891524
134	143	0.780912
134	144	0.818847
134	145	0.829044
134	146	0.794985
134	147	0.872838
134	148	0.840576
134	149	0.847947
134	150	0.791631
134	151	0.812424
134	152	0.805631
134	153	0.799701
134	154	0.836768
134	155	0.795601
134	156	0.860803
134	157	0.806111
134	158	0.797882
134	159	0.791544
134	160	0.848939
134	161	0.796756
134	162	0.786207
134	163	0.864066
134	164	0.818267
134	165	0.854812
134	166	0.77235
134	167	0.772365
134	168	0.820988
134	169	0.808127
134	170	0.832609
134	171	0.777906
134	172	0.764332
134	173	0.783249
134	174	0.822462
134	175	0.798969
134	176	0.800886
134	177	0.840336
134	178	0.603405
134	179	0.6146
134	180	0.60685
134	181	0.608831
134	182	0.59048
134	183	0.594552
134	184	0.596142
134	185	0.59816
134	186	0.592108
134	187	0
134	188	0
134	189	0
134	190	0
134	191	0
134	192	0
134	193	0
134	194	0
134	195	0
134	196	0
134	197	0
134	198	0
134	199	0
134	200	0
134	201	0
134	202	0
134	203	0
134	204	0
134	205	0
134	206	0
134	207	0.382284
134	208	0.370618
134	209	0.531655
134	210	0.386426
134	211	0.486933
134	212	0.448552
134	213	0.405265
134	214	0.366424
134	215	0.388146
134	216	0.384194
134	217	0.365256
134	218	0.175409
134	219	0.392144
134	220	0.186739
134	221	0.350424
134	222	0.348491
134	223	0.189183
134	224	0.206182
134	225	0.204349
134	226	0.200451
134	227	0.216305
134	228	0.189343
134	229	0.211318
134	230	0.205876
134	231	0.190112
134	232	0.19067
134	233	0.227975
134	234	0.208929
134	235	0.694748
134	236	0.243898
134	237	0.242136
134	238	0.261881
134	239	0.262868
134	240	0
134	241	0.801212
134	242	0.797579
134	243	0.85628
134	244	0.786198
134	245	0.846129
134	246	0.871577
134	247	0.876872
134	248	0.905451
134	249	0.785908
134	250	0
134	251	0.838292
134	252	0.902955
134	253	0.904434
134	254	0.811654
134	255	0.901183
134	256	0.889567
135	1	0.785689
135	2	0.871675
135	3	0.748476
135	4	0.858918
135	5	0.811003
135	6	0.781224
135	7	0.750745
135	8	0.771998
135	9	0.737661
135	10	0.754534
135	11	0.980434
135	12	0.703397
135	13	0.756276
135	14	0.994639
135	15	0.75312
135	16	0.844382
135	17	0.783958
135	18	0.755854
135	19	0.809419
135	20	0.833328
135	21	0
135	22	0.810221
135	23	0.663535
135	24	0.723442
135	25	0
135	26	0.802702
135	27	0.763408
135	28	0.794438
135	29	0.643206
135	30	0.77959
135	31	0.778334
135	32	0.783638
135	33	0
135	34	0.724765
135	35	0.781117
135	36	0.716895
135	37	0.775674
135	38	0.103335
135	39	0.778872
135	40	0.776632
135	41	0.77053
135	42	0.743841
135	43	0.764371
135	44	0.728101
135	45	0.738556
135	46	0.759106
135	47	0.74731
135	48	0.709146
135	49	0.74511
135	50	0.731123
135	51	0.742441
135	52	0.742477
135	53	0.720692
135	54	0.560827
135	55	0.547776
135	56	0.54451
135	57	0
135	58	0
135	59	0
135	60	0
135	61	0
135	62	0.444104
135	63	0.41888
135	64	0.453531
135	65	0.60731
135	66	0.616808
135	67	0.603054
135	68	0.613517
135	69	0.624925
135	70	0.614051
135	71	0.617448
135	72	0.610161
135	73	0.636087
135	74	0.631686
135	75	0.625697
135	76	0.640927
135	77	0.653487
135	78	0.638541
135	79	0.663986
135	80	0.652131
135	81	0.665038
135	82	0.65973
135	83	0.669762
135	84	0.68016
135	85	0.667059
135	86	0.695493
135	87	0.705986
135	88	0.709826
135	89	0.710166
135	90	0.696389
135	91	0.711186
135	92	0.722787
135	93	0.725965
135	94	0.714845
135	95	0.734145
135	96	0.728034
135	97	0.730091
135	98	0.779443
135	99	0.745393
135	100	0.751476
135	101	0.74716
135	102	0.757785
135	103	0.769808
135	104	0.794388
135	105	0.789891
135	106	0.796192
135	107	0.774915
135	108	0.805934
135	109	0.802279
135	110	0.800296
135	111	0.800117
135	112	0.803742
135	113	0.843586
135	114	0.802821
135	115	0.837666
135	116	0.860762
135	117	0.814462
135	118	0.85036
135	119	0.829679
135	120	0.803528
135	121	0.795804
135	122	0.809824
135	123	0.839348
135	124	0.813259
135	125	0.824648
135	126	0.911021
135	127	0
135	128	0.824648
135	129	0.945265
135	130	0.982439
135	131	0.980313
135	132	0.988575
135	133	0.824866
135	134	0.812102
135	136	0.989286
135	137	0.756019
135	138	0.790268
135	139	0.791389
135	140	0.818974
135	141	0.777597
135	142	0.733373
135	143	0.642383
135	144	0.673589
135	145	0.760934
135	146	0.65396
135	147	0.798023
135	148	0.729725
135	149	0.721677
135	150	0.6512
135	151	0.668304
135	152	0.67165
135	153	0.662758
135	154	0.765798
135	155	0.70383
135	156	0.780245
135	157	0.713128
135	158	0.672942
135	159	0.683098
135	160	0.77158
135	161	0.723977
135	162	0.646738
135	163	0.764398
135	164	0.743863
135	165	0.766756
135	166	0.63534
135	167	0.635352
135	168	0.74054
135	169	0.73158
135	170	0.748868
135	171	0.706849
135	172	0.628744
135	173	0.711704
135	174	0.737186
135	175	0.722566
135	176	0.719291
135	177	0.743405
135	178	0.545703
135	179	0.555828
135	180	0.548818
135	181	0.55061
135	182	0.534014
135	183	0.537697
135	184	0.539135
135	185	0.54096
135	186	0.535486
135	187	0
135	188	0
135	189	0
135	190	0
135	191	0
135	192	0
135	193	0
135	194	0
135	195	0
135	196	0
135	197	0
135	198	0
135	199	0
135	200	0
135	201	0
135	202	0
135	203	0
135	204	0
135	205	0
135	206	0
135	207	0.338394
135	208	0.328067
135	209	0.470616
135	210	0.342061
135	211	0.431028
135	212	0.397053
135	213	0.358737
135	214	0.324355
135	215	0.343583
135	216	0.340084
135	217	0.323321
135	218	0.15527
135	219	0.347121
135	220	0.165299
135	221	0.310192
135	222	0.308481
135	223	0.167462
135	224	0.182511
135	225	0.180887
135	226	0.177437
135	227	0.191471
135	228	0.167604
135	229	0.187056
135	230	0.182239
135	231	0.168285
135	232	0.168779
135	233	0.201801
135	234	0.184942
135	235	0.614984
135	236	0.215896
135	237	0.214337
135	238	0.231814
135	239	0.232688
135	240	0
135	241	0.693858
135	242	0.690712
135	243	0.850319
135	244	0.810274
135	245	0.828646
135	246	0.822995
135	247	0.805818
135	248	0.789156
135	249	0.834064
135	250	0
135	251	0.862137
135	252	0.80952
135	253	0.796805
135	254	0.860443
135	255	0.79844
135	256	0.830226
136	1	0.793207
136	2	0.880016
136	3	0.755638
136	4	0.852185
136	5	0.818763
136	6	0.788699
136	7	0.757928
136	8	0.779385
136	9	0.744719
136	10	0.761754
136	11	0.971828
136	12	0.710128
136	13	0.763512
136	14	0.992402
136	15	0.760326
136	16	0.852462
136	17	0.791459
136	18	0.763086
136	19	0.817164
136	20	0.841301
136	21	0
136	22	0.817974
136	23	0.669884
136	24	0.730364
136	25	0
136	26	0.810382
136	27	0.770712
136	28	0.802039
136	29	0.64936
136	30	0.78705
136	31	0.785782
136	32	0.791136
136	33	0
136	34	0.7317
136	35	0.788591
136	36	0.723755
136	37	0.783096
136	38	0.104323
136	39	0.786325
136	40	0.784063
136	41	0.777903
136	42	0.750958
136	43	0.771685
136	44	0.735068
136	45	0.745623
136	46	0.766369
136	47	0.754461
136	48	0.715931
136	49	0.75224
136	50	0.738118
136	51	0.749545
136	52	0.749582
136	53	0.727588
136	54	0.566194
136	55	0.553017
136	56	0.54972
136	57	0
136	58	0
136	59	0
136	60	0
136	61	0
136	62	0.441944
136	63	0.416843
136	64	0.451326
136	65	0.604357
136	66	0.613809
136	67	0.600122
136	68	0.610533
136	69	0.621887
136	70	0.611066
136	71	0.614445
136	72	0.607194
136	73	0.632994
136	74	0.628615
136	75	0.622654
136	76	0.63781
136	77	0.65031
136	78	0.635436
136	79	0.660757
136	80	0.64896
136	81	0.661805
136	82	0.656522
136	83	0.666505
136	84	0.676853
136	85	0.663815
136	86	0.694213
136	87	0.704686
136	88	0.70852
136	89	0.706713
136	90	0.695107
136	91	0.709394
136	92	0.721457
136	93	0.724629
136	94	0.71353
136	95	0.730779
136	96	0.724494
136	97	0.728747
136	98	0.786901
136	99	0.744021
136	100	0.750093
136	101	0.745785
136	102	0.756391
136	103	0.763774
136	104	0.788161
136	105	0.785314
136	106	0.789951
136	107	0.768841
136	108	0.799617
136	109	0.79599
136	110	0.794022
136	111	0.793845
136	112	0.799085
136	113	0.836973
136	114	0.796528
136	115	0.8311
136	116	0.854015
136	117	0.809971
136	118	0.843694
136	119	0.824871
136	120	0.811216
136	121	0.803418
136	122	0.817573
136	123	0.835937
136	124	0.816851
136	125	0.832538
136	126	0.90388
136	127	0
136	128	0.832539
136	129	0.937855
136	130	0.974738
136	131	0.97025
136	132	0.978426
136	133	0.832759
136	134	0.819872
136	135	0.989286
136	137	0.763253
136	138	0.797829
136	139	0.798961
136	140	0.82681
136	141	0.785037
136	142	0.74039
136	143	0.64853
136	144	0.680034
136	145	0.768215
136	146	0.660217
136	147	0.805659
136	148	0.736707
136	149	0.728582
136	150	0.657431
136	151	0.674699
136	152	0.678077
136	153	0.6691
136	154	0.773126
136	155	0.710564
136	156	0.787711
136	157	0.719951
136	158	0.679381
136	159	0.689634
136	160	0.778963
136	161	0.730904
136	162	0.652927
136	163	0.771712
136	164	0.750981
136	165	0.774093
136	166	0.641419
136	167	0.641431
136	168	0.747626
136	169	0.73858
136	170	0.756034
136	171	0.713612
136	172	0.63476
136	173	0.718514
136	174	0.74424
136	175	0.729479
136	176	0.726173
136	177	0.750519
136	178	0.550925
136	179	0.561146
136	180	0.55407
136	181	0.555879
136	182	0.539124
136	183	0.542842
136	184	0.544294
136	185	0.546136
136	186	0.54061
136	187	0
136	188	0
136	189	0
136	190	0
136	191	0
136	192	0
136	193	0
136	194	0
136	195	0
136	196	0
136	197	0
136	198	0
136	199	0
136	200	0
136	201	0
136	202	0
136	203	0
136	204	0
136	205	0
136	206	0
136	207	0.336749
136	208	0.326472
136	209	0.468327
136	210	0.340397
136	211	0.428932
136	212	0.395123
136	213	0.356992
136	214	0.322778
136	215	0.341912
136	216	0.338431
136	217	0.321749
136	218	0.154515
136	219	0.345434
136	220	0.164496
136	221	0.308683
136	222	0.306981
136	223	0.166648
136	224	0.181623
136	225	0.180008
136	226	0.176575
136	227	0.19054
136	228	0.166789
136	229	0.186146
136	230	0.181353
136	231	0.167467
136	232	0.167958
136	233	0.200819
136	234	0.184042
136	235	0.611994
136	236	0.214846
136	237	0.213294
136	238	0.230687
136	239	0.231557
136	240	0
136	241	0.692581
136	242	0.689441
136	243	0.843654
136	244	0.803923
136	245	0.82215
136	246	0.816544
136	247	0.801149
136	248	0.796707
136	249	0.827526
136	250	0
136	251	0.85538
136	252	0.806584
136	253	0.804429
136	254	0.853699
136	255	0.804813
136	256	0.823718
137	1	0.893914
137	2	0.857185
137	3	0.894566
137	4	0.819633
137	5	0.885313
137	6	0.908872
137	7	0.914386
137	8	0.923397
137	9	0.899187
137	10	0.922941
137	11	0.748475
137	12	0.902285
137	13	0.970115
137	14	0.75954
137	15	0.985725
137	16	0.891356
137	17	0.955322
137	18	0.946867
137	19	0.865398
137	20	0.841638
137	21	0
137	22	0.910266
137	23	0.696037
137	24	0.887785
137	25	0
137	26	0.829203
137	27	0.793209
137	28	0.822259
137	29	0.789323
137	30	0.813862
137	31	0.814174
137	32	0.830276
137	33	0
137	34	0.760266
137	35	0.838
137	36	0.752011
137	37	0.81755
137	38	0.126809
137	39	0.830023
137	40	0.829755
137	41	0.819467
137	42	0.783445
137	43	0.820014
137	44	0.789473
137	45	0.800809
137	46	0.815999
137	47	0.810301
137	48	0.747801
137	49	0.807915
137	50	0.78117
137	51	0.801921
137	52	0.804056
137	53	0.780463
137	54	0.593879
137	55	0.580059
137	56	0.576601
137	57	0
137	58	0
137	59	0
137	60	0
137	61	0
137	62	0.486013
137	63	0.458408
137	64	0.49633
137	65	0.664621
137	66	0.675015
137	67	0.659963
137	68	0.671413
137	69	0.683898
137	70	0.671998
137	71	0.675715
137	72	0.66774
137	73	0.696113
137	74	0.691297
137	75	0.684742
137	76	0.70141
137	77	0.715155
137	78	0.698799
137	79	0.726644
137	80	0.713671
137	81	0.727797
137	82	0.721988
137	83	0.732966
137	84	0.744346
137	85	0.730008
137	86	0.782065
137	87	0.793863
137	88	0.793816
137	89	0.777183
137	90	0.778789
137	91	0.786319
137	92	0.809518
137	93	0.804038
137	94	0.806927
137	95	0.803649
137	96	0.796737
137	97	0.824372
137	98	0.931203
137	99	0.829142
137	100	0.835543
137	101	0.838149
137	102	0.84007
137	103	0.767715
137	104	0.742892
137	105	0.828828
137	106	0.743113
137	107	0.705474
137	108	0.732865
137	109	0.734218
137	110	0.814581
137	111	0.820178
137	112	0.825562
137	113	0.770383
137	114	0.719502
137	115	0.827419
137	116	0.807903
137	117	0.848253
137	118	0.819371
137	119	0.841821
137	120	0.869603
137	121	0.888467
137	122	0.870664
137	123	0.84558
137	124	0.856796
137	125	0.876701
137	126	0.749706
137	127	0
137	128	0.883053
137	129	0.771771
137	130	0.75342
137	131	0.746882
137	132	0.750828
137	133	0.91455
137	134	0.926134
137	135	0.756019
137	136	0.763253
137	138	0.856407
137	139	0.922395
137	140	0.844963
137	141	0.902391
137	142	0.899972
137	143	0.788313
137	144	0.826607
137	145	0.793424
137	146	0.802519
137	147	0.835337
137	148	0.847563
137	149	0.855983
137	150	0.799133
137	151	0.820123
137	152	0.813266
137	153	0.807279
137	154	0.800817
137	155	0.775151
137	156	0.823819
137	157	0.775996
137	158	0.805444
137	159	0.799045
137	160	0.812465
137	161	0.762524
137	162	0.793658
137	163	0.828829
137	164	0.783111
137	165	0.818629
137	166	0.77967
137	167	0.779684
137	168	0.786237
137	169	0.77392
137	170	0.797366
137	171	0.744483
137	172	0.771575
137	173	0.749598
137	174	0.787648
137	175	0.765149
137	176	0.766986
137	177	0.806067
137	178	0.577864
137	179	0.588585
137	180	0.581163
137	181	0.58306
137	182	0.565486
137	183	0.569386
137	184	0.570909
137	185	0.572841
137	186	0.567045
137	187	0
137	188	0
137	189	0
137	190	0
137	191	0
137	192	0
137	193	0
137	194	0
137	195	0
137	196	0
137	197	0
137	198	0
137	199	0
137	200	0
137	201	0
137	202	0
137	203	0
137	204	0
137	205	0
137	206	0
137	207	0.370328
137	208	0.359026
137	209	0.515027
137	210	0.37434
137	211	0.471704
137	212	0.434523
137	213	0.39259
137	214	0.354964
137	215	0.376006
137	216	0.372177
137	217	0.353832
137	218	0.169923
137	219	0.379879
137	220	0.180898
137	221	0.339464
137	222	0.337591
137	223	0.183266
137	224	0.199734
137	225	0.197957
137	226	0.194182
137	227	0.20954
137	228	0.18342
137	229	0.204708
137	230	0.199437
137	231	0.184166
137	232	0.184706
137	233	0.220844
137	234	0.202394
137	235	0.673019
137	236	0.23627
137	237	0.234563
137	238	0.25369
137	239	0.254647
137	240	0
137	241	0.780226
137	242	0.776688
137	243	0.798287
137	244	0.732951
137	245	0.788823
137	246	0.813483
137	247	0.825804
137	248	0.877131
137	249	0.73268
137	250	0
137	251	0.781517
137	252	0.853251
137	253	0.86703
137	254	0.756683
137	255	0.85504
137	256	0.830273
138	1	0.830238
138	2	0.874807
138	3	0.821006
138	4	0.798218
138	5	0.833892
138	6	0.844106
138	7	0.838071
138	8	0.853839
138	9	0.824141
138	10	0.843696
138	11	0.781326
138	12	0.796797
138	13	0.856698
138	14	0.793948
138	15	0.853123
138	16	0.895945
138	17	0.890622
138	18	0.873592
138	19	0.874141
138	20	0.910785
138	21	0
138	22	0.929435
138	23	0.791857
138	24	0.850434
138	25	0
138	26	0.94042
138	27	0.901513
138	28	0.93453
138	29	0.811412
138	30	0.924987
138	31	0.926018
138	32	0.944576
138	33	0
138	34	0.864929
138	35	0.955323
138	36	0.855537
138	37	0.930099
138	38	0.130454
138	39	0.946229
138	40	0.945924
138	41	0.934196
138	42	0.891299
138	43	0.9377
138	44	0.920963
138	45	0.934188
138	46	0.937885
138	47	0.945261
138	48	0.852496
138	49	0.942478
138	50	0.893281
138	51	0.935814
138	52	0.938305
138	53	0.910774
138	54	0.677025
138	55	0.661269
138	56	0.657327
138	57	0
138	58	0
138	59	0
138	60	0
138	61	0
138	62	0.451393
138	63	0.425755
138	64	0.460975
138	65	0.617278
138	66	0.626932
138	67	0.612952
138	68	0.623587
138	69	0.635183
138	70	0.62413
138	71	0.627582
138	72	0.620175
138	73	0.646527
138	74	0.642055
138	75	0.635967
138	76	0.651447
138	77	0.664213
138	78	0.649022
138	79	0.674884
138	80	0.662835
138	81	0.675954
138	82	0.670559
138	83	0.680755
138	84	0.691324
138	85	0.678007
138	86	0.722564
138	87	0.733465
138	88	0.733422
138	89	0.721823
138	90	0.719538
138	91	0.729022
138	92	0.747929
138	93	0.745449
138	94	0.745535
138	95	0.746403
138	96	0.739983
138	97	0.761652
138	98	0.862074
138	99	0.767414
138	100	0.773677
138	101	0.775661
138	102	0.780172
138	103	0.731926
138	104	0.722058
138	105	0.784635
138	106	0.723697
138	107	0.687041
138	108	0.713716
138	109	0.715034
138	110	0.774012
138	111	0.782642
138	112	0.794595
138	113	0.750254
138	114	0.700702
138	115	0.8058
138	116	0.786794
138	117	0.814286
138	118	0.797962
138	119	0.818884
138	120	0.824625
138	121	0.825179
138	122	0.831087
138	123	0.823487
138	124	0.825933
138	125	0.846921
138	126	0.754191
138	127	0
138	128	0.857957
138	129	0.776392
138	130	0.784768
138	131	0.779664
138	132	0.784841
138	133	0.894118
138	134	0.892816
138	135	0.790268
138	136	0.797829
138	137	0.856407
138	139	0.914506
138	140	0.944204
138	141	0.914095
138	142	0.862108
138	143	0.810374
138	144	0.836915
138	145	0.901758
138	146	0.824978
138	147	0.949394
138	148	0.879971
138	149	0.870265
138	150	0.822464
138	151	0.842866
138	152	0.849559
138	153	0.838312
138	154	0.911061
138	155	0.890263
138	156	0.937231
138	157	0.902024
138	158	0.851193
138	159	0.864039
138	160	0.924314
138	161	0.868322
138	162	0.817116
138	163	0.966874
138	164	0.890918
138	165	0.93324
138	166	0.802404
138	167	0.80273
138	168	0.896313
138	169	0.882272
138	170	0.909
138	171	0.846973
138	172	0.794074
138	173	0.852792
138	174	0.900689
138	175	0.872273
138	176	0.877062
138	177	0.940321
138	178	0.658767
138	179	0.670989
138	180	0.662528
138	181	0.664691
138	182	0.644656
138	183	0.649102
138	184	0.650838
138	185	0.653041
138	186	0.646433
138	187	0
138	188	0
138	189	0
138	190	0
138	191	0
138	192	0
138	193	0
138	194	0
138	195	0
138	196	0
138	197	0
138	198	0
138	199	0
138	200	0
138	201	0
138	202	0
138	203	0
138	204	0
138	205	0
138	206	0
138	207	0.343948
138	208	0.333452
138	209	0.47834
138	210	0.347675
138	211	0.438103
138	212	0.403571
138	213	0.364625
138	214	0.329679
138	215	0.349222
138	216	0.345666
138	217	0.328628
138	218	0.157819
138	219	0.352819
138	220	0.168013
138	221	0.315283
138	222	0.313544
138	223	0.170211
138	224	0.185506
138	225	0.183856
138	226	0.18035
138	227	0.194614
138	228	0.170355
138	229	0.190126
138	230	0.18523
138	231	0.171047
138	232	0.171549
138	233	0.205113
138	234	0.187977
138	235	0.625078
138	236	0.21944
138	237	0.217855
138	238	0.235619
138	239	0.236507
138	240	0
138	241	0.720865
138	242	0.717597
138	243	0.777429
138	244	0.7138
138	245	0.768213
138	246	0.791317
138	247	0.796058
138	248	0.814651
138	249	0.721175
138	250	0
138	251	0.761097
138	252	0.819083
138	253	0.817726
138	254	0.744801
138	255	0.817285
138	256	0.807651
139	1	0.890053
139	2	0.896673
139	3	0.885664
139	4	0.845751
139	5	0.886506
139	6	0.904947
139	7	0.905287
139	8	0.91732
139	9	0.89024
139	10	0.911363
139	11	0.782955
139	12	0.858192
139	13	0.922708
139	14	0.795074
139	15	0.918858
139	16	0.936002
139	17	0.959778
139	18	0.925371
139	19	0.913193
139	20	0.895675
139	21	0
139	22	0.972566
139	23	0.743257
139	24	0.898982
139	25	0
139	26	0.885457
139	27	0.847021
139	28	0.878042
139	29	0.799277
139	30	0.869076
139	31	0.869408
139	32	0.886602
139	33	0
139	34	0.811843
139	35	0.894851
139	36	0.803028
139	37	0.873014
139	38	0.128409
139	39	0.886332
139	40	0.886046
139	41	0.875061
139	42	0.836595
139	43	0.875644
139	44	0.843031
139	45	0.855137
139	46	0.871357
139	47	0.865272
139	48	0.798532
139	49	0.862725
139	50	0.834165
139	51	0.856324
139	52	0.858603
139	53	0.833411
139	54	0.634169
139	55	0.61941
139	56	0.615718
139	57	0
139	58	0
139	59	0
139	60	0
139	61	0
139	62	0.483914
139	63	0.456428
139	64	0.494186
139	65	0.66175
139	66	0.6721
139	67	0.657113
139	68	0.668513
139	69	0.680944
139	70	0.669096
139	71	0.672797
139	72	0.664856
139	73	0.693106
139	74	0.688312
139	75	0.681785
139	76	0.69838
139	77	0.712067
139	78	0.695781
139	79	0.723506
139	80	0.710589
139	81	0.724653
139	82	0.718869
139	83	0.7298
139	84	0.741131
139	85	0.726855
139	86	0.774645
139	87	0.786331
139	88	0.786285
139	89	0.773826
139	90	0.7714
139	91	0.781568
139	92	0.801837
139	93	0.799179
139	94	0.799272
139	95	0.800178
139	96	0.793295
139	97	0.81655
139	98	0.925644
139	99	0.822727
139	100	0.829441
139	101	0.831568
139	102	0.836405
139	103	0.775512
139	104	0.765056
139	105	0.831359
139	106	0.766793
139	107	0.727954
139	108	0.756218
139	109	0.757613
139	110	0.820103
139	111	0.829248
139	112	0.841912
139	113	0.794931
139	114	0.742429
139	115	0.853784
139	116	0.833647
139	117	0.862776
139	118	0.84548
139	119	0.867648
139	120	0.873731
139	121	0.88463
139	122	0.880578
139	123	0.872525
139	124	0.875116
139	125	0.897354
139	126	0.777893
139	127	0
139	128	0.909048
139	129	0.800788
139	130	0.788128
139	131	0.781289
139	132	0.785955
139	133	0.947354
139	134	0.9538
139	135	0.791389
139	136	0.798961
139	137	0.922395
139	138	0.914506
139	140	0.902286
139	141	0.959729
139	142	0.911323
139	143	0.798255
139	144	0.837032
139	145	0.847251
139	146	0.812641
139	147	0.892007
139	148	0.870996
139	149	0.869357
139	150	0.809212
139	151	0.830466
139	152	0.823523
139	153	0.817461
139	154	0.855145
139	155	0.814929
139	156	0.879708
139	157	0.825694
139	158	0.815602
139	159	0.809122
139	160	0.867584
139	161	0.814254
139	162	0.803667
139	163	0.885057
139	164	0.836238
139	165	0.874166
139	166	0.789503
139	167	0.789517
139	168	0.839576
139	169	0.826424
139	170	0.85146
139	171	0.79499
139	172	0.781306
139	173	0.800451
139	174	0.841083
139	175	0.817058
139	176	0.819019
139	177	0.860751
139	178	0.617067
139	179	0.628515
139	180	0.620589
139	181	0.622616
139	182	0.603849
139	183	0.608013
139	184	0.60964
139	185	0.611703
139	186	0.605513
139	187	0
139	188	0
139	189	0
139	190	0
139	191	0
139	192	0
139	193	0
139	194	0
139	195	0
139	196	0
139	197	0
139	198	0
139	199	0
139	200	0
139	201	0
139	202	0
139	203	0
139	204	0
139	205	0
139	206	0
139	207	0.368728
139	208	0.357475
139	209	0.512802
139	210	0.372723
139	211	0.469666
139	212	0.432646
139	213	0.390894
139	214	0.35343
139	215	0.374382
139	216	0.37057
139	217	0.352304
139	218	0.169189
139	219	0.378238
139	220	0.180117
139	221	0.337998
139	222	0.336133
139	223	0.182474
139	224	0.198871
139	225	0.197102
139	226	0.193343
139	227	0.208635
139	228	0.182628
139	229	0.203824
139	230	0.198575
139	231	0.18337
139	232	0.183908
139	233	0.21989
139	234	0.20152
139	235	0.670112
139	236	0.235249
139	237	0.23355
139	238	0.252595
139	239	0.253547
139	240	0
139	241	0.772823
139	242	0.769319
139	243	0.823724
139	244	0.756306
139	245	0.813959
139	246	0.83844
139	247	0.843462
139	248	0.873343
139	249	0.756027
139	250	0
139	251	0.80642
139	252	0.867859
139	253	0.866421
139	254	0.780795
139	255	0.865953
139	256	0.855745
140	1	0.824316
140	2	0.902079
140	3	0.81515
140	4	0.817821
140	5	0.837853
140	6	0.838084
140	7	0.832092
140	8	0.847748
140	9	0.818261
140	10	0.837677
140	11	0.809707
140	12	0.78615
140	13	0.84525
140	14	0.822787
140	15	0.841722
140	16	0.913618
140	17	0.87872
140	18	0.861918
140	19	0.876361
140	20	0.935329
140	21	0
140	22	0.922804
140	23	0.802609
140	24	0.839069
140	25	0
140	26	0.970944
140	27	0.922665
140	28	0.960948
140	29	0.766448
140	30	0.942988
140	31	0.941469
140	32	0.9488
140	33	0
140	34	0.876673
140	35	0.949708
140	36	0.867153
140	37	0.939157
140	38	0.123225
140	39	0.94303
140	40	0.940545
140	41	0.932929
140	42	0.899747
140	43	0.928575
140	44	0.869928
140	45	0.88242
140	46	0.923708
140	47	0.892879
140	48	0.857779
140	49	0.89025
140	50	0.885217
140	51	0.901922
140	52	0.892651
140	53	0.866212
140	54	0.679029
140	55	0.663227
140	56	0.659273
140	57	0
140	58	0
140	59	0
140	60	0
140	61	0
140	62	0.451274
140	63	0.425642
140	64	0.460853
140	65	0.617115
140	66	0.626766
140	67	0.61279
140	68	0.623421
140	69	0.635014
140	70	0.623965
140	71	0.627416
140	72	0.620011
140	73	0.646356
140	74	0.641884
140	75	0.635798
140	76	0.651274
140	77	0.664037
140	78	0.64885
140	79	0.674705
140	80	0.662659
140	81	0.675775
140	82	0.670381
140	83	0.680575
140	84	0.691141
140	85	0.677828
140	86	0.71741
140	87	0.728233
140	88	0.72819
140	89	0.721631
140	90	0.714405
140	91	0.724369
140	92	0.742593
140	93	0.740132
140	94	0.740217
140	95	0.746206
140	96	0.739787
140	97	0.756219
140	98	0.855924
140	99	0.761939
140	100	0.768157
140	101	0.770128
140	102	0.774607
140	103	0.745477
140	104	0.735426
140	105	0.794047
140	106	0.737096
140	107	0.699761
140	108	0.72693
140	109	0.728272
140	110	0.785774
140	111	0.794742
140	112	0.807971
140	113	0.765183
140	114	0.716788
140	115	0.820718
140	116	0.801361
140	117	0.81904
140	118	0.812736
140	119	0.834045
140	120	0.828747
140	121	0.828161
140	122	0.835241
140	123	0.838733
140	124	0.832216
140	125	0.851154
140	126	0.777413
140	127	0
140	128	0.862246
140	129	0.800297
140	130	0.813274
140	131	0.807984
140	132	0.81335
140	133	0.888941
140	134	0.886447
140	135	0.818974
140	136	0.82681
140	137	0.844963
140	138	0.944204
140	139	0.902286
140	141	0.90188
140	142	0.850588
140	143	0.765467
140	144	0.790537
140	145	0.919674
140	146	0.779262
140	147	0.966217
140	148	0.850747
140	149	0.841364
140	150	0.776887
140	151	0.796158
140	152	0.802481
140	153	0.791857
140	154	0.926306
140	155	0.840929
140	156	0.944693
140	157	0.852038
140	158	0.804024
140	159	0.816158
140	160	0.933316
140	161	0.875719
140	162	0.771835
140	163	0.913295
140	164	0.899774
140	165	0.92836
140	166	0.757939
140	167	0.758246
140	168	0.896619
140	169	0.885208
140	170	0.906702
140	171	0.855001
140	172	0.75007
140	173	0.860874
140	174	0.892558
140	175	0.874856
140	176	0.870891
140	177	0.888213
140	178	0.660718
140	179	0.672976
140	180	0.664489
140	181	0.666659
140	182	0.646564
140	183	0.651023
140	184	0.652765
140	185	0.654974
140	186	0.648347
140	187	0
140	188	0
140	189	0
140	190	0
140	191	0
140	192	0
140	193	0
140	194	0
140	195	0
140	196	0
140	197	0
140	198	0
140	199	0
140	200	0
140	201	0
140	202	0
140	203	0
140	204	0
140	205	0
140	206	0
140	207	0.343857
140	208	0.333363
140	209	0.478213
140	210	0.347583
140	211	0.437987
140	212	0.403464
140	213	0.364528
140	214	0.329591
140	215	0.34913
140	216	0.345575
140	217	0.328541
140	218	0.157777
140	219	0.352725
140	220	0.167968
140	221	0.315199
140	222	0.313461
140	223	0.170166
140	224	0.185457
140	225	0.183808
140	226	0.180302
140	227	0.194562
140	228	0.17031
140	229	0.190076
140	230	0.185181
140	231	0.171002
140	232	0.171504
140	233	0.205059
140	234	0.187927
140	235	0.624912
140	236	0.219381
140	237	0.217797
140	238	0.235557
140	239	0.236445
140	240	0
140	241	0.715723
140	242	0.712478
140	243	0.791822
140	244	0.727015
140	245	0.782435
140	246	0.805968
140	247	0.810058
140	248	0.816088
140	249	0.74338
140	250	0
140	251	0.782011
140	252	0.823178
140	253	0.821813
140	254	0.767733
140	255	0.82137
140	256	0.822603
141	1	0.860116
141	2	0.874152
141	3	0.854092
141	4	0.820341
141	5	0.857205
141	6	0.874483
141	7	0.873015
141	8	0.884886
141	9	0.858504
141	10	0.878875
141	11	0.768798
141	12	0.839581
141	13	0.902698
141	14	0.781218
141	15	0.898931
141	16	0.914595
141	17	0.938443
141	18	0.920499
141	19	0.892337
141	20	0.895207
141	21	0
141	22	0.954402
141	23	0.742923
141	24	0.896098
141	25	0
141	26	0.885059
141	27	0.846641
141	28	0.877648
141	29	0.796713
141	30	0.868685
141	31	0.869018
141	32	0.886204
141	33	0
141	34	0.811479
141	35	0.894449
141	36	0.802667
141	37	0.872622
141	38	0.127997
141	39	0.885934
141	40	0.885648
141	41	0.874668
141	42	0.836219
141	43	0.875251
141	44	0.842653
141	45	0.854753
141	46	0.870966
141	47	0.864884
141	48	0.798174
141	49	0.862337
141	50	0.833791
141	51	0.855939
141	52	0.858218
141	53	0.833036
141	54	0.633884
141	55	0.619132
141	56	0.615441
141	57	0
141	58	0
141	59	0
141	60	0
141	61	0
141	62	0.467638
141	63	0.441077
141	64	0.477564
141	65	0.639493
141	66	0.649494
141	67	0.635011
141	68	0.646028
141	69	0.658041
141	70	0.646591
141	71	0.650167
141	72	0.642494
141	73	0.669794
141	74	0.66516
141	75	0.658853
141	76	0.67489
141	77	0.688116
141	78	0.672378
141	79	0.699171
141	80	0.686688
141	81	0.70028
141	82	0.69469
141	83	0.705254
141	84	0.716203
141	85	0.702407
141	86	0.748567
141	87	0.75986
141	88	0.759816
141	89	0.747799
141	90	0.745432
141	91	0.755258
141	92	0.774845
141	93	0.772276
141	94	0.772365
141	95	0.773264
141	96	0.766613
141	97	0.789062
141	98	0.893098
141	99	0.795031
141	100	0.801519
141	101	0.803575
141	102	0.808248
141	103	0.752212
141	104	0.74207
141	105	0.806381
141	106	0.743755
141	107	0.706083
141	108	0.733498
141	109	0.734852
141	110	0.795464
141	111	0.804333
141	112	0.816617
141	113	0.771048
141	114	0.720123
141	115	0.828133
141	116	0.808601
141	117	0.836854
141	118	0.820078
141	119	0.84158
141	120	0.84748
141	121	0.854875
141	122	0.854121
141	123	0.84631
141	124	0.848824
141	125	0.870394
141	126	0.758356
141	127	0
141	128	0.881736
141	129	0.780675
141	130	0.772185
141	131	0.767163
141	132	0.772257
141	133	0.918899
141	134	0.92334
141	135	0.777597
141	136	0.785037
141	137	0.902391
141	138	0.914095
141	139	0.959729
141	140	0.90188
141	142	0.908399
141	143	0.795694
141	144	0.834347
141	145	0.846871
141	146	0.810033
141	147	0.891607
141	148	0.870604
141	149	0.867228
141	150	0.806615
141	151	0.827802
141	152	0.82088
141	153	0.814838
141	154	0.854761
141	155	0.814562
141	156	0.879313
141	157	0.825323
141	158	0.812985
141	159	0.806526
141	160	0.867194
141	161	0.813888
141	162	0.801088
141	163	0.88466
141	164	0.835862
141	165	0.873773
141	166	0.786969
141	167	0.786984
141	168	0.839199
141	169	0.826053
141	170	0.851078
141	171	0.794633
141	172	0.778799
141	173	0.800092
141	174	0.840705
141	175	0.816691
141	176	0.818651
141	177	0.860365
141	178	0.61679
141	179	0.628233
141	180	0.62031
141	181	0.622336
141	182	0.603577
141	183	0.60774
141	184	0.609366
141	185	0.611428
141	186	0.605241
141	187	0
141	188	0
141	189	0
141	190	0
141	191	0
141	192	0
141	193	0
141	194	0
141	195	0
141	196	0
141	197	0
141	198	0
141	199	0
141	200	0
141	201	0
141	202	0
141	203	0
141	204	0
141	205	0
141	206	0
141	207	0.356326
141	208	0.345452
141	209	0.495554
141	210	0.360187
141	211	0.453869
141	212	0.418094
141	213	0.377746
141	214	0.341543
141	215	0.36179
141	216	0.358106
141	217	0.340454
141	218	0.163498
141	219	0.365516
141	220	0.174059
141	221	0.326629
141	222	0.324827
141	223	0.176337
141	224	0.192182
141	225	0.190473
141	226	0.18684
141	227	0.201617
141	228	0.176486
141	229	0.196968
141	230	0.191896
141	231	0.177202
141	232	0.177723
141	233	0.212494
141	234	0.194742
141	235	0.647573
141	236	0.227337
141	237	0.225695
141	238	0.244099
141	239	0.245019
141	240	0
141	241	0.746807
141	242	0.743421
141	243	0.798976
141	244	0.733584
141	245	0.789504
141	246	0.813249
141	247	0.818121
141	248	0.843968
141	249	0.733313
141	250	0
141	251	0.782192
141	252	0.841785
141	253	0.84039
141	254	0.757336
141	255	0.839936
141	256	0.830035
142	1	0.847467
142	2	0.82778
142	3	0.848086
142	4	0.788152
142	5	0.839314
142	6	0.861648
142	7	0.866876
142	8	0.875418
142	9	0.852467
142	10	0.872695
142	11	0.725075
142	12	0.837331
142	13	0.900278
142	14	0.736788
142	15	0.896521
142	16	0.864925
142	17	0.930471
142	18	0.925725
142	19	0.843876
142	20	0.844294
142	21	0
142	22	0.902614
142	23	0.700671
142	24	0.986046
142	25	0
142	26	0.834723
142	27	0.79849
142	28	0.827733
142	29	0.876685
142	30	0.819281
142	31	0.819594
142	32	0.835803
142	33	0
142	34	0.765327
142	35	0.843579
142	36	0.757017
142	37	0.822993
142	38	0.140845
142	39	0.835549
142	40	0.835279
142	41	0.824923
142	42	0.788661
142	43	0.825473
142	44	0.82947
142	45	0.8169
142	46	0.821431
142	47	0.815695
142	48	0.752779
142	49	0.813294
142	50	0.78637
142	51	0.807259
142	52	0.809408
142	53	0.785659
142	54	0.597833
142	55	0.58392
142	56	0.580439
142	57	0
142	58	0
142	59	0
142	60	0
142	61	0
142	62	0.460761
142	63	0.43459
142	64	0.470541
142	65	0.630088
142	66	0.639943
142	67	0.625672
142	68	0.636527
142	69	0.648364
142	70	0.637082
142	71	0.640606
142	72	0.633045
142	73	0.659944
142	74	0.655379
142	75	0.649164
142	76	0.664966
142	77	0.677997
142	78	0.662491
142	79	0.688889
142	80	0.67659
142	81	0.689981
142	82	0.684474
142	83	0.694882
142	84	0.705671
142	85	0.692078
142	86	0.74143
142	87	0.752615
142	88	0.752571
142	89	0.736802
142	90	0.738325
142	91	0.745464
142	92	0.767457
142	93	0.762261
142	94	0.765001
142	95	0.761893
142	96	0.755339
142	97	0.781539
142	98	0.88282
142	99	0.786061
142	100	0.79213
142	101	0.7946
142	102	0.796421
142	103	0.727826
142	104	0.712952
142	105	0.785763
142	106	0.714571
142	107	0.678377
142	108	0.704716
142	109	0.706017
142	110	0.772256
142	111	0.777563
142	112	0.785508
142	113	0.740793
142	114	0.691866
142	115	0.795638
142	116	0.776872
142	117	0.808025
142	118	0.787899
142	119	0.808557
142	120	0.824419
142	121	0.842303
142	122	0.826916
142	123	0.813102
142	124	0.816163
142	125	0.838108
142	126	0.723708
142	127	0
142	128	0.847138
142	129	0.745008
142	130	0.728269
142	131	0.723532
142	132	0.728337
142	133	0.882836
142	134	0.891524
142	135	0.733373
142	136	0.74039
142	137	0.899972
142	138	0.862108
142	139	0.911323
142	140	0.850588
142	141	0.908399
142	143	0.875564
142	144	0.918097
142	145	0.798707
142	146	0.891342
142	147	0.840898
142	148	0.891433
142	149	0.900289
142	150	0.887582
142	151	0.910894
142	152	0.892263
142	153	0.896629
142	154	0.806148
142	155	0.850323
142	156	0.829304
142	157	0.843385
142	158	0.894591
142	159	0.885734
142	160	0.817874
142	161	0.7676
142	162	0.8815
142	163	0.834347
142	164	0.788324
142	165	0.824079
142	166	0.865964
142	167	0.86598
142	168	0.791471
142	169	0.779073
142	170	0.802674
142	171	0.74944
142	172	0.856973
142	173	0.754588
142	174	0.792892
142	175	0.770243
142	176	0.772092
142	177	0.811433
142	178	0.581711
142	179	0.592504
142	180	0.585032
142	181	0.586942
142	182	0.56925
142	183	0.573176
142	184	0.574709
142	185	0.576655
142	186	0.57082
142	187	0
142	188	0
142	189	0
142	190	0
142	191	0
142	192	0
142	193	0
142	194	0
142	195	0
142	196	0
142	197	0
142	198	0
142	199	0
142	200	0
142	201	0
142	202	0
142	203	0
142	204	0
142	205	0
142	206	0
142	207	0.351086
142	208	0.340372
142	209	0.488267
142	210	0.35489
142	211	0.447195
142	212	0.411945
142	213	0.372191
142	214	0.33652
142	215	0.356469
142	216	0.35284
142	217	0.335448
142	218	0.161094
142	219	0.360141
142	220	0.171499
142	221	0.321826
142	222	0.320051
142	223	0.173743
142	224	0.189356
142	225	0.187672
142	226	0.184092
142	227	0.198652
142	228	0.17389
142	229	0.194072
142	230	0.189074
142	231	0.174597
142	232	0.175109
142	233	0.20937
142	234	0.191878
142	235	0.63805
142	236	0.223993
142	237	0.222376
142	238	0.240509
142	239	0.241416
142	240	0
142	241	0.739686
142	242	0.736333
142	243	0.767625
142	244	0.704799
142	245	0.758525
142	246	0.781338
142	247	0.786641
142	248	0.831557
142	249	0.704539
142	250	0
142	251	0.751499
142	252	0.812786
142	253	0.82198
142	254	0.727619
142	255	0.811191
142	256	0.797465
143	1	0.742322
143	2	0.725077
143	3	0.742864
143	4	0.690366
143	5	0.73518
143	6	0.754744
143	7	0.759323
143	8	0.766805
143	9	0.746702
143	10	0.764419
143	11	0.635115
143	12	0.733443
143	13	0.788581
143	14	0.645375
143	15	0.78529
143	16	0.757614
143	17	0.815027
143	18	0.81087
143	19	0.739176
143	20	0.739542
143	21	0
143	22	0.790627
143	23	0.649347
143	24	0.872414
143	25	0
143	26	0.763673
143	27	0.732289
143	28	0.759108
143	29	0.968595
143	30	0.751356
143	31	0.754377
143	32	0.769495
143	33	0
143	34	0.707326
143	35	0.779006
143	36	0.701562
143	37	0.758908
143	38	0.153751
143	39	0.772113
143	40	0.773048
143	41	0.766462
143	42	0.731571
143	43	0.775335
143	44	0.874584
143	45	0.86133
143	46	0.783034
143	47	0.849214
143	48	0.704273
143	49	0.836177
143	50	0.742158
143	51	0.789809
143	52	0.807988
143	53	0.789873
143	54	0.559311
143	55	0.546295
143	56	0.543038
143	57	0
143	58	0
143	59	0
143	60	0
143	61	0
143	62	0.403594
143	63	0.380671
143	64	0.412161
143	65	0.551913
143	66	0.560545
143	67	0.548045
143	68	0.557554
143	69	0.567922
143	70	0.55804
143	71	0.561126
143	72	0.554504
143	73	0.578065
143	74	0.574066
143	75	0.568622
143	76	0.582463
143	77	0.593878
143	78	0.580295
143	79	0.603419
143	80	0.592646
143	81	0.604376
143	82	0.599552
143	83	0.608668
143	84	0.618118
143	85	0.606212
143	86	0.649441
143	87	0.659238
143	88	0.6592
143	89	0.645387
143	90	0.646721
143	91	0.652974
143	92	0.672238
143	93	0.667688
143	94	0.670087
143	95	0.667365
143	96	0.661625
143	97	0.684573
143	98	0.773288
143	99	0.688534
143	100	0.69385
143	101	0.696015
143	102	0.697609
143	103	0.637524
143	104	0.624496
143	105	0.688274
143	106	0.625914
143	107	0.594211
143	108	0.617282
143	109	0.618421
143	110	0.676443
143	111	0.681091
143	112	0.68805
143	113	0.648883
143	114	0.606026
143	115	0.696923
143	116	0.680486
143	117	0.707774
143	118	0.690145
143	119	0.70824
143	120	0.722134
143	121	0.737799
143	122	0.72432
143	123	0.712221
143	124	0.714901
143	125	0.734124
143	126	0.633918
143	127	0
143	128	0.742034
143	129	0.652575
143	130	0.637913
143	131	0.633763
143	132	0.637972
143	133	0.773302
143	134	0.780912
143	135	0.642383
143	136	0.64853
143	137	0.788313
143	138	0.810374
143	139	0.798255
143	140	0.765467
143	141	0.795694
143	142	0.875564
143	144	0.95342
143	145	0.732547
143	146	0.981875
143	147	0.77112
143	148	0.802368
143	149	0.811053
143	150	0.967041
143	151	0.960372
143	152	0.940792
143	153	0.96257
143	154	0.744078
143	155	0.896571
143	156	0.763798
143	157	0.889256
143	158	0.948167
143	159	0.933908
143	160	0.754901
143	161	0.716948
143	162	0.957862
143	163	0.818481
143	164	0.731259
143	165	0.770285
143	166	0.943488
143	167	0.940998
143	168	0.740672
143	169	0.728872
143	170	0.750308
143	171	0.698721
143	172	0.933693
143	173	0.703957
143	174	0.748048
143	175	0.720612
143	176	0.728425
143	177	0.835258
143	178	0.544228
143	179	0.554325
143	180	0.547334
143	181	0.549122
143	182	0.53257
143	183	0.536243
143	184	0.537677
143	185	0.539497
143	186	0.534038
143	187	0
143	188	0
143	189	0
143	190	0
143	191	0
143	192	0
143	193	0
143	194	0
143	195	0
143	196	0
143	197	0
143	198	0
143	199	0
143	200	0
143	201	0
143	202	0
143	203	0
143	204	0
143	205	0
143	206	0
143	207	0.307527
143	208	0.298142
143	209	0.427688
143	210	0.310859
143	211	0.391711
143	212	0.360835
143	213	0.326014
143	214	0.294768
143	215	0.312242
143	216	0.309063
143	217	0.293829
143	218	0.141107
143	219	0.315458
143	220	0.150221
143	221	0.281897
143	222	0.280342
143	223	0.152187
143	224	0.165862
143	225	0.164387
143	226	0.161252
143	227	0.174005
143	228	0.152316
143	229	0.169993
143	230	0.165616
143	231	0.152934
143	232	0.153383
143	233	0.183393
143	234	0.168072
143	235	0.558887
143	236	0.196203
143	237	0.194785
143	238	0.210669
143	239	0.211463
143	240	0
143	241	0.647914
143	242	0.644976
143	243	0.672386
143	244	0.617354
143	245	0.664415
143	246	0.684398
143	247	0.689043
143	248	0.728386
143	249	0.617127
143	250	0
143	251	0.658261
143	252	0.711944
143	253	0.719998
143	254	0.637344
143	255	0.710547
143	256	0.698524
144	1	0.778382
144	2	0.7603
144	3	0.778951
144	4	0.723902
144	5	0.770893
144	6	0.791408
144	7	0.796209
144	8	0.804055
144	9	0.782975
144	10	0.801553
144	11	0.665967
144	12	0.769072
144	13	0.826888
144	14	0.676725
144	15	0.823438
144	16	0.794417
144	17	0.854619
144	18	0.85026
144	19	0.775084
144	20	0.775468
144	21	0
144	22	0.829034
144	23	0.670614
144	24	0.914794
144	25	0
144	26	0.788685
144	27	0.756272
144	28	0.78397
144	29	0.954641
144	30	0.775964
144	31	0.779084
144	32	0.794697
144	33	0
144	34	0.730492
144	35	0.804519
144	36	0.724539
144	37	0.783764
144	38	0.153369
144	39	0.797401
144	40	0.798367
144	41	0.791565
144	42	0.755531
144	43	0.800729
144	44	0.903228
144	45	0.88954
144	46	0.808679
144	47	0.877027
144	48	0.727339
144	49	0.863563
144	50	0.766465
144	51	0.815677
144	52	0.834451
144	53	0.815743
144	54	0.577629
144	55	0.564187
144	56	0.560823
144	57	0
144	58	0
144	59	0
144	60	0
144	61	0
144	62	0.4232
144	63	0.399163
144	64	0.432183
144	65	0.578724
144	66	0.587775
144	67	0.574668
144	68	0.584638
144	69	0.59551
144	70	0.585148
144	71	0.588384
144	72	0.58144
144	73	0.606146
144	74	0.601953
144	75	0.596245
144	76	0.610758
144	77	0.622727
144	78	0.608485
144	79	0.632731
144	80	0.621435
144	81	0.633735
144	82	0.628676
144	83	0.638236
144	84	0.648145
144	85	0.63566
144	86	0.680989
144	87	0.691263
144	88	0.691222
144	89	0.676738
144	90	0.678137
144	91	0.684694
144	92	0.704894
144	93	0.700122
144	94	0.702639
144	95	0.699784
144	96	0.693765
144	97	0.717828
144	98	0.810853
144	99	0.721982
144	100	0.727556
144	101	0.729825
144	102	0.731497
144	103	0.668494
144	104	0.654833
144	105	0.721708
144	106	0.65632
144	107	0.623076
144	108	0.647268
144	109	0.648463
144	110	0.709303
144	111	0.714176
144	112	0.721474
144	113	0.680404
144	114	0.635466
144	115	0.730778
144	116	0.713542
144	117	0.742156
144	118	0.72367
144	119	0.742644
144	120	0.757213
144	121	0.77364
144	122	0.759506
144	123	0.746819
144	124	0.74963
144	125	0.769786
144	126	0.664712
144	127	0
144	128	0.77808
144	129	0.684275
144	130	0.668901
144	131	0.66455
144	132	0.668963
144	133	0.810868
144	134	0.818847
144	135	0.673589
144	136	0.680034
144	137	0.826607
144	138	0.836915
144	139	0.837032
144	140	0.790537
144	141	0.834347
144	142	0.918097
144	143	0.95342
144	145	0.756539
144	146	0.970602
144	147	0.796375
144	148	0.828646
144	149	0.837616
144	150	0.966507
144	151	0.991893
144	152	0.971604
144	153	0.976359
144	154	0.768447
144	155	0.925935
144	156	0.788813
144	157	0.918381
144	158	0.974139
144	159	0.964495
144	160	0.779625
144	161	0.740429
144	162	0.959884
144	163	0.845287
144	164	0.755208
144	165	0.795513
144	166	0.942967
144	167	0.942984
144	168	0.76493
144	169	0.752744
144	170	0.774882
144	171	0.721605
144	172	0.933177
144	173	0.727012
144	174	0.772548
144	175	0.744213
144	176	0.752281
144	177	0.862614
144	178	0.562052
144	179	0.57248
144	180	0.56526
144	181	0.567106
144	182	0.550012
144	183	0.553805
144	184	0.555287
144	185	0.557166
144	186	0.551528
144	187	0
144	188	0
144	189	0
144	190	0
144	191	0
144	192	0
144	193	0
144	194	0
144	195	0
144	196	0
144	197	0
144	198	0
144	199	0
144	200	0
144	201	0
144	202	0
144	203	0
144	204	0
144	205	0
144	206	0
144	207	0.322466
144	208	0.312625
144	209	0.448464
144	210	0.32596
144	211	0.41074
144	212	0.378364
144	213	0.341851
144	214	0.309087
144	215	0.32741
144	216	0.324076
144	217	0.308102
144	218	0.147962
144	219	0.330782
144	220	0.157519
144	221	0.295591
144	222	0.29396
144	223	0.15958
144	224	0.17392
144	225	0.172373
144	226	0.169085
144	227	0.182458
144	228	0.159715
144	229	0.178251
144	230	0.173661
144	231	0.160364
144	232	0.160834
144	233	0.192302
144	234	0.176236
144	235	0.586036
144	236	0.205734
144	237	0.204248
144	238	0.220903
144	239	0.221735
144	240	0
144	241	0.679388
144	242	0.676307
144	243	0.705049
144	244	0.647344
144	245	0.696691
144	246	0.717644
144	247	0.722515
144	248	0.763769
144	249	0.647105
144	250	0
144	251	0.690238
144	252	0.746528
144	253	0.754973
144	254	0.668304
144	255	0.745064
144	256	0.732457
145	1	0.770935
145	2	0.837003
145	3	0.762363
145	4	0.757598
145	5	0.775835
145	6	0.783812
145	7	0.778208
145	8	0.792851
145	9	0.765273
145	10	0.783432
145	11	0.752324
145	12	0.738199
145	13	0.793694
145	14	0.764477
145	15	0.790382
145	16	0.843492
145	17	0.825123
145	18	0.809346
145	19	0.811702
145	20	0.862253
145	21	0
145	22	0.863046
145	23	0.861877
145	24	0.787891
145	25	0
145	26	0.945775
145	27	0.994929
145	28	0.953987
145	29	0.733485
145	30	0.972351
145	31	0.966539
145	32	0.947359
145	33	0
145	34	0.947622
145	35	0.937749
145	36	0.932301
145	37	0.963346
145	38	0.117925
145	39	0.945697
145	40	0.947489
145	41	0.949572
145	42	0.957995
145	43	0.936162
145	44	0.834015
145	45	0.847076
145	46	0.921814
145	47	0.857116
145	48	0.914856
145	49	0.862431
145	50	0.92365
145	51	0.892352
145	52	0.883129
145	53	0.856972
145	54	0.721079
145	55	0.704298
145	56	0.700099
145	57	0
145	58	0
145	59	0
145	60	0
145	61	0
145	62	0.419151
145	63	0.395344
145	64	0.428048
145	65	0.573187
145	66	0.582151
145	67	0.56917
145	68	0.579045
145	69	0.589812
145	70	0.579549
145	71	0.582755
145	72	0.575877
145	73	0.600346
145	74	0.596193
145	75	0.59054
145	76	0.604915
145	77	0.616769
145	78	0.602663
145	79	0.626678
145	80	0.615489
145	81	0.627671
145	82	0.622661
145	83	0.63213
145	84	0.641944
145	85	0.629578
145	86	0.670952
145	87	0.681075
145	88	0.681034
145	89	0.670264
145	90	0.668142
145	91	0.676949
145	92	0.694505
145	93	0.692203
145	94	0.692283
145	95	0.693089
145	96	0.687127
145	97	0.707248
145	98	0.800497
145	99	0.712598
145	100	0.718414
145	101	0.720256
145	102	0.724445
145	103	0.690488
145	104	0.681178
145	105	0.735476
145	106	0.682725
145	107	0.648392
145	108	0.673567
145	109	0.67481
145	110	0.727813
145	111	0.736119
145	112	0.748372
145	113	0.709984
145	114	0.665292
145	115	0.760179
145	116	0.74225
145	117	0.758625
145	118	0.752785
145	119	0.772523
145	120	0.767403
145	121	0.76686
145	122	0.773416
145	123	0.776865
145	124	0.770829
145	125	0.788151
145	126	0.722005
145	127	0
145	128	0.798422
145	129	0.743258
145	130	0.755638
145	131	0.750723
145	132	0.755709
145	133	0.830252
145	134	0.829044
145	135	0.760934
145	136	0.768215
145	137	0.793424
145	138	0.901758
145	139	0.847251
145	140	0.919674
145	141	0.846871
145	142	0.798707
145	143	0.732547
145	144	0.756539
145	146	0.745748
145	147	0.946964
145	148	0.801317
145	149	0.792479
145	150	0.743475
145	151	0.761918
145	152	0.767968
145	153	0.757801
145	154	0.983263
145	155	0.804763
145	156	0.955809
145	157	0.815394
145	158	0.769445
145	159	0.781057
145	160	0.969849
145	161	0.93399
145	162	0.738641
145	163	0.872556
145	164	0.961034
145	165	0.94183
145	166	0.725342
145	167	0.725636
145	168	0.941104
145	169	0.940933
145	170	0.948589
145	171	0.911893
145	172	0.717812
145	173	0.918157
145	174	0.93131
145	175	0.92611
145	176	0.917078
145	177	0.86015
145	178	0.701633
145	179	0.71465
145	180	0.705638
145	181	0.707942
145	182	0.686603
145	183	0.691339
145	184	0.693188
145	185	0.695534
145	186	0.688496
145	187	0
145	188	0
145	189	0
145	190	0
145	191	0
145	192	0
145	193	0
145	194	0
145	195	0
145	196	0
145	197	0
145	198	0
145	199	0
145	200	0
145	201	0
145	202	0
145	203	0
145	204	0
145	205	0
145	206	0
145	207	0.31938
145	208	0.309634
145	209	0.444173
145	210	0.322841
145	211	0.40681
145	212	0.374744
145	213	0.33858
145	214	0.30613
145	215	0.324278
145	216	0.320976
145	217	0.305154
145	218	0.146546
145	219	0.327617
145	220	0.156012
145	221	0.292763
145	222	0.291148
145	223	0.158053
145	224	0.172256
145	225	0.170724
145	226	0.167468
145	227	0.180712
145	228	0.158187
145	229	0.176546
145	230	0.172
145	231	0.158829
145	232	0.159296
145	233	0.190462
145	234	0.17455
145	235	0.580429
145	236	0.203765
145	237	0.202293
145	238	0.218789
145	239	0.219614
145	240	0
145	241	0.669375
145	242	0.66634
145	243	0.733415
145	244	0.673646
145	245	0.72472
145	246	0.746517
145	247	0.750305
145	248	0.756461
145	249	0.689973
145	250	0
145	251	0.725597
145	252	0.762245
145	253	0.760982
145	254	0.712577
145	255	0.760571
145	256	0.761925
146	1	0.7557
146	2	0.738144
146	3	0.756251
146	4	0.702807
146	5	0.748429
146	6	0.768345
146	7	0.773006
146	8	0.780624
146	9	0.760158
146	10	0.778195
146	11	0.64656
146	12	0.746661
146	13	0.802792
146	14	0.657005
146	15	0.799442
146	16	0.771267
146	17	0.829715
146	18	0.825483
146	19	0.752497
146	20	0.75287
146	21	0
146	22	0.804875
146	23	0.661049
146	24	0.888136
146	25	0
146	26	0.777436
146	27	0.745485
146	28	0.772788
146	29	0.983154
146	30	0.764896
146	31	0.767972
146	32	0.783362
146	33	0
146	34	0.720073
146	35	0.793044
146	36	0.714205
146	37	0.772585
146	38	0.156521
146	39	0.786027
146	40	0.78698
146	41	0.780274
146	42	0.744755
146	43	0.789308
146	44	0.890345
146	45	0.876852
146	46	0.797145
146	47	0.864518
146	48	0.716965
146	49	0.851246
146	50	0.755533
146	51	0.804042
146	52	0.822549
146	53	0.804108
146	54	0.56939
146	55	0.55614
146	56	0.552824
146	57	0
146	58	0
146	59	0
146	60	0
146	61	0
146	62	0.410867
146	63	0.387531
146	64	0.419589
146	65	0.561859
146	66	0.570647
146	67	0.557922
146	68	0.567601
146	69	0.578156
146	70	0.568096
146	71	0.571238
146	72	0.564496
146	73	0.588482
146	74	0.584411
146	75	0.57887
146	76	0.59296
146	77	0.60458
146	78	0.590753
146	79	0.614293
146	80	0.603326
146	81	0.615267
146	82	0.610356
146	83	0.619637
146	84	0.629257
146	85	0.617136
146	86	0.661144
146	87	0.671119
146	88	0.671079
146	89	0.657018
146	90	0.658376
146	91	0.664741
146	92	0.684353
146	93	0.67972
146	94	0.682163
146	95	0.679392
146	96	0.673548
146	97	0.69691
146	98	0.787224
146	99	0.700942
146	100	0.706354
146	101	0.708557
146	102	0.710181
146	103	0.649013
146	104	0.63575
146	105	0.700677
146	106	0.637194
146	107	0.604919
146	108	0.628406
146	109	0.629566
146	110	0.688633
146	111	0.693365
146	112	0.700449
146	113	0.660577
146	114	0.616948
146	115	0.709483
146	116	0.692749
146	117	0.720529
146	118	0.702582
146	119	0.721003
146	120	0.735147
146	121	0.751095
146	122	0.737373
146	123	0.725056
146	124	0.727785
146	125	0.747354
146	126	0.645342
146	127	0
146	128	0.755406
146	129	0.664335
146	130	0.649408
146	131	0.645185
146	132	0.649469
146	133	0.787238
146	134	0.794985
146	135	0.65396
146	136	0.660217
146	137	0.802519
146	138	0.824978
146	139	0.812641
146	140	0.779262
146	141	0.810033
146	142	0.891342
146	143	0.981875
146	144	0.970602
146	145	0.745748
146	147	0.785016
146	148	0.816827
146	149	0.825669
146	150	0.984468
146	151	0.977679
146	152	0.957746
146	153	0.979917
146	154	0.757487
146	155	0.912729
146	156	0.777562
146	157	0.905282
146	158	0.965254
146	159	0.950738
146	160	0.768505
146	161	0.729868
146	162	0.975124
146	163	0.833231
146	164	0.744437
146	165	0.784167
146	166	0.960491
146	167	0.957956
146	168	0.75402
146	169	0.742007
146	170	0.76383
146	171	0.711312
146	172	0.950519
146	173	0.716643
146	174	0.761529
146	175	0.733598
146	176	0.741552
146	177	0.85031
146	178	0.554035
146	179	0.564314
146	180	0.557198
146	181	0.559017
146	182	0.542167
146	183	0.545906
146	184	0.547367
146	185	0.549219
146	186	0.543662
146	187	0
146	188	0
146	189	0
146	190	0
146	191	0
146	192	0
146	193	0
146	194	0
146	195	0
146	196	0
146	197	0
146	198	0
146	199	0
146	200	0
146	201	0
146	202	0
146	203	0
146	204	0
146	205	0
146	206	0
146	207	0.313069
146	208	0.303515
146	209	0.435395
146	210	0.316461
146	211	0.39877
146	212	0.367338
146	213	0.331889
146	214	0.30008
146	215	0.317869
146	216	0.314632
146	217	0.299124
146	218	0.14365
146	219	0.321143
146	220	0.152928
146	221	0.286977
146	222	0.285394
146	223	0.15493
146	224	0.168851
146	225	0.16735
146	226	0.164158
146	227	0.177141
146	228	0.155061
146	229	0.173057
146	230	0.1686
146	231	0.15569
146	232	0.156147
146	233	0.186698
146	234	0.171101
146	235	0.568959
146	236	0.199738
146	237	0.198296
146	238	0.214466
146	239	0.215274
146	240	0
146	241	0.65959
146	242	0.656599
146	243	0.684503
146	244	0.62848
146	245	0.676388
146	246	0.696731
146	247	0.70146
146	248	0.741512
146	249	0.628248
146	250	0
146	251	0.670123
146	252	0.724774
146	253	0.732973
146	254	0.648829
146	255	0.723352
146	256	0.711112
147	1	0.81166
147	2	0.877801
147	3	0.802635
147	4	0.794525
147	5	0.815232
147	6	0.825217
147	7	0.819317
147	8	0.834733
147	9	0.805699
147	10	0.824817
147	11	0.788994
147	12	0.777194
147	13	0.835621
147	14	0.80174
147	15	0.832134
147	16	0.884862
147	17	0.86871
147	18	0.852099
147	19	0.85458
147	20	0.90589
147	21	0
147	22	0.908637
147	23	0.827493
147	24	0.829511
147	25	0
147	26	0.989358
147	27	0.946707
147	28	0.982619
147	29	0.772107
147	30	0.971357
147	31	0.971729
147	32	0.981935
147	33	0
147	34	0.903853
147	35	0.978814
147	36	0.894038
147	37	0.971956
147	38	0.124134
147	39	0.976001
147	40	0.973156
147	41	0.96551
147	42	0.930542
147	43	0.95783
147	44	0.877931
147	45	0.89168
147	46	0.949264
147	47	0.902249
147	48	0.887138
147	49	0.903675
147	50	0.916131
147	51	0.923509
147	52	0.913963
147	53	0.886893
147	54	0.702743
147	55	0.686389
147	56	0.682297
147	57	0
147	58	0
147	59	0
147	60	0
147	61	0
147	62	0.441293
147	63	0.416228
147	64	0.45066
147	65	0.603466
147	66	0.612904
147	67	0.599236
147	68	0.609633
147	69	0.620969
147	70	0.610164
147	71	0.613539
147	72	0.606298
147	73	0.63206
147	74	0.627687
147	75	0.621736
147	76	0.636869
147	77	0.64935
147	78	0.634499
147	79	0.659782
147	80	0.648003
147	81	0.660828
147	82	0.655554
147	83	0.665522
147	84	0.675855
147	85	0.662836
147	86	0.706396
147	87	0.717052
147	88	0.71701
147	89	0.70567
147	90	0.703437
147	91	0.712709
147	92	0.731193
147	93	0.728769
147	94	0.728853
147	95	0.729701
147	96	0.723425
147	97	0.744609
147	98	0.842784
147	99	0.750241
147	100	0.756364
147	101	0.758304
147	102	0.762714
147	103	0.724144
147	104	0.714381
147	105	0.771325
147	106	0.716003
147	107	0.679996
147	108	0.706398
147	109	0.707702
147	110	0.763288
147	111	0.771999
147	112	0.78485
147	113	0.74459
147	114	0.697719
147	115	0.797232
147	116	0.778428
147	117	0.796065
147	118	0.789478
147	119	0.810177
147	120	0.806173
147	121	0.806714
147	122	0.81249
147	123	0.814731
147	124	0.808401
147	125	0.82797
147	126	0.757197
147	127	0
147	128	0.838759
147	129	0.779486
147	130	0.79247
147	131	0.787315
147	132	0.792544
147	133	0.87411
147	134	0.872838
147	135	0.798023
147	136	0.805659
147	137	0.835337
147	138	0.949394
147	139	0.892007
147	140	0.966217
147	141	0.891607
147	142	0.840898
147	143	0.77112
147	144	0.796375
147	145	0.946964
147	146	0.785016
147	148	0.843647
147	149	0.834342
147	150	0.782624
147	151	0.802037
147	152	0.808406
147	153	0.797704
147	154	0.954829
147	155	0.847138
147	156	0.977684
147	157	0.85833
147	158	0.809961
147	159	0.822185
147	160	0.96591
147	161	0.905692
147	162	0.777535
147	163	0.918501
147	164	0.930339
147	165	0.960782
147	166	0.763536
147	167	0.763846
147	168	0.927932
147	169	0.916123
147	170	0.938367
147	171	0.884264
147	172	0.755609
147	173	0.890339
147	174	0.923729
147	175	0.905409
147	176	0.901305
147	177	0.901285
147	178	0.683792
147	179	0.696479
147	180	0.687695
147	181	0.689941
147	182	0.669145
147	183	0.673759
147	184	0.675562
147	185	0.677848
147	186	0.670989
147	187	0
147	188	0
147	189	0
147	190	0
147	191	0
147	192	0
147	193	0
147	194	0
147	195	0
147	196	0
147	197	0
147	198	0
147	199	0
147	200	0
147	201	0
147	202	0
147	203	0
147	204	0
147	205	0
147	206	0
147	207	0.336252
147	208	0.32599
147	209	0.467636
147	210	0.339895
147	211	0.4283
147	212	0.39454
147	213	0.356466
147	214	0.322301
147	215	0.341408
147	216	0.337931
147	217	0.321274
147	218	0.154287
147	219	0.344924
147	220	0.164253
147	221	0.308228
147	222	0.306528
147	223	0.166402
147	224	0.181355
147	225	0.179742
147	226	0.176314
147	227	0.190259
147	228	0.166543
147	229	0.185872
147	230	0.181085
147	231	0.167219
147	232	0.16771
147	233	0.200523
147	234	0.183771
147	235	0.611091
147	236	0.214529
147	237	0.21298
147	238	0.230347
147	239	0.231215
147	240	0
147	241	0.704735
147	242	0.701539
147	243	0.769163
147	244	0.706481
147	245	0.760045
147	246	0.782904
147	247	0.786877
147	248	0.796422
147	249	0.723604
147	250	0
147	251	0.760964
147	252	0.800755
147	253	0.799428
147	254	0.747309
147	255	0.798996
147	256	0.799063
148	1	0.798116
148	2	0.807788
148	3	0.798698
148	4	0.751512
148	5	0.790437
148	6	0.811471
148	7	0.816394
148	8	0.824439
148	9	0.802824
148	10	0.821874
148	11	0.721468
148	12	0.788569
148	13	0.847851
148	14	0.733123
148	15	0.844313
148	16	0.843521
148	17	0.876285
148	18	0.871815
148	19	0.822992
148	20	0.840095
148	21	0
148	22	0.875051
148	23	0.702961
148	24	0.879362
148	25	0
148	26	0.837451
148	27	0.8011
148	28	0.830439
148	29	0.803395
148	30	0.821958
148	31	0.822273
148	32	0.838535
148	33	0
148	34	0.767829
148	35	0.847696
148	36	0.759491
148	37	0.825683
148	38	0.129165
148	39	0.839626
148	40	0.839356
148	41	0.828949
148	42	0.791239
148	43	0.829711
148	44	0.901511
148	45	0.892895
148	46	0.828144
148	47	0.881367
148	48	0.756453
148	49	0.86682
148	50	0.790408
148	51	0.827373
148	52	0.838581
148	53	0.81978
148	54	0.600751
148	55	0.58677
148	56	0.583272
148	57	0
148	58	0
148	59	0
148	60	0
148	61	0
148	62	0.433928
148	63	0.409282
148	64	0.443139
148	65	0.593395
148	66	0.602676
148	67	0.589237
148	68	0.59946
148	69	0.610607
148	70	0.599982
148	71	0.6033
148	72	0.59618
148	73	0.621512
148	74	0.617213
148	75	0.61136
148	76	0.626242
148	77	0.638514
148	78	0.623911
148	79	0.648772
148	80	0.637189
148	81	0.649801
148	82	0.644614
148	83	0.654416
148	84	0.664576
148	85	0.651775
148	86	0.698253
148	87	0.708787
148	88	0.708745
148	89	0.693895
148	90	0.695329
148	91	0.702052
148	92	0.722764
148	93	0.717871
148	94	0.720451
148	95	0.717524
148	96	0.711353
148	97	0.736026
148	98	0.831409
148	99	0.740285
148	100	0.746
148	101	0.748327
148	102	0.750042
148	103	0.689099
148	104	0.679808
148	105	0.740005
148	106	0.681352
148	107	0.646841
148	108	0.671955
148	109	0.673196
148	110	0.728722
148	111	0.736848
148	112	0.748101
148	113	0.706355
148	114	0.659703
148	115	0.758651
148	116	0.740757
148	117	0.76664
148	118	0.751271
148	119	0.770969
148	120	0.77641
148	121	0.793252
148	122	0.782458
148	123	0.775303
148	124	0.777605
148	125	0.797366
148	126	0.696412
148	127	0
148	128	0.807756
148	129	0.716912
148	130	0.724647
148	131	0.719933
148	132	0.724714
148	133	0.841801
148	134	0.840576
148	135	0.729725
148	136	0.736707
148	137	0.847563
148	138	0.879971
148	139	0.870996
148	140	0.850747
148	141	0.870604
148	142	0.891433
148	143	0.802368
148	144	0.828646
148	145	0.801317
148	146	0.816827
148	147	0.843647
148	149	0.987676
148	150	0.814338
148	151	0.834538
148	152	0.841165
148	153	0.830029
148	154	0.808783
148	155	0.881467
148	156	0.832014
148	157	0.893111
148	158	0.842783
148	159	0.855502
148	160	0.820547
148	161	0.770496
148	162	0.809043
148	163	0.858812
148	164	0.790901
148	165	0.828101
148	166	0.794476
148	167	0.794798
148	168	0.795334
148	169	0.782875
148	170	0.806592
148	171	0.751889
148	172	0.786228
148	173	0.757054
148	174	0.796962
148	175	0.774003
148	176	0.776056
148	177	0.865867
148	178	0.58455
148	179	0.595395
148	180	0.587887
148	181	0.589807
148	182	0.572028
148	183	0.575973
148	184	0.577514
148	185	0.579469
148	186	0.573605
148	187	0
148	188	0
148	189	0
148	190	0
148	191	0
148	192	0
148	193	0
148	194	0
148	195	0
148	196	0
148	197	0
148	198	0
148	199	0
148	200	0
148	201	0
148	202	0
148	203	0
148	204	0
148	205	0
148	206	0
148	207	0.330641
148	208	0.32055
148	209	0.459833
148	210	0.334223
148	211	0.421152
148	212	0.387956
148	213	0.350517
148	214	0.316923
148	215	0.335711
148	216	0.332292
148	217	0.315913
148	218	0.151713
148	219	0.339168
148	220	0.161512
148	221	0.303084
148	222	0.301413
148	223	0.163626
148	224	0.178329
148	225	0.176743
148	226	0.173372
148	227	0.187084
148	228	0.163764
148	229	0.18277
148	230	0.178064
148	231	0.164429
148	232	0.164912
148	233	0.197177
148	234	0.180704
148	235	0.600893
148	236	0.210949
148	237	0.209426
148	238	0.226503
148	239	0.227357
148	240	0
148	241	0.696611
148	242	0.693453
148	243	0.73194
148	244	0.672034
148	245	0.723263
148	246	0.745015
148	247	0.749478
148	248	0.783131
148	249	0.671786
148	250	0
148	251	0.716564
148	252	0.771157
148	253	0.774113
148	254	0.693794
148	255	0.769463
148	256	0.760393
149	1	0.806044
149	2	0.798879
149	3	0.806633
149	4	0.749628
149	5	0.798289
149	6	0.819532
149	7	0.824504
149	8	0.832629
149	9	0.8108
149	10	0.830039
149	11	0.713511
149	12	0.796403
149	13	0.856274
149	14	0.725037
149	15	0.852701
149	16	0.834217
149	17	0.884991
149	18	0.880477
149	19	0.813915
149	20	0.830829
149	21	0
149	22	0.8654
149	23	0.695208
149	24	0.888098
149	25	0
149	26	0.828215
149	27	0.792264
149	28	0.82128
149	29	0.812092
149	30	0.812893
149	31	0.813204
149	32	0.829286
149	33	0
149	34	0.75936
149	35	0.838347
149	36	0.751115
149	37	0.816576
149	38	0.130563
149	39	0.830366
149	40	0.830098
149	41	0.819806
149	42	0.782512
149	43	0.82056
149	44	0.91127
149	45	0.90256
149	46	0.822275
149	47	0.890908
149	48	0.74811
149	49	0.876203
149	50	0.78169
149	51	0.829378
149	52	0.847658
149	53	0.828654
149	54	0.594125
149	55	0.580299
149	56	0.576839
149	57	0
149	58	0
149	59	0
149	60	0
149	61	0
149	62	0.438239
149	63	0.413348
149	64	0.447542
149	65	0.599291
149	66	0.608663
149	67	0.59509
149	68	0.605415
149	69	0.616673
149	70	0.605943
149	71	0.609294
149	72	0.602103
149	73	0.627687
149	74	0.623345
149	75	0.617434
149	76	0.632463
149	77	0.644858
149	78	0.630109
149	79	0.655217
149	80	0.64352
149	81	0.656256
149	82	0.651018
149	83	0.660918
149	84	0.671179
149	85	0.65825
149	86	0.70519
149	87	0.715829
149	88	0.715786
149	89	0.700788
149	90	0.702237
149	91	0.709026
149	92	0.729945
149	93	0.725003
149	94	0.727609
149	95	0.724653
149	96	0.71842
149	97	0.743338
149	98	0.839669
149	99	0.747639
149	100	0.753412
149	101	0.755762
149	102	0.757493
149	103	0.692251
149	104	0.678104
149	105	0.747356
149	106	0.679644
149	107	0.645219
149	108	0.670271
149	109	0.671508
149	110	0.73451
149	111	0.739557
149	112	0.747113
149	113	0.704584
149	114	0.658049
149	115	0.756749
149	116	0.7389
149	117	0.76853
149	118	0.749388
149	119	0.769036
149	120	0.784123
149	121	0.801133
149	122	0.786497
149	123	0.773359
149	124	0.77627
149	125	0.797142
149	126	0.688731
149	127	0
149	128	0.805731
149	129	0.709005
149	130	0.716654
149	131	0.711993
149	132	0.716721
149	133	0.839684
149	134	0.847947
149	135	0.721677
149	136	0.728582
149	137	0.855983
149	138	0.870265
149	139	0.869357
149	140	0.841364
149	141	0.867228
149	142	0.900289
149	143	0.811053
149	144	0.837616
149	145	0.792479
149	146	0.825669
149	147	0.834342
149	148	0.987676
149	150	0.823153
149	151	0.843572
149	152	0.85027
149	153	0.839014
149	154	0.799862
149	155	0.891008
149	156	0.822838
149	157	0.902779
149	158	0.851906
149	159	0.864762
149	160	0.811497
149	161	0.761998
149	162	0.8178
149	163	0.868109
149	164	0.782178
149	165	0.818967
149	166	0.803076
149	167	0.803402
149	168	0.786562
149	169	0.77424
149	170	0.797696
149	171	0.743596
149	172	0.794739
149	173	0.748705
149	174	0.788173
149	175	0.765466
149	176	0.767497
149	177	0.87524
149	178	0.578103
149	179	0.588828
149	180	0.581403
149	181	0.583301
149	182	0.565719
149	183	0.569621
149	184	0.571145
149	185	0.573078
149	186	0.567279
149	187	0
149	188	0
149	189	0
149	190	0
149	191	0
149	192	0
149	193	0
149	194	0
149	195	0
149	196	0
149	197	0
149	198	0
149	199	0
149	200	0
149	201	0
149	202	0
149	203	0
149	204	0
149	205	0
149	206	0
149	207	0.333925
149	208	0.323735
149	209	0.464401
149	210	0.337544
149	211	0.425336
149	212	0.39181
149	213	0.353999
149	214	0.320072
149	215	0.339046
149	216	0.335593
149	217	0.319051
149	218	0.15322
149	219	0.342538
149	220	0.163117
149	221	0.306095
149	222	0.304407
149	223	0.165251
149	224	0.1801
149	225	0.178499
149	226	0.175094
149	227	0.188942
149	228	0.165391
149	229	0.184586
149	230	0.179833
149	231	0.166063
149	232	0.16655
149	233	0.199136
149	234	0.182499
149	235	0.606863
149	236	0.213045
149	237	0.211506
149	238	0.228753
149	239	0.229615
149	240	0
149	241	0.703532
149	242	0.700342
149	243	0.730105
149	244	0.670349
149	245	0.721449
149	246	0.743148
149	247	0.748191
149	248	0.790912
149	249	0.670102
149	250	0
149	251	0.714767
149	252	0.773058
149	253	0.781803
149	254	0.692054
149	255	0.771542
149	256	0.758487
150	1	0.752511
150	2	0.735029
150	3	0.75306
150	4	0.699842
150	5	0.745271
150	6	0.765103
150	7	0.769745
150	8	0.77733
150	9	0.756951
150	10	0.774912
150	11	0.643832
150	12	0.74351
150	13	0.799405
150	14	0.654233
150	15	0.796069
150	16	0.768013
150	17	0.826214
150	18	0.822
150	19	0.749322
150	20	0.749693
150	21	0
150	22	0.801479
150	23	0.659034
150	24	0.884388
150	25	0
150	26	0.775066
150	27	0.743213
150	28	0.770433
150	29	0.969408
150	30	0.762565
150	31	0.765631
150	32	0.780975
150	33	0
150	34	0.717878
150	35	0.790628
150	36	0.712028
150	37	0.77023
150	38	0.158431
150	39	0.783632
150	40	0.784581
150	41	0.777897
150	42	0.742485
150	43	0.786902
150	44	0.887631
150	45	0.87418
150	46	0.794716
150	47	0.861883
150	48	0.714779
150	49	0.848652
150	50	0.75323
150	51	0.801592
150	52	0.820042
150	53	0.801657
150	54	0.567655
150	55	0.554445
150	56	0.551139
150	57	0
150	58	0
150	59	0
150	60	0
150	61	0
150	62	0.409134
150	63	0.385896
150	64	0.417818
150	65	0.559489
150	66	0.568239
150	67	0.555568
150	68	0.565206
150	69	0.575717
150	70	0.565699
150	71	0.568828
150	72	0.562115
150	73	0.585999
150	74	0.581945
150	75	0.576427
150	76	0.590458
150	77	0.602029
150	78	0.58826
150	79	0.611701
150	80	0.60078
150	81	0.612671
150	82	0.607781
150	83	0.617023
150	84	0.626603
150	85	0.614532
150	86	0.658355
150	87	0.668287
150	88	0.668248
150	89	0.654245
150	90	0.655598
150	91	0.661937
150	92	0.681465
150	93	0.676852
150	94	0.679285
150	95	0.676525
150	96	0.670706
150	97	0.693969
150	98	0.783902
150	99	0.697985
150	100	0.703374
150	101	0.705568
150	102	0.707184
150	103	0.646275
150	104	0.633068
150	105	0.697721
150	106	0.634506
150	107	0.602367
150	108	0.625755
150	109	0.62691
150	110	0.685727
150	111	0.690439
150	112	0.697494
150	113	0.65779
150	114	0.614345
150	115	0.706489
150	116	0.689826
150	117	0.717488
150	118	0.699617
150	119	0.717961
150	120	0.732046
150	121	0.747926
150	122	0.734262
150	123	0.721996
150	124	0.724714
150	125	0.7442
150	126	0.642619
150	127	0
150	128	0.752219
150	129	0.661532
150	130	0.646668
150	131	0.642462
150	132	0.646729
150	133	0.783917
150	134	0.791631
150	135	0.6512
150	136	0.657431
150	137	0.799133
150	138	0.822464
150	139	0.809212
150	140	0.776887
150	141	0.806615
150	142	0.887582
150	143	0.967041
150	144	0.966507
150	145	0.743475
150	146	0.984468
150	147	0.782624
150	148	0.814338
150	149	0.823153
150	151	0.973554
150	152	0.953705
150	153	0.980511
150	154	0.755178
150	155	0.908878
150	156	0.775192
150	157	0.902523
150	158	0.96548
150	159	0.947841
150	160	0.766163
150	161	0.727644
150	162	0.98215
150	163	0.830691
150	164	0.742168
150	165	0.781777
150	166	0.97561
150	167	0.96543
150	168	0.751722
150	169	0.739746
150	170	0.761502
150	171	0.709145
150	172	0.965481
150	173	0.714459
150	174	0.759208
150	175	0.731362
150	176	0.739292
150	177	0.847719
150	178	0.552347
150	179	0.562595
150	180	0.5555
150	181	0.557314
150	182	0.540515
150	183	0.544243
150	184	0.545698
150	185	0.547546
150	186	0.542005
150	187	0
150	188	0
150	189	0
150	190	0
150	191	0
150	192	0
150	193	0
150	194	0
150	195	0
150	196	0
150	197	0
150	198	0
150	199	0
150	200	0
150	201	0
150	202	0
150	203	0
150	204	0
150	205	0
150	206	0
150	207	0.311748
150	208	0.302234
150	209	0.433558
150	210	0.315126
150	211	0.397088
150	212	0.365788
150	213	0.330488
150	214	0.298814
150	215	0.316528
150	216	0.313305
150	217	0.297862
150	218	0.143044
150	219	0.319788
150	220	0.152283
150	221	0.285766
150	222	0.28419
150	223	0.154276
150	224	0.168139
150	225	0.166644
150	226	0.163465
150	227	0.176394
150	228	0.154406
150	229	0.172327
150	230	0.167889
150	231	0.155034
150	232	0.155489
150	233	0.18591
150	234	0.170379
150	235	0.566558
150	236	0.198896
150	237	0.197459
150	238	0.213561
150	239	0.214366
150	240	0
150	241	0.656807
150	242	0.653829
150	243	0.681615
150	244	0.625828
150	245	0.673534
150	246	0.693792
150	247	0.6985
150	248	0.738383
150	249	0.625597
150	250	0
150	251	0.667296
150	252	0.721716
150	253	0.72988
150	254	0.646092
150	255	0.7203
150	256	0.708112
151	1	0.772276
151	2	0.754335
151	3	0.77284
151	4	0.718223
151	5	0.764846
151	6	0.785199
151	7	0.789963
151	8	0.797747
151	9	0.776832
151	10	0.795265
151	11	0.660743
151	12	0.763039
151	13	0.820401
151	14	0.671417
151	15	0.816978
151	16	0.788185
151	17	0.847915
151	18	0.84359
151	19	0.769003
151	20	0.769384
151	21	0
151	22	0.82253
151	23	0.675382
151	24	0.907617
151	25	0
151	26	0.794292
151	27	0.761649
151	28	0.789544
151	29	0.961602
151	30	0.781481
151	31	0.784623
151	32	0.800348
151	33	0
151	34	0.735686
151	35	0.81024
151	36	0.729691
151	37	0.789336
151	38	0.154487
151	39	0.80307
151	40	0.804043
151	41	0.797193
151	42	0.760903
151	43	0.806422
151	44	0.90965
151	45	0.895865
151	46	0.814429
151	47	0.883263
151	48	0.73251
151	49	0.869703
151	50	0.771915
151	51	0.821476
151	52	0.840384
151	53	0.821543
151	54	0.581736
151	55	0.568198
151	56	0.564811
151	57	0
151	58	0
151	59	0
151	60	0
151	61	0
151	62	0.41988
151	63	0.396031
151	64	0.428793
151	65	0.574184
151	66	0.583164
151	67	0.57016
151	68	0.580052
151	69	0.590838
151	70	0.580558
151	71	0.583768
151	72	0.576879
151	73	0.601391
151	74	0.59723
151	75	0.591567
151	76	0.605967
151	77	0.617842
151	78	0.603711
151	79	0.627768
151	80	0.61656
151	81	0.628763
151	82	0.623745
151	83	0.633229
151	84	0.643061
151	85	0.630673
151	86	0.675647
151	87	0.68584
151	88	0.6858
151	89	0.671429
151	90	0.672817
151	91	0.679323
151	92	0.699364
151	93	0.69463
151	94	0.697126
151	95	0.694294
151	96	0.688322
151	97	0.712197
151	98	0.804492
151	99	0.716318
151	100	0.721848
151	101	0.7241
151	102	0.725759
151	103	0.66325
151	104	0.649696
151	105	0.716047
151	106	0.651171
151	107	0.618188
151	108	0.64219
151	109	0.643376
151	110	0.703738
151	111	0.708574
151	112	0.715814
151	113	0.675067
151	114	0.630481
151	115	0.725046
151	116	0.707944
151	117	0.736334
151	118	0.717993
151	119	0.736818
151	120	0.751273
151	121	0.767571
151	122	0.753548
151	123	0.74096
151	124	0.743749
151	125	0.763747
151	126	0.659498
151	127	0
151	128	0.771976
151	129	0.678907
151	130	0.663653
151	131	0.659337
151	132	0.663716
151	133	0.804507
151	134	0.812424
151	135	0.668304
151	136	0.674699
151	137	0.820123
151	138	0.842866
151	139	0.830466
151	140	0.796158
151	141	0.827802
151	142	0.910894
151	143	0.960372
151	144	0.991893
151	145	0.761918
151	146	0.977679
151	147	0.802037
151	148	0.834538
151	149	0.843572
151	150	0.973554
151	152	0.978513
151	153	0.983478
151	154	0.773911
151	155	0.932519
151	156	0.794422
151	157	0.92491
151	158	0.981065
151	159	0.971353
151	160	0.785169
151	161	0.745694
151	162	0.966883
151	163	0.851297
151	164	0.760578
151	165	0.801169
151	166	0.949842
151	167	0.94986
151	168	0.770369
151	169	0.758096
151	170	0.780392
151	171	0.726736
151	172	0.939981
151	173	0.732181
151	174	0.778041
151	175	0.749504
151	176	0.75763
151	177	0.868747
151	178	0.566048
151	179	0.57655
151	180	0.569279
151	181	0.571138
151	182	0.553923
151	183	0.557743
151	184	0.559235
151	185	0.561128
151	186	0.55545
151	187	0
151	188	0
151	189	0
151	190	0
151	191	0
151	192	0
151	193	0
151	194	0
151	195	0
151	196	0
151	197	0
151	198	0
151	199	0
151	200	0
151	201	0
151	202	0
151	203	0
151	204	0
151	205	0
151	206	0
151	207	0.319936
151	208	0.310172
151	209	0.444945
151	210	0.323403
151	211	0.407517
151	212	0.375396
151	213	0.339169
151	214	0.306663
151	215	0.324842
151	216	0.321534
151	217	0.305685
151	218	0.146801
151	219	0.328187
151	220	0.156283
151	221	0.293272
151	222	0.291654
151	223	0.158328
151	224	0.172555
151	225	0.171021
151	226	0.167759
151	227	0.181027
151	228	0.158462
151	229	0.176853
151	230	0.172299
151	231	0.159106
151	232	0.159573
151	233	0.190793
151	234	0.174854
151	235	0.581439
151	236	0.20412
151	237	0.202645
151	238	0.21917
151	239	0.219996
151	240	0
151	241	0.674058
151	242	0.671002
151	243	0.699518
151	244	0.642266
151	245	0.691225
151	246	0.712014
151	247	0.716847
151	248	0.757777
151	249	0.642029
151	250	0
151	251	0.684823
151	252	0.740672
151	253	0.749051
151	254	0.663062
151	255	0.739219
151	256	0.726711
152	1	0.765819
152	2	0.748028
152	3	0.766378
152	4	0.712218
152	5	0.758451
152	6	0.778634
152	7	0.783358
152	8	0.791077
152	9	0.770337
152	10	0.788616
152	11	0.66405
152	12	0.756659
152	13	0.813542
152	14	0.674778
152	15	0.810147
152	16	0.781595
152	17	0.840826
152	18	0.836537
152	19	0.762574
152	20	0.774078
152	21	0
152	22	0.815653
152	23	0.680745
152	24	0.889053
152	25	0
152	26	0.8006
152	27	0.767698
152	28	0.795814
152	29	0.941997
152	30	0.787687
152	31	0.790854
152	32	0.806703
152	33	0
152	34	0.741528
152	35	0.816674
152	36	0.735485
152	37	0.795604
152	38	0.151337
152	39	0.809447
152	40	0.810428
152	41	0.803523
152	42	0.766945
152	43	0.812826
152	44	0.916873
152	45	0.902979
152	46	0.820897
152	47	0.890277
152	48	0.738327
152	49	0.87661
152	50	0.778044
152	51	0.828
152	52	0.847057
152	53	0.828067
152	54	0.586356
152	55	0.57271
152	56	0.569296
152	57	0
152	58	0
152	59	0
152	60	0
152	61	0
152	62	0.416369
152	63	0.39272
152	64	0.425207
152	65	0.569383
152	66	0.578288
152	67	0.565393
152	68	0.575202
152	69	0.585898
152	70	0.575703
152	71	0.578887
152	72	0.572055
152	73	0.596362
152	74	0.592237
152	75	0.586621
152	76	0.6009
152	77	0.612676
152	78	0.598664
152	79	0.622519
152	80	0.611405
152	81	0.623506
152	82	0.618529
152	83	0.627935
152	84	0.637684
152	85	0.6254
152	86	0.669998
152	87	0.680105
152	88	0.680065
152	89	0.665816
152	90	0.667192
152	91	0.673643
152	92	0.693517
152	93	0.688822
152	94	0.691298
152	95	0.688489
152	96	0.682567
152	97	0.706242
152	98	0.797765
152	99	0.710329
152	100	0.715813
152	101	0.718046
152	102	0.719691
152	103	0.657704
152	104	0.644264
152	105	0.71006
152	106	0.645727
152	107	0.61302
152	108	0.636821
152	109	0.637997
152	110	0.697854
152	111	0.702649
152	112	0.709829
152	113	0.669422
152	114	0.625209
152	115	0.718983
152	116	0.702025
152	117	0.730177
152	118	0.71199
152	119	0.730658
152	120	0.744992
152	121	0.761153
152	122	0.747248
152	123	0.734765
152	124	0.737531
152	125	0.757361
152	126	0.653984
152	127	0
152	128	0.765521
152	129	0.673231
152	130	0.666976
152	131	0.662638
152	132	0.667038
152	133	0.79778
152	134	0.805631
152	135	0.67165
152	136	0.678077
152	137	0.813266
152	138	0.849559
152	139	0.823523
152	140	0.802481
152	141	0.82088
152	142	0.892263
152	143	0.940792
152	144	0.971604
152	145	0.767968
152	146	0.957746
152	147	0.808406
152	148	0.841165
152	149	0.85027
152	150	0.953705
152	151	0.978513
152	153	0.970603
152	154	0.780057
152	155	0.952587
152	156	0.80073
152	157	0.939854
152	158	0.985517
152	159	0.979066
152	160	0.791404
152	161	0.751615
152	162	0.94717
152	163	0.858058
152	164	0.766618
152	165	0.807532
152	166	0.930477
152	167	0.930494
152	168	0.776486
152	169	0.764116
152	170	0.786589
152	171	0.732507
152	172	0.920816
152	173	0.737996
152	174	0.784219
152	175	0.755456
152	176	0.763647
152	177	0.875646
152	178	0.570543
152	179	0.581129
152	180	0.5738
152	181	0.575674
152	182	0.558322
152	183	0.562172
152	184	0.563676
152	185	0.565584
152	186	0.559861
152	187	0
152	188	0
152	189	0
152	190	0
152	191	0
152	192	0
152	193	0
152	194	0
152	195	0
152	196	0
152	197	0
152	198	0
152	199	0
152	200	0
152	201	0
152	202	0
152	203	0
152	204	0
152	205	0
152	206	0
152	207	0.317261
152	208	0.307579
152	209	0.441225
152	210	0.320699
152	211	0.40411
152	212	0.372257
152	213	0.336333
152	214	0.304099
152	215	0.322126
152	216	0.318846
152	217	0.303129
152	218	0.145573
152	219	0.325443
152	220	0.154976
152	221	0.29082
152	222	0.289216
152	223	0.157004
152	224	0.171113
152	225	0.169591
152	226	0.166356
152	227	0.179513
152	228	0.157137
152	229	0.175374
152	230	0.170858
152	231	0.157775
152	232	0.158238
152	233	0.189198
152	234	0.173392
152	235	0.576578
152	236	0.202413
152	237	0.200951
152	238	0.217337
152	239	0.218157
152	240	0
152	241	0.668422
152	242	0.665392
152	243	0.693669
152	244	0.636896
152	245	0.685446
152	246	0.706061
152	247	0.710853
152	248	0.751441
152	249	0.636661
152	250	0
152	251	0.679097
152	252	0.734479
152	253	0.742788
152	254	0.657518
152	255	0.733038
152	256	0.720635
153	1	0.760182
153	2	0.742522
153	3	0.760737
153	4	0.706976
153	5	0.752868
153	6	0.772903
153	7	0.777591
153	8	0.785254
153	9	0.764667
153	10	0.782811
153	11	0.655259
153	12	0.751089
153	13	0.807553
153	14	0.665844
153	15	0.804184
153	16	0.775842
153	17	0.834636
153	18	0.830379
153	19	0.75696
153	20	0.76383
153	21	0
153	22	0.809649
153	23	0.671733
153	24	0.893404
153	25	0
153	26	0.790001
153	27	0.757534
153	28	0.785278
153	29	0.964211
153	30	0.777259
153	31	0.780384
153	32	0.796023
153	33	0
153	34	0.731711
153	35	0.805862
153	36	0.725748
153	37	0.785071
153	38	0.155522
153	39	0.798731
153	40	0.799699
153	41	0.792886
153	42	0.756792
153	43	0.802065
153	44	0.904735
153	45	0.891024
153	46	0.810029
153	47	0.87849
153	48	0.728552
153	49	0.865004
153	50	0.767744
153	51	0.817038
153	52	0.835843
153	53	0.817104
153	54	0.578593
153	55	0.565128
153	56	0.561759
153	57	0
153	58	0
153	59	0
153	60	0
153	61	0
153	62	0.413304
153	63	0.389829
153	64	0.422077
153	65	0.565192
153	66	0.574031
153	67	0.561231
153	68	0.570968
153	69	0.581585
153	70	0.571466
153	71	0.574626
153	72	0.567844
153	73	0.591973
153	74	0.587877
153	75	0.582303
153	76	0.596477
153	77	0.608166
153	78	0.594257
153	79	0.617937
153	80	0.606904
153	81	0.618916
153	82	0.613976
153	83	0.623313
153	84	0.63299
153	85	0.620797
153	86	0.665066
153	87	0.675099
153	88	0.675059
153	89	0.660915
153	90	0.662281
153	91	0.668684
153	92	0.688412
153	93	0.683752
153	94	0.686209
153	95	0.683421
153	96	0.677543
153	97	0.701044
153	98	0.791893
153	99	0.7051
153	100	0.710544
153	101	0.71276
153	102	0.714393
153	103	0.652863
153	104	0.639521
153	105	0.704833
153	106	0.640973
153	107	0.608507
153	108	0.632133
153	109	0.6333
153	110	0.692717
153	111	0.697477
153	112	0.704604
153	113	0.664495
153	114	0.620607
153	115	0.713691
153	116	0.696858
153	117	0.724802
153	118	0.706749
153	119	0.725279
153	120	0.739508
153	121	0.75555
153	122	0.741747
153	123	0.729356
153	124	0.732102
153	125	0.751786
153	126	0.64917
153	127	0
153	128	0.759886
153	129	0.668275
153	130	0.658146
153	131	0.653865
153	132	0.658207
153	133	0.791908
153	134	0.799701
153	135	0.662758
153	136	0.6691
153	137	0.807279
153	138	0.838312
153	139	0.817461
153	140	0.791857
153	141	0.814838
153	142	0.896629
153	143	0.96257
153	144	0.976359
153	145	0.757801
153	146	0.979917
153	147	0.797704
153	148	0.830029
153	149	0.839014
153	150	0.980511
153	151	0.983478
153	152	0.970603
153	154	0.76973
153	155	0.924889
153	156	0.790129
153	157	0.919913
153	158	0.984083
153	159	0.966104
153	160	0.780926
153	161	0.741665
153	162	0.974135
153	163	0.846698
153	164	0.756469
153	165	0.796841
153	166	0.956596
153	167	0.956984
153	168	0.766206
153	169	0.754
153	170	0.776175
153	171	0.722809
153	172	0.946665
153	173	0.728225
153	174	0.773837
153	175	0.745454
153	176	0.753537
153	177	0.864053
153	178	0.56299
153	179	0.573435
153	180	0.566203
153	181	0.568052
153	182	0.55093
153	183	0.554729
153	184	0.556213
153	185	0.558096
153	186	0.552449
153	187	0
153	188	0
153	189	0
153	190	0
153	191	0
153	192	0
153	193	0
153	194	0
153	195	0
153	196	0
153	197	0
153	198	0
153	199	0
153	200	0
153	201	0
153	202	0
153	203	0
153	204	0
153	205	0
153	206	0
153	207	0.314926
153	208	0.305315
153	209	0.437977
153	210	0.318338
153	211	0.401136
153	212	0.369517
153	213	0.333857
153	214	0.30186
153	215	0.319755
153	216	0.316499
153	217	0.300898
153	218	0.144502
153	219	0.323048
153	220	0.153836
153	221	0.288679
153	222	0.287087
153	223	0.155849
153	224	0.169853
153	225	0.168342
153	226	0.165132
153	227	0.178192
153	228	0.15598
153	229	0.174083
153	230	0.1696
153	231	0.156614
153	232	0.157074
153	233	0.187805
153	234	0.172116
153	235	0.572333
153	236	0.200923
153	237	0.199472
153	238	0.215738
153	239	0.216551
153	240	0
153	241	0.663502
153	242	0.660494
153	243	0.688563
153	244	0.632208
153	245	0.6804
153	246	0.700864
153	247	0.705621
153	248	0.74591
153	249	0.631974
153	250	0
153	251	0.674098
153	252	0.729073
153	253	0.73732
153	254	0.652678
153	255	0.727642
153	256	0.71533
154	1	0.778118
154	2	0.842354
154	3	0.769466
154	4	0.762441
154	5	0.781543
154	6	0.791115
154	7	0.785459
154	8	0.800237
154	9	0.772403
154	10	0.790731
154	11	0.757133
154	12	0.745077
154	13	0.801088
154	14	0.769364
154	15	0.797746
154	16	0.848884
154	17	0.83281
154	18	0.816886
154	19	0.819264
154	20	0.86847
154	21	0
154	22	0.871087
154	23	0.865214
154	24	0.795231
154	25	0
154	26	0.952975
154	27	0.979019
154	28	0.961249
154	29	0.745031
154	30	0.973487
154	31	0.979685
154	32	0.962272
154	33	0
154	34	0.945054
154	35	0.95251
154	36	0.934792
154	37	0.97851
154	38	0.119781
154	39	0.960583
154	40	0.962404
154	41	0.964519
154	42	0.969466
154	43	0.950898
154	44	0.847143
154	45	0.86041
154	46	0.936324
154	47	0.870608
154	48	0.924247
154	49	0.876007
154	50	0.937117
154	51	0.906399
154	52	0.89703
154	53	0.870461
154	54	0.72848
154	55	0.711527
154	56	0.707285
154	57	0
154	58	0
154	59	0
154	60	0
154	61	0
154	62	0.423056
154	63	0.399027
154	64	0.432036
154	65	0.578527
154	66	0.587575
154	67	0.574473
154	68	0.584439
154	69	0.595307
154	70	0.584949
154	71	0.588184
154	72	0.581242
154	73	0.60594
154	74	0.601748
154	75	0.596042
154	76	0.61055
154	77	0.622516
154	78	0.608278
154	79	0.632516
154	80	0.621224
154	81	0.633519
154	82	0.628463
154	83	0.638019
154	84	0.647925
154	85	0.635444
154	86	0.677204
154	87	0.68742
154	88	0.687379
154	89	0.676508
154	90	0.674367
154	91	0.683256
154	92	0.700976
154	93	0.698652
154	94	0.698733
154	95	0.699546
154	96	0.693529
154	97	0.713838
154	98	0.807955
154	99	0.719237
154	100	0.725107
154	101	0.726967
154	102	0.731195
154	103	0.694902
154	104	0.685533
154	105	0.740177
154	106	0.68709
154	107	0.652537
154	108	0.677872
154	109	0.679124
154	110	0.732466
154	111	0.740825
154	112	0.753156
154	113	0.714522
154	114	0.669545
154	115	0.765039
154	116	0.746994
154	117	0.763474
154	118	0.757598
154	119	0.777461
154	120	0.772857
154	121	0.773377
154	122	0.778913
154	123	0.781831
154	124	0.775756
154	125	0.793753
154	126	0.726621
154	127	0
154	128	0.804097
154	129	0.748009
154	130	0.760469
154	131	0.755522
154	132	0.76054
154	133	0.837987
154	134	0.836768
154	135	0.765798
154	136	0.773126
154	137	0.800817
154	138	0.911061
154	139	0.855145
154	140	0.926306
154	141	0.854761
154	142	0.806148
154	143	0.744078
154	144	0.768447
154	145	0.983263
154	146	0.757487
154	147	0.954829
154	148	0.808783
154	149	0.799862
154	150	0.755178
154	151	0.773911
154	152	0.780057
154	153	0.76973
154	155	0.817431
154	156	0.970855
154	157	0.828229
154	158	0.781557
154	159	0.793352
154	160	0.985116
154	161	0.943577
154	162	0.750268
154	163	0.886291
154	164	0.969726
154	165	0.956656
154	166	0.73676
154	167	0.737059
154	168	0.954825
154	169	0.951183
154	170	0.962419
154	171	0.921253
154	172	0.729111
154	173	0.927582
154	174	0.944889
154	175	0.936198
154	176	0.927068
154	177	0.87369
154	178	0.708835
154	179	0.721986
154	180	0.712881
154	181	0.715209
154	182	0.693651
154	183	0.698435
154	184	0.700303
154	185	0.702673
154	186	0.695563
154	187	0
154	188	0
154	189	0
154	190	0
154	191	0
154	192	0
154	193	0
154	194	0
154	195	0
154	196	0
154	197	0
154	198	0
154	199	0
154	200	0
154	201	0
154	202	0
154	203	0
154	204	0
154	205	0
154	206	0
154	207	0.322356
154	208	0.312518
154	209	0.448311
154	210	0.325849
154	211	0.4106
154	212	0.378235
154	213	0.341734
154	214	0.308982
154	215	0.327299
154	216	0.323966
154	217	0.307997
154	218	0.147911
154	219	0.33067
154	220	0.157465
154	221	0.29549
154	222	0.29386
154	223	0.159526
154	224	0.173861
154	225	0.172314
154	226	0.169028
154	227	0.182396
154	228	0.15966
154	229	0.178191
154	230	0.173602
154	231	0.160309
154	232	0.16078
154	233	0.192236
154	234	0.176176
154	235	0.585837
154	236	0.205664
154	237	0.204178
154	238	0.220828
154	239	0.22166
154	240	0
154	241	0.675611
154	242	0.672548
154	243	0.738103
154	244	0.677952
154	245	0.729353
154	246	0.751289
154	247	0.755102
154	248	0.763509
154	249	0.694384
154	250	0
154	251	0.730236
154	252	0.767663
154	253	0.766391
154	254	0.717132
154	255	0.765978
154	256	0.766796
155	1	0.739836
155	2	0.779123
155	3	0.73161
155	4	0.711302
155	5	0.743092
155	6	0.752194
155	7	0.746816
155	8	0.760867
155	9	0.734403
155	10	0.751829
155	11	0.695866
155	12	0.721198
155	13	0.775414
155	14	0.707107
155	15	0.772179
155	16	0.798388
155	17	0.801419
155	18	0.797332
155	19	0.778958
155	20	0.811165
155	21	0
155	22	0.828231
155	23	0.713361
155	24	0.847264
155	25	0
155	26	0.838958
155	27	0.804479
155	28	0.833942
155	29	0.89772
155	30	0.825426
155	31	0.828745
155	32	0.845354
155	33	0
155	34	0.777055
155	35	0.855802
155	36	0.770723
155	37	0.833723
155	38	0.144224
155	39	0.848229
155	40	0.849257
155	41	0.842021
155	42	0.803691
155	43	0.851769
155	44	0.960802
155	45	0.946242
155	46	0.860227
155	47	0.932931
155	48	0.773701
155	49	0.918609
155	50	0.815321
155	51	0.86767
155	52	0.887641
155	53	0.867741
155	54	0.614449
155	55	0.60015
155	56	0.596572
155	57	0
155	58	0
155	59	0
155	60	0
155	61	0
155	62	0.402242
155	63	0.379396
155	64	0.410781
155	65	0.550065
155	66	0.558668
155	67	0.54621
155	68	0.555686
155	69	0.56602
155	70	0.556171
155	71	0.559247
155	72	0.552646
155	73	0.576129
155	74	0.572143
155	75	0.566718
155	76	0.580513
155	77	0.591889
155	78	0.578352
155	79	0.601398
155	80	0.590661
155	81	0.602351
155	82	0.597544
155	83	0.60663
155	84	0.616048
155	85	0.604181
155	86	0.643887
155	87	0.6536
155	88	0.653562
155	89	0.643226
155	90	0.64119
155	91	0.649641
155	92	0.666489
155	93	0.66428
155	94	0.664356
155	95	0.66513
155	96	0.659409
155	97	0.678718
155	98	0.768206
155	99	0.683853
155	100	0.689433
155	101	0.691202
155	102	0.695222
155	103	0.652229
155	104	0.643435
155	105	0.699198
155	106	0.644896
155	107	0.612231
155	108	0.636002
155	109	0.637176
155	110	0.689732
155	111	0.697423
155	112	0.708074
155	113	0.668562
155	114	0.624405
155	115	0.718059
155	116	0.701122
155	117	0.725621
155	118	0.711075
155	119	0.729718
155	120	0.734834
155	121	0.735328
155	122	0.740593
155	123	0.73382
155	124	0.736
155	125	0.754702
155	126	0.671699
155	127	0
155	128	0.764537
155	129	0.691471
155	130	0.698931
155	131	0.694385
155	132	0.698997
155	133	0.79676
155	134	0.795601
155	135	0.70383
155	136	0.710564
155	137	0.775151
155	138	0.890263
155	139	0.814929
155	140	0.840929
155	141	0.814562
155	142	0.850323
155	143	0.896571
155	144	0.925935
155	145	0.804763
155	146	0.912729
155	147	0.847138
155	148	0.881467
155	149	0.891008
155	150	0.908878
155	151	0.932519
155	152	0.952587
155	153	0.924889
155	154	0.817431
155	156	0.839094
155	157	0.985063
155	158	0.9391
155	159	0.942931
155	160	0.829321
155	161	0.787626
155	162	0.90265
155	163	0.899168
155	164	0.803348
155	165	0.846221
155	166	0.886741
155	167	0.886758
155	168	0.813689
155	169	0.800726
155	170	0.824275
155	171	0.767602
155	172	0.877535
155	173	0.773354
155	174	0.821792
155	175	0.791651
155	176	0.800234
155	177	0.9176
155	178	0.597879
155	179	0.608971
155	180	0.601292
155	181	0.603255
155	182	0.585072
155	183	0.589107
155	184	0.590682
155	185	0.592682
155	186	0.586685
155	187	0
155	188	0
155	189	0
155	190	0
155	191	0
155	192	0
155	193	0
155	194	0
155	195	0
155	196	0
155	197	0
155	198	0
155	199	0
155	200	0
155	201	0
155	202	0
155	203	0
155	204	0
155	205	0
155	206	0
155	207	0.306497
155	208	0.297143
155	209	0.426255
155	210	0.309818
155	211	0.390399
155	212	0.359627
155	213	0.324922
155	214	0.293781
155	215	0.311197
155	216	0.308028
155	217	0.292845
155	218	0.140634
155	219	0.314402
155	220	0.149718
155	221	0.280953
155	222	0.279403
155	223	0.151677
155	224	0.165307
155	225	0.163837
155	226	0.160712
155	227	0.173423
155	228	0.151805
155	229	0.169424
155	230	0.165061
155	231	0.152422
155	232	0.15287
155	233	0.182779
155	234	0.167509
155	235	0.557015
155	236	0.195545
155	237	0.194133
155	238	0.209963
155	239	0.210755
155	240	0
155	241	0.642372
155	242	0.63946
155	243	0.692777
155	244	0.636077
155	245	0.684564
155	246	0.705153
155	247	0.709378
155	248	0.725946
155	249	0.642294
155	250	0
155	251	0.678224
155	252	0.729896
155	253	0.728686
155	254	0.663336
155	255	0.728293
155	256	0.719708
156	1	0.800469
156	2	0.858246
156	3	0.791568
156	4	0.776825
156	5	0.803992
156	6	0.813839
156	7	0.80802
156	8	0.823223
156	9	0.79459
156	10	0.813444
156	11	0.771417
156	12	0.766478
156	13	0.824099
156	14	0.783879
156	15	0.82066
156	16	0.865149
156	17	0.856732
156	18	0.84035
156	19	0.842797
156	20	0.886082
156	21	0
156	22	0.896108
156	23	0.843827
156	24	0.818073
156	25	0
156	26	0.967318
156	27	0.951106
156	28	0.971855
156	29	0.764776
156	30	0.971202
156	31	0.983152
156	32	0.989955
156	33	0
156	34	0.921694
156	35	0.978051
156	36	0.911686
156	37	0.990821
156	38	0.122956
156	39	0.986518
156	40	0.987761
156	41	0.985636
156	42	0.949868
156	43	0.974922
156	44	0.869594
156	45	0.883213
156	46	0.959979
156	47	0.893682
156	48	0.905563
156	49	0.898449
156	50	0.936092
156	51	0.929619
156	52	0.92001
156	53	0.892761
156	54	0.718055
156	55	0.701344
156	56	0.697163
156	57	0
156	58	0
156	59	0
156	60	0
156	61	0
156	62	0.435208
156	63	0.410489
156	64	0.444446
156	65	0.595145
156	66	0.604453
156	67	0.590974
156	68	0.601227
156	69	0.612407
156	70	0.601751
156	71	0.605079
156	72	0.597938
156	73	0.623345
156	74	0.619033
156	75	0.613163
156	76	0.628088
156	77	0.640397
156	78	0.62575
156	79	0.650685
156	80	0.639068
156	81	0.651716
156	82	0.646515
156	83	0.656346
156	84	0.666536
156	85	0.653696
156	86	0.696655
156	87	0.707165
156	88	0.707124
156	89	0.69594
156	90	0.693738
156	91	0.702882
156	92	0.721111
156	93	0.71872
156	94	0.718803
156	95	0.71964
156	96	0.71345
156	97	0.734342
156	98	0.831163
156	99	0.739897
156	100	0.745935
156	101	0.747848
156	102	0.752198
156	103	0.708012
156	104	0.698466
156	105	0.7565
156	106	0.700052
156	107	0.664847
156	108	0.690661
156	109	0.691936
156	110	0.746284
156	111	0.754801
156	112	0.767365
156	113	0.728002
156	114	0.682176
156	115	0.779472
156	116	0.761087
156	117	0.785088
156	118	0.77189
156	119	0.792129
156	120	0.795057
156	121	0.795591
156	122	0.801287
156	123	0.796581
156	124	0.796318
156	125	0.816553
156	126	0.740329
156	127	0
156	128	0.827194
156	129	0.762121
156	130	0.774815
156	131	0.769776
156	132	0.774888
156	133	0.862058
156	134	0.860803
156	135	0.780245
156	136	0.787711
156	137	0.823819
156	138	0.937231
156	139	0.879708
156	140	0.944693
156	141	0.879313
156	142	0.829304
156	143	0.763798
156	144	0.788813
156	145	0.955809
156	146	0.777562
156	147	0.977684
156	148	0.832014
156	149	0.822838
156	150	0.775192
156	151	0.794422
156	152	0.80073
156	153	0.790129
156	154	0.970855
156	155	0.839094
156	157	0.850179
156	158	0.802271
156	159	0.814378
156	160	0.984977
156	161	0.924502
156	162	0.770152
156	163	0.90978
156	164	0.949463
156	165	0.979077
156	166	0.756286
156	167	0.756592
156	168	0.94815
156	169	0.93574
156	170	0.958812
156	171	0.90263
156	172	0.748434
156	173	0.90883
156	174	0.943855
156	175	0.925136
156	176	0.920943
156	177	0.896072
156	178	0.698691
156	179	0.711653
156	180	0.702679
156	181	0.704973
156	182	0.683724
156	183	0.688439
156	184	0.690281
156	185	0.692617
156	186	0.685609
156	187	0
156	188	0
156	189	0
156	190	0
156	191	0
156	192	0
156	193	0
156	194	0
156	195	0
156	196	0
156	197	0
156	198	0
156	199	0
156	200	0
156	201	0
156	202	0
156	203	0
156	204	0
156	205	0
156	206	0
156	207	0.331615
156	208	0.321495
156	209	0.461188
156	210	0.335209
156	211	0.422394
156	212	0.3891
156	213	0.35155
156	214	0.317857
156	215	0.3367
156	216	0.333272
156	217	0.316844
156	218	0.15216
156	219	0.340168
156	220	0.161988
156	221	0.303978
156	222	0.302301
156	223	0.164108
156	224	0.178855
156	225	0.177264
156	226	0.173883
156	227	0.187635
156	228	0.164247
156	229	0.183309
156	230	0.178589
156	231	0.164914
156	232	0.165398
156	233	0.197758
156	234	0.181237
156	235	0.602665
156	236	0.211571
156	237	0.210043
156	238	0.227171
156	239	0.228027
156	240	0
156	241	0.695017
156	242	0.691866
156	243	0.752028
156	244	0.690742
156	245	0.743113
156	246	0.765463
156	247	0.769347
156	248	0.78544
156	249	0.707484
156	250	0
156	251	0.744012
156	252	0.789714
156	253	0.788405
156	254	0.730661
156	255	0.78798
156	256	0.781262
157	1	0.74961
157	2	0.789415
157	3	0.741275
157	4	0.720699
157	5	0.752909
157	6	0.762131
157	7	0.756682
157	8	0.770919
157	9	0.744105
157	10	0.761761
157	11	0.705059
157	12	0.721983
157	13	0.776259
157	14	0.716449
157	15	0.77302
157	16	0.808935
157	17	0.804129
157	18	0.7982
157	19	0.789249
157	20	0.821881
157	21	0
157	22	0.839173
157	23	0.722785
157	24	0.840351
157	25	0
157	26	0.850041
157	27	0.815107
157	28	0.844959
157	29	0.890395
157	30	0.836331
157	31	0.839693
157	32	0.856521
157	33	0
157	34	0.787321
157	35	0.867108
157	36	0.780905
157	37	0.844737
157	38	0.143152
157	39	0.859435
157	40	0.860476
157	41	0.853145
157	42	0.814308
157	43	0.863022
157	44	0.971677
157	45	0.957619
157	46	0.871591
157	47	0.945256
157	48	0.783923
157	49	0.929654
157	50	0.826093
157	51	0.879133
157	52	0.899367
157	53	0.879204
157	54	0.622566
157	55	0.608078
157	56	0.604453
157	57	0
157	58	0
157	59	0
157	60	0
157	61	0
157	62	0.407556
157	63	0.384408
157	64	0.416208
157	65	0.557332
157	66	0.566048
157	67	0.553426
157	68	0.563027
157	69	0.573497
157	70	0.563518
157	71	0.566635
157	72	0.559947
157	73	0.58374
157	74	0.579702
157	75	0.574205
157	76	0.588182
157	77	0.599708
157	78	0.585992
157	79	0.609343
157	80	0.598464
157	81	0.610309
157	82	0.605438
157	83	0.614644
157	84	0.624187
157	85	0.612163
157	86	0.652393
157	87	0.662235
157	88	0.662196
157	89	0.651723
157	90	0.649661
157	91	0.658224
157	92	0.675294
157	93	0.673055
157	94	0.673133
157	95	0.673917
157	96	0.66812
157	97	0.687685
157	98	0.778354
157	99	0.692887
157	100	0.698541
157	101	0.700333
157	102	0.704406
157	103	0.660845
157	104	0.651935
157	105	0.708435
157	106	0.653416
157	107	0.620319
157	108	0.644404
157	109	0.645594
157	110	0.698844
157	111	0.706636
157	112	0.717428
157	113	0.677394
157	114	0.632654
157	115	0.727545
157	116	0.710385
157	117	0.735207
157	118	0.720468
157	119	0.739358
157	120	0.744542
157	121	0.745042
157	122	0.750376
157	123	0.743514
157	124	0.745723
157	125	0.764673
157	126	0.680573
157	127	0
157	128	0.774637
157	129	0.700606
157	130	0.708165
157	131	0.703559
157	132	0.708231
157	133	0.807286
157	134	0.806111
157	135	0.713128
157	136	0.719951
157	137	0.775996
157	138	0.902024
157	139	0.825694
157	140	0.852038
157	141	0.825323
157	142	0.843385
157	143	0.889256
157	144	0.918381
157	145	0.815394
157	146	0.905282
157	147	0.85833
157	148	0.893111
157	149	0.902779
157	150	0.902523
157	151	0.92491
157	152	0.939854
157	153	0.919913
157	154	0.828229
157	155	0.985063
157	156	0.850179
157	158	0.934048
157	159	0.948144
157	160	0.840277
157	161	0.798031
157	162	0.896654
157	163	0.911047
157	164	0.81396
157	165	0.857401
157	166	0.88051
157	167	0.880867
157	168	0.824438
157	169	0.811304
157	170	0.835165
157	171	0.777743
157	172	0.871369
157	173	0.783571
157	174	0.832648
157	175	0.802109
157	176	0.810806
157	177	0.928632
157	178	0.605777
157	179	0.617016
157	180	0.609235
157	181	0.611225
157	182	0.592801
157	183	0.596889
157	184	0.598486
157	185	0.600512
157	186	0.594435
157	187	0
157	188	0
157	189	0
157	190	0
157	191	0
157	192	0
157	193	0
157	194	0
157	195	0
157	196	0
157	197	0
157	198	0
157	199	0
157	200	0
157	201	0
157	202	0
157	203	0
157	204	0
157	205	0
157	206	0
157	207	0.310546
157	208	0.301069
157	209	0.431886
157	210	0.313911
157	211	0.395557
157	212	0.364378
157	213	0.329214
157	214	0.297662
157	215	0.315308
157	216	0.312097
157	217	0.296713
157	218	0.142492
157	219	0.318555
157	220	0.151696
157	221	0.284664
157	222	0.283094
157	223	0.153681
157	224	0.167491
157	225	0.166001
157	226	0.162835
157	227	0.175714
157	228	0.153811
157	229	0.171662
157	230	0.167242
157	231	0.154436
157	232	0.154889
157	233	0.185194
157	234	0.169722
157	235	0.564374
157	236	0.198129
157	237	0.196698
157	238	0.212737
157	239	0.213539
157	240	0
157	241	0.650859
157	242	0.647908
157	243	0.701929
157	244	0.64448
157	245	0.693608
157	246	0.714469
157	247	0.718749
157	248	0.735537
157	249	0.650779
157	250	0
157	251	0.687184
157	252	0.739539
157	253	0.738313
157	254	0.672099
157	255	0.737914
157	256	0.729216
158	1	0.758453
158	2	0.744931
158	3	0.759007
158	4	0.705368
158	5	0.751156
158	6	0.771145
158	7	0.775823
158	8	0.783469
158	9	0.762928
158	10	0.781031
158	11	0.665328
158	12	0.749382
158	13	0.805717
158	14	0.676076
158	15	0.802355
158	16	0.774078
158	17	0.832738
158	18	0.828491
158	19	0.755239
158	20	0.775567
158	21	0
158	22	0.807808
158	23	0.682055
158	24	0.891372
158	25	0
158	26	0.80214
158	27	0.769174
158	28	0.797344
158	29	0.949783
158	30	0.789202
158	31	0.792375
158	32	0.808255
158	33	0
158	34	0.742954
158	35	0.818245
158	36	0.7369
158	37	0.797135
158	38	0.153138
158	39	0.811004
158	40	0.811987
158	41	0.805069
158	42	0.768421
158	43	0.814389
158	44	0.918637
158	45	0.904716
158	46	0.822476
158	47	0.891989
158	48	0.739747
158	49	0.878296
158	50	0.779541
158	51	0.829592
158	52	0.848687
158	53	0.82966
158	54	0.587484
158	55	0.573812
158	56	0.570391
158	57	0
158	58	0
158	59	0
158	60	0
158	61	0
158	62	0.412365
158	63	0.388943
158	64	0.421118
158	65	0.563907
158	66	0.572726
158	67	0.559955
158	68	0.56967
158	69	0.580263
158	70	0.570166
158	71	0.57332
158	72	0.566553
158	73	0.590627
158	74	0.586541
158	75	0.580979
158	76	0.595121
158	77	0.606784
158	78	0.592906
158	79	0.616532
158	80	0.605524
158	81	0.617509
158	82	0.61258
158	83	0.621895
158	84	0.631551
158	85	0.619385
158	86	0.663554
158	87	0.673564
158	88	0.673525
158	89	0.659412
158	90	0.660775
158	91	0.667164
158	92	0.686847
158	93	0.682197
158	94	0.684649
158	95	0.681867
158	96	0.676002
158	97	0.69945
158	98	0.790093
158	99	0.703497
158	100	0.708928
158	101	0.711139
158	102	0.712769
158	103	0.651378
158	104	0.638067
158	105	0.70323
158	106	0.639516
158	107	0.607124
158	108	0.630696
158	109	0.63186
158	110	0.691142
158	111	0.695891
158	112	0.703002
158	113	0.662984
158	114	0.619196
158	115	0.712068
158	116	0.695273
158	117	0.723154
158	118	0.705142
158	119	0.72363
158	120	0.737826
158	121	0.753832
158	122	0.740061
158	123	0.727698
158	124	0.730437
158	125	0.750077
158	126	0.647694
158	127	0
158	128	0.758159
158	129	0.666756
158	130	0.668259
158	131	0.663912
158	132	0.668321
158	133	0.790107
158	134	0.797882
158	135	0.672942
158	136	0.679381
158	137	0.805444
158	138	0.851193
158	139	0.815602
158	140	0.804024
158	141	0.812985
158	142	0.894591
158	143	0.948167
158	144	0.974139
158	145	0.769445
158	146	0.965254
158	147	0.809961
158	148	0.842783
158	149	0.851906
158	150	0.96548
158	151	0.981065
158	152	0.985517
158	153	0.984083
158	154	0.781557
158	155	0.9391
158	156	0.802271
158	157	0.934048
158	159	0.980949
158	160	0.792926
158	161	0.753061
158	162	0.959202
158	163	0.859708
158	164	0.768092
158	165	0.809085
158	166	0.941932
158	167	0.942314
158	168	0.77798
158	169	0.765586
158	170	0.788102
158	171	0.733916
158	172	0.932153
158	173	0.739415
158	174	0.785727
158	175	0.756909
158	176	0.765116
158	177	0.87733
158	178	0.571641
158	179	0.582246
158	180	0.574904
158	181	0.576781
158	182	0.559396
158	183	0.563253
158	184	0.56476
158	185	0.566672
158	186	0.560938
158	187	0
158	188	0
158	189	0
158	190	0
158	191	0
158	192	0
158	193	0
158	194	0
158	195	0
158	196	0
158	197	0
158	198	0
158	199	0
158	200	0
158	201	0
158	202	0
158	203	0
158	204	0
158	205	0
158	206	0
158	207	0.314209
158	208	0.304621
158	209	0.436982
158	210	0.317614
158	211	0.400223
158	212	0.368677
158	213	0.333098
158	214	0.301174
158	215	0.319028
158	216	0.315779
158	217	0.300214
158	218	0.144173
158	219	0.322313
158	220	0.153486
158	221	0.288023
158	222	0.286434
158	223	0.155494
158	224	0.169467
158	225	0.16796
158	226	0.164756
158	227	0.177787
158	228	0.155626
158	229	0.173687
158	230	0.169215
158	231	0.156258
158	232	0.156716
158	233	0.187378
158	234	0.171724
158	235	0.571032
158	236	0.200466
158	237	0.199018
158	238	0.215247
158	239	0.216058
158	240	0
158	241	0.661993
158	242	0.658992
158	243	0.686998
158	244	0.63077
158	245	0.678853
158	246	0.69927
158	247	0.704016
158	248	0.744214
158	249	0.630537
158	250	0
158	251	0.672565
158	252	0.727415
158	253	0.735644
158	254	0.651194
158	255	0.725988
158	256	0.713704
159	1	0.752428
159	2	0.756173
159	3	0.752977
159	4	0.699764
159	5	0.745189
159	6	0.765019
159	7	0.76966
159	8	0.777244
159	9	0.756867
159	10	0.774826
159	11	0.675368
159	12	0.743428
159	13	0.799316
159	14	0.686279
159	15	0.795981
159	16	0.774871
159	17	0.826123
159	18	0.821909
159	19	0.756013
159	20	0.787271
159	21	0
159	22	0.803835
159	23	0.692348
159	24	0.882547
159	25	0
159	26	0.814245
159	27	0.780782
159	28	0.809378
159	29	0.935104
159	30	0.801112
159	31	0.804333
159	32	0.820453
159	33	0
159	34	0.754166
159	35	0.830593
159	36	0.748021
159	37	0.809165
159	38	0.15034
159	39	0.823244
159	40	0.824241
159	41	0.817219
159	42	0.780017
159	43	0.82668
159	44	0.9325
159	45	0.918369
159	46	0.834888
159	47	0.90545
159	48	0.750911
159	49	0.891551
159	50	0.791305
159	51	0.842112
159	52	0.861495
159	53	0.84218
159	54	0.59635
159	55	0.582471
159	56	0.578999
159	57	0
159	58	0
159	59	0
159	60	0
159	61	0
159	62	0.409089
159	63	0.385853
159	64	0.417772
159	65	0.559427
159	66	0.568176
159	67	0.555506
159	68	0.565144
159	69	0.575653
159	70	0.565637
159	71	0.568765
159	72	0.562052
159	73	0.585934
159	74	0.581881
159	75	0.576364
159	76	0.590393
159	77	0.601963
159	78	0.588195
159	79	0.611634
159	80	0.600714
159	81	0.612603
159	82	0.607714
159	83	0.616955
159	84	0.626533
159	85	0.614464
159	86	0.658282
159	87	0.668213
159	88	0.668174
159	89	0.654173
159	90	0.655525
159	91	0.661863
159	92	0.68139
159	93	0.676777
159	94	0.67921
159	95	0.67645
159	96	0.670632
159	97	0.693893
159	98	0.783816
159	99	0.697908
159	100	0.703296
159	101	0.70549
159	102	0.707106
159	103	0.646204
159	104	0.632998
159	105	0.697644
159	106	0.634436
159	107	0.6023
159	108	0.625685
159	109	0.626841
159	110	0.685652
159	111	0.690363
159	112	0.697417
159	113	0.657717
159	114	0.614277
159	115	0.706411
159	116	0.68975
159	117	0.717409
159	118	0.69954
159	119	0.717882
159	120	0.731965
159	121	0.747843
159	122	0.734181
159	123	0.721917
159	124	0.724634
159	125	0.744118
159	126	0.651914
159	127	0
159	128	0.752136
159	129	0.671103
159	130	0.678344
159	131	0.673931
159	132	0.678407
159	133	0.78383
159	134	0.791544
159	135	0.683098
159	136	0.689634
159	137	0.799045
159	138	0.864039
159	139	0.809122
159	140	0.816158
159	141	0.806526
159	142	0.885734
159	143	0.933908
159	144	0.964495
159	145	0.781057
159	146	0.950738
159	147	0.822185
159	148	0.855502
159	149	0.864762
159	150	0.947841
159	151	0.971353
159	152	0.979066
159	153	0.966104
159	154	0.793352
159	155	0.942931
159	156	0.814378
159	157	0.948144
159	158	0.980949
159	160	0.804892
159	161	0.764426
159	162	0.941678
159	163	0.872682
159	164	0.779684
159	165	0.821295
159	166	0.924723
159	167	0.925098
159	168	0.789721
159	169	0.777139
159	170	0.799995
159	171	0.744991
159	172	0.915122
159	173	0.750574
159	174	0.797585
159	175	0.768332
159	176	0.776662
159	177	0.890571
159	178	0.580268
159	179	0.591033
159	180	0.58358
159	181	0.585485
159	182	0.567838
159	183	0.571754
159	184	0.573283
159	185	0.575224
159	186	0.569403
159	187	0
159	188	0
159	189	0
159	190	0
159	191	0
159	192	0
159	193	0
159	194	0
159	195	0
159	196	0
159	197	0
159	198	0
159	199	0
159	200	0
159	201	0
159	202	0
159	203	0
159	204	0
159	205	0
159	206	0
159	207	0.311713
159	208	0.302201
159	209	0.43351
159	210	0.315091
159	211	0.397044
159	212	0.365748
159	213	0.330452
159	214	0.298781
159	215	0.316493
159	216	0.31327
159	217	0.297829
159	218	0.143028
159	219	0.319753
159	220	0.152266
159	221	0.285735
159	222	0.284159
159	223	0.154259
159	224	0.16812
159	225	0.166625
159	226	0.163447
159	227	0.176374
159	228	0.154389
159	229	0.172308
159	230	0.16787
159	231	0.155016
159	232	0.155471
159	233	0.18589
159	234	0.17036
159	235	0.566496
159	236	0.198874
159	237	0.197437
159	238	0.213537
159	239	0.214342
159	240	0
159	241	0.656734
159	242	0.653757
159	243	0.68154
159	244	0.625759
159	245	0.67346
159	246	0.693715
159	247	0.698423
159	248	0.738302
159	249	0.625528
159	250	0
159	251	0.667222
159	252	0.721636
159	253	0.729799
159	254	0.64602
159	255	0.72022
159	256	0.708034
160	1	0.789436
160	2	0.848714
160	3	0.780658
160	4	0.768198
160	5	0.792911
160	6	0.802622
160	7	0.796884
160	8	0.811878
160	9	0.783638
160	10	0.802233
160	11	0.76285
160	12	0.755914
160	13	0.812741
160	14	0.775174
160	15	0.809349
160	16	0.855294
160	17	0.844924
160	18	0.828768
160	19	0.831181
160	20	0.875042
160	21	0
160	22	0.883758
160	23	0.856222
160	24	0.806799
160	25	0
160	26	0.96017
160	27	0.964931
160	28	0.966886
160	29	0.755868
160	30	0.974906
160	31	0.986293
160	32	0.976269
160	33	0
160	34	0.935233
160	35	0.966365
160	36	0.925078
160	37	0.992743
160	38	0.121524
160	39	0.974556
160	40	0.976403
160	41	0.978549
160	42	0.962848
160	43	0.96473
160	44	0.859466
160	45	0.872926
160	46	0.949944
160	47	0.883272
160	48	0.917937
160	49	0.888749
160	50	0.942366
160	51	0.919583
160	52	0.910078
160	53	0.883123
160	54	0.72667
160	55	0.709759
160	56	0.705528
160	57	0
160	58	0
160	59	0
160	60	0
160	61	0
160	62	0.42921
160	63	0.404831
160	64	0.43832
160	65	0.586942
160	66	0.596122
160	67	0.582829
160	68	0.592941
160	69	0.603967
160	70	0.593458
160	71	0.59674
160	72	0.589697
160	73	0.614754
160	74	0.610501
160	75	0.604712
160	76	0.619431
160	77	0.631571
160	78	0.617126
160	79	0.641717
160	80	0.63026
160	81	0.642734
160	82	0.637604
160	83	0.6473
160	84	0.657349
160	85	0.644687
160	86	0.687054
160	87	0.697419
160	88	0.697378
160	89	0.686349
160	90	0.684177
160	91	0.693195
160	92	0.711172
160	93	0.708814
160	94	0.708896
160	95	0.709722
160	96	0.703617
160	97	0.724221
160	98	0.819708
160	99	0.729699
160	100	0.735654
160	101	0.737541
160	102	0.741831
160	103	0.700149
160	104	0.690709
160	105	0.746074
160	106	0.692278
160	107	0.657464
160	108	0.682991
160	109	0.684252
160	110	0.737996
160	111	0.746419
160	112	0.758843
160	113	0.719918
160	114	0.6746
160	115	0.770816
160	116	0.752635
160	117	0.774268
160	118	0.763318
160	119	0.783332
160	120	0.784099
160	121	0.784626
160	122	0.790244
160	123	0.787735
160	124	0.785342
160	125	0.805299
160	126	0.732107
160	127	0
160	128	0.815793
160	129	0.753657
160	130	0.766211
160	131	0.761227
160	132	0.766282
160	133	0.850177
160	134	0.848939
160	135	0.77158
160	136	0.778963
160	137	0.812465
160	138	0.924314
160	139	0.867584
160	140	0.933316
160	141	0.867194
160	142	0.817874
160	143	0.754901
160	144	0.779625
160	145	0.969849
160	146	0.768505
160	147	0.96591
160	148	0.820547
160	149	0.811497
160	150	0.766163
160	151	0.785169
160	152	0.791404
160	153	0.780926
160	154	0.985116
160	155	0.829321
160	156	0.984977
160	157	0.840277
160	158	0.792926
160	159	0.804892
160	161	0.937136
160	162	0.761181
160	163	0.899183
160	164	0.962639
160	165	0.970571
160	166	0.747477
160	167	0.74778
160	168	0.958332
160	169	0.948157
160	170	0.96781
160	171	0.914964
160	172	0.739716
160	173	0.92125
160	174	0.950181
160	175	0.936236
160	176	0.929694
160	177	0.886399
160	178	0.707074
160	179	0.720192
160	180	0.71111
160	181	0.713432
160	182	0.691928
160	183	0.696699
160	184	0.698563
160	185	0.700928
160	186	0.693835
160	187	0
160	188	0
160	189	0
160	190	0
160	191	0
160	192	0
160	193	0
160	194	0
160	195	0
160	196	0
160	197	0
160	198	0
160	199	0
160	200	0
160	201	0
160	202	0
160	203	0
160	204	0
160	205	0
160	206	0
160	207	0.327045
160	208	0.317064
160	209	0.454832
160	210	0.330589
160	211	0.416573
160	212	0.383737
160	213	0.346705
160	214	0.313477
160	215	0.33206
160	216	0.328679
160	217	0.312478
160	218	0.150063
160	219	0.33548
160	220	0.159756
160	221	0.299788
160	222	0.298135
160	223	0.161846
160	224	0.176389
160	225	0.174821
160	226	0.171486
160	227	0.185049
160	228	0.161983
160	229	0.180783
160	230	0.176127
160	231	0.162641
160	232	0.163118
160	233	0.195033
160	234	0.178739
160	235	0.594359
160	236	0.208655
160	237	0.207148
160	238	0.22404
160	239	0.224884
160	240	0
160	241	0.685438
160	242	0.682331
160	243	0.743677
160	244	0.683071
160	245	0.73486
160	246	0.756962
160	247	0.760803
160	248	0.774615
160	249	0.699627
160	250	0
160	251	0.73575
160	252	0.77883
160	253	0.777539
160	254	0.722547
160	255	0.777119
160	256	0.772586
161	1	0.74091
161	2	0.796352
161	3	0.732672
161	4	0.720803
161	5	0.744171
161	6	0.753286
161	7	0.7479
161	8	0.761972
161	9	0.735469
161	10	0.75292
161	11	0.715785
161	12	0.709449
161	13	0.762783
161	14	0.727348
161	15	0.759599
161	16	0.802525
161	17	0.792988
161	18	0.777825
161	19	0.780089
161	20	0.821042
161	21	0
161	22	0.829434
161	23	0.892526
161	24	0.757205
161	25	0
161	26	0.900932
161	27	0.929254
161	28	0.908538
161	29	0.717866
161	30	0.920105
161	31	0.926529
161	32	0.916144
161	33	0
161	34	0.960218
161	35	0.908525
161	36	0.962728
161	37	0.930852
161	38	0.115414
161	39	0.914833
161	40	0.917023
161	41	0.926002
161	42	0.970945
161	43	0.922585
161	44	0.817065
161	45	0.829861
161	46	0.91459
161	47	0.839737
161	48	0.978367
161	49	0.845218
161	50	0.939661
161	51	0.877434
161	52	0.865502
161	53	0.839867
161	54	0.769539
161	55	0.751631
161	56	0.74715
161	57	0
161	58	0
161	59	0
161	60	0
161	61	0
161	62	0.402826
161	63	0.379947
161	64	0.411377
161	65	0.550864
161	66	0.559479
161	67	0.547003
161	68	0.556493
161	69	0.566841
161	70	0.556978
161	71	0.560059
161	72	0.553449
161	73	0.576965
161	74	0.572974
161	75	0.567541
161	76	0.581356
161	77	0.592749
161	78	0.579192
161	79	0.602271
161	80	0.591519
161	81	0.603226
161	82	0.598411
161	83	0.607511
161	84	0.616943
161	85	0.605059
161	86	0.644821
161	87	0.654549
161	88	0.654511
161	89	0.644159
161	90	0.642121
161	91	0.650585
161	92	0.667457
161	93	0.665244
161	94	0.665321
161	95	0.666096
161	96	0.660366
161	97	0.679704
161	98	0.769321
161	99	0.684845
161	100	0.690434
161	101	0.692205
161	102	0.696231
161	103	0.656953
161	104	0.648095
161	105	0.700213
161	106	0.649567
161	107	0.616901
161	108	0.640853
161	109	0.642036
161	110	0.692465
161	111	0.700368
161	112	0.712026
161	113	0.675501
161	114	0.63298
161	115	0.723259
161	116	0.7062
161	117	0.726674
161	118	0.716224
161	119	0.735003
161	120	0.735901
161	121	0.736396
161	122	0.741668
161	123	0.739135
161	124	0.737068
161	125	0.755798
161	126	0.686939
161	127	0
161	128	0.765647
161	129	0.70716
161	130	0.718939
161	131	0.714262
161	132	0.719006
161	133	0.797917
161	134	0.796756
161	135	0.723977
161	136	0.730904
161	137	0.762524
161	138	0.868322
161	139	0.814254
161	140	0.875719
161	141	0.813888
161	142	0.7676
161	143	0.716948
161	144	0.740429
161	145	0.93399
161	146	0.729868
161	147	0.905692
161	148	0.770496
161	149	0.761998
161	150	0.727644
161	151	0.745694
161	152	0.751615
161	153	0.741665
161	154	0.943577
161	155	0.787626
161	156	0.924502
161	157	0.798031
161	158	0.753061
161	159	0.764426
161	160	0.937136
161	162	0.722913
161	163	0.846909
161	164	0.971127
161	165	0.926627
161	166	0.709897
161	167	0.710185
161	168	0.965365
161	169	0.979861
161	170	0.953294
161	171	0.97406
161	172	0.702527
161	173	0.981676
161	174	0.94838
161	175	0.982517
161	176	0.957962
161	177	0.842983
161	178	0.748787
161	179	0.762679
161	180	0.753061
161	181	0.75552
161	182	0.732747
161	183	0.7378
161	184	0.739774
161	185	0.742278
161	186	0.734767
161	187	0
161	188	0
161	189	0
161	190	0
161	191	0
161	192	0
161	193	0
161	194	0
161	195	0
161	196	0
161	197	0
161	198	0
161	199	0
161	200	0
161	201	0
161	202	0
161	203	0
161	204	0
161	205	0
161	206	0
161	207	0.306942
161	208	0.297575
161	209	0.426874
161	210	0.310268
161	211	0.390966
161	212	0.360149
161	213	0.325394
161	214	0.294207
161	215	0.311648
161	216	0.308475
161	217	0.29327
161	218	0.140839
161	219	0.314858
161	220	0.149936
161	221	0.281361
161	222	0.279809
161	223	0.151898
161	224	0.165547
161	225	0.164075
161	226	0.160945
161	227	0.173674
161	228	0.152026
161	229	0.16967
161	230	0.165301
161	231	0.152644
161	232	0.153092
161	233	0.183044
161	234	0.167752
161	235	0.557824
161	236	0.195829
161	237	0.194415
161	238	0.210268
161	239	0.211061
161	240	0
161	241	0.643305
161	242	0.640388
161	243	0.697795
161	244	0.640928
161	245	0.689522
161	246	0.71026
161	247	0.713865
161	248	0.727
161	249	0.656463
161	250	0
161	251	0.690357
161	252	0.730956
161	253	0.729744
161	254	0.677969
161	255	0.729351
161	256	0.72492
162	1	0.747355
162	2	0.729993
162	3	0.7479
162	4	0.695046
162	5	0.740164
162	6	0.759861
162	7	0.764471
162	8	0.772004
162	9	0.751764
162	10	0.769602
162	11	0.63942
162	12	0.738416
162	13	0.793927
162	14	0.64975
162	15	0.790614
162	16	0.76275
162	17	0.820553
162	18	0.816367
162	19	0.744188
162	20	0.744556
162	21	0
162	22	0.795987
162	23	0.654749
162	24	0.878328
162	25	0
162	26	0.770027
162	27	0.738381
162	28	0.765423
162	29	0.960129
162	30	0.757607
162	31	0.760653
162	32	0.775897
162	33	0
162	34	0.71321
162	35	0.785487
162	36	0.707399
162	37	0.765222
162	38	0.157176
162	39	0.778536
162	40	0.77948
162	41	0.772838
162	42	0.737657
162	43	0.781786
162	44	0.88186
162	45	0.868496
162	46	0.789548
162	47	0.856279
162	48	0.710132
162	49	0.843134
162	50	0.748332
162	51	0.79638
162	52	0.81471
162	53	0.796445
162	54	0.563964
162	55	0.550839
162	56	0.547556
162	57	0
162	58	0
162	59	0
162	60	0
162	61	0
162	62	0.40633
162	63	0.383251
162	64	0.414955
162	65	0.555655
162	66	0.564345
162	67	0.551761
162	68	0.561334
162	69	0.571772
162	70	0.561823
162	71	0.56493
162	72	0.558263
162	73	0.581984
162	74	0.577958
162	75	0.572478
162	76	0.586412
162	77	0.597904
162	78	0.58423
162	79	0.60751
162	80	0.596664
162	81	0.608473
162	82	0.603616
162	83	0.612795
162	84	0.622309
162	85	0.610321
162	86	0.653844
162	87	0.663708
162	88	0.663669
162	89	0.649762
162	90	0.651105
162	91	0.657401
162	92	0.676796
162	93	0.672214
162	94	0.67463
162	95	0.671889
162	96	0.66611
162	97	0.689214
162	98	0.778531
162	99	0.693202
162	100	0.698554
162	101	0.700733
162	102	0.702339
162	103	0.641847
162	104	0.62873
162	105	0.69294
162	106	0.630158
162	107	0.598239
162	108	0.621467
162	109	0.622614
162	110	0.681029
162	111	0.685708
162	112	0.692715
162	113	0.653282
162	114	0.610135
162	115	0.701648
162	116	0.685099
162	117	0.712572
162	118	0.694824
162	119	0.713041
162	120	0.72703
162	121	0.742801
162	122	0.729231
162	123	0.717049
162	124	0.719748
162	125	0.739101
162	126	0.638216
162	127	0
162	128	0.747064
162	129	0.656999
162	130	0.642237
162	131	0.63806
162	132	0.642297
162	133	0.778545
162	134	0.786207
162	135	0.646738
162	136	0.652927
162	137	0.793658
162	138	0.817116
162	139	0.803667
162	140	0.771835
162	141	0.801088
162	142	0.8815
162	143	0.957862
162	144	0.959884
162	145	0.738641
162	146	0.975124
162	147	0.777535
162	148	0.809043
162	149	0.8178
162	150	0.98215
162	151	0.966883
162	152	0.94717
162	153	0.974135
162	154	0.750268
162	155	0.90265
162	156	0.770152
162	157	0.896654
162	158	0.959202
162	159	0.941678
162	160	0.761181
162	161	0.722913
162	163	0.82529
162	164	0.737342
162	165	0.776693
162	166	0.97135
162	167	0.982091
162	168	0.746834
162	169	0.734936
162	170	0.75655
162	171	0.704534
162	172	0.961266
162	173	0.709813
162	174	0.754271
162	175	0.726607
162	176	0.734484
162	177	0.842207
162	178	0.548755
162	179	0.558936
162	180	0.551888
162	181	0.55369
162	182	0.537
162	183	0.540704
162	184	0.54215
162	185	0.543985
162	186	0.538481
162	187	0
162	188	0
162	189	0
162	190	0
162	191	0
162	192	0
162	193	0
162	194	0
162	195	0
162	196	0
162	197	0
162	198	0
162	199	0
162	200	0
162	201	0
162	202	0
162	203	0
162	204	0
162	205	0
162	206	0
162	207	0.309612
162	208	0.300163
162	209	0.430587
162	210	0.312966
162	211	0.394367
162	212	0.363282
162	213	0.328224
162	214	0.296767
162	215	0.314359
162	216	0.311158
162	217	0.295821
162	218	0.142064
162	219	0.317597
162	220	0.15124
162	221	0.283808
162	222	0.282243
162	223	0.153219
162	224	0.166987
162	225	0.165502
162	226	0.162345
162	227	0.175185
162	228	0.153348
162	229	0.171146
162	230	0.166739
162	231	0.153971
162	232	0.154423
162	233	0.184636
162	234	0.169211
162	235	0.562676
162	236	0.197533
162	237	0.196106
162	238	0.212097
162	239	0.212897
162	240	0
162	241	0.652306
162	242	0.649349
162	243	0.676945
162	244	0.62154
162	245	0.668919
162	246	0.689038
162	247	0.693714
162	248	0.733324
162	249	0.621311
162	250	0
162	251	0.662724
162	252	0.716771
162	253	0.724879
162	254	0.641665
162	255	0.715364
162	256	0.70326
163	1	0.803503
163	2	0.84617
163	3	0.794568
163	4	0.772513
163	5	0.807039
163	6	0.816924
163	7	0.811083
163	8	0.826344
163	9	0.797602
163	10	0.816527
163	11	0.755749
163	12	0.771139
163	13	0.82911
163	14	0.767957
163	15	0.82565
163	16	0.867093
163	17	0.861942
163	18	0.84546
163	19	0.845991
163	20	0.88097
163	21	0
163	22	0.899505
163	23	0.770328
163	24	0.823048
163	25	0
163	26	0.909635
163	27	0.872249
163	28	0.904194
163	29	0.819529
163	30	0.89496
163	31	0.898558
163	32	0.916566
163	33	0
163	34	0.841412
163	35	0.927895
163	36	0.832276
163	37	0.903956
163	38	0.131759
163	39	0.919684
163	40	0.920798
163	41	0.910226
163	42	0.867549
163	43	0.917474
163	44	0.930176
163	45	0.943533
163	46	0.922312
163	47	0.954716
163	48	0.831936
163	49	0.951906
163	50	0.874165
163	51	0.930278
163	52	0.940437
163	53	0.919353
163	54	0.660697
163	55	0.645321
163	56	0.641474
163	57	0
163	58	0
163	59	0
163	60	0
163	61	0
163	62	0.436857
163	63	0.412045
163	64	0.446131
163	65	0.597401
163	66	0.606744
163	67	0.593214
163	68	0.603506
163	69	0.614728
163	70	0.604032
163	71	0.607373
163	72	0.600204
163	73	0.625707
163	74	0.621379
163	75	0.615487
163	76	0.630469
163	77	0.642824
163	78	0.628122
163	79	0.653151
163	80	0.64149
163	81	0.654187
163	82	0.648965
163	83	0.658834
163	84	0.669062
163	85	0.656174
163	86	0.699296
163	87	0.709846
163	88	0.709804
163	89	0.698578
163	90	0.696368
163	91	0.705546
163	92	0.723844
163	93	0.721444
163	94	0.721528
163	95	0.722368
163	96	0.716154
163	97	0.737126
163	98	0.834313
163	99	0.742701
163	100	0.748763
163	101	0.750683
163	102	0.755049
163	103	0.708357
163	104	0.698806
163	105	0.759368
163	106	0.700393
163	107	0.664917
163	108	0.690733
163	109	0.692008
163	110	0.749087
163	111	0.757439
163	112	0.769007
163	113	0.726095
163	114	0.678138
163	115	0.779851
163	116	0.761457
163	117	0.788064
163	118	0.772266
163	119	0.792514
163	120	0.798071
163	121	0.798607
163	122	0.804324
163	123	0.796969
163	124	0.799336
163	125	0.819648
163	126	0.729502
163	127	0
163	128	0.830329
163	129	0.750976
163	130	0.759078
163	131	0.754141
163	132	0.759149
163	133	0.865325
163	134	0.864066
163	135	0.764398
163	136	0.771712
163	137	0.828829
163	138	0.966874
163	139	0.885057
163	140	0.913295
163	141	0.88466
163	142	0.834347
163	143	0.818481
163	144	0.845287
163	145	0.872556
163	146	0.833231
163	147	0.918501
163	148	0.858812
163	149	0.868109
163	150	0.830691
163	151	0.851297
163	152	0.858058
163	153	0.846698
163	154	0.886291
163	155	0.899168
163	156	0.90978
163	157	0.911047
163	158	0.859708
163	159	0.872682
163	160	0.899183
163	161	0.846909
163	162	0.82529
163	164	0.867178
163	165	0.912081
163	166	0.810431
163	167	0.81076
163	168	0.874697
163	169	0.860994
163	170	0.887078
163	171	0.825377
163	172	0.802017
163	173	0.831562
163	174	0.881261
163	175	0.851236
163	176	0.858143
163	177	0.949728
163	178	0.64288
163	179	0.654807
163	180	0.646549
163	181	0.648661
163	182	0.629108
163	183	0.633447
163	184	0.635141
163	185	0.637291
163	186	0.630843
163	187	0
163	188	0
163	189	0
163	190	0
163	191	0
163	192	0
163	193	0
163	194	0
163	195	0
163	196	0
163	197	0
163	198	0
163	199	0
163	200	0
163	201	0
163	202	0
163	203	0
163	204	0
163	205	0
163	206	0
163	207	0.332872
163	208	0.322714
163	209	0.462937
163	210	0.336479
163	211	0.423995
163	212	0.390575
163	213	0.352883
163	214	0.319062
163	215	0.337977
163	216	0.334535
163	217	0.318045
163	218	0.152737
163	219	0.341457
163	220	0.162602
163	221	0.30513
163	222	0.303447
163	223	0.16473
163	224	0.179532
163	225	0.177936
163	226	0.174542
163	227	0.188347
163	228	0.164869
163	229	0.184004
163	230	0.179265
163	231	0.165539
163	232	0.166025
163	233	0.198508
163	234	0.181924
163	235	0.604949
163	236	0.212373
163	237	0.210839
163	238	0.228032
163	239	0.228891
163	240	0
163	241	0.697652
163	242	0.694489
163	243	0.752394
163	244	0.690814
163	245	0.743475
163	246	0.765835
163	247	0.770423
163	248	0.788418
163	249	0.697567
163	250	0
163	251	0.736588
163	252	0.792707
163	253	0.791393
163	254	0.720419
163	255	0.790966
163	256	0.781642
164	1	0.760914
164	2	0.818227
164	3	0.752453
164	4	0.740603
164	5	0.764263
164	6	0.773624
164	7	0.768092
164	8	0.782544
164	9	0.755326
164	10	0.773248
164	11	0.735447
164	12	0.728603
164	13	0.783377
164	14	0.747328
164	15	0.780108
164	16	0.824569
164	17	0.814397
164	18	0.798825
164	19	0.801151
164	20	0.843595
164	21	0
164	22	0.851828
164	23	0.887405
164	24	0.777649
164	25	0
164	26	0.925679
164	27	0.956161
164	28	0.933716
164	29	0.732195
164	30	0.945604
164	31	0.951743
164	32	0.940879
164	33	0
164	34	0.96664
164	35	0.931967
164	36	0.958763
164	37	0.956184
164	38	0.117718
164	39	0.939532
164	40	0.941647
164	41	0.949746
164	42	0.994868
164	43	0.943051
164	44	0.833374
164	45	0.846426
164	46	0.928638
164	47	0.856498
164	48	0.951232
164	49	0.862089
164	50	0.948511
164	51	0.89222
164	52	0.882778
164	53	0.856631
164	54	0.74975
164	55	0.732302
164	56	0.727936
164	57	0
164	58	0
164	59	0
164	60	0
164	61	0
164	62	0.413702
164	63	0.390205
164	64	0.422484
164	65	0.565736
164	66	0.574584
164	67	0.561771
164	68	0.571518
164	69	0.582145
164	70	0.572016
164	71	0.57518
164	72	0.568391
164	73	0.592543
164	74	0.588444
164	75	0.582864
164	76	0.597051
164	77	0.608752
164	78	0.594829
164	79	0.618532
164	80	0.607489
164	81	0.619512
164	82	0.614568
164	83	0.623913
164	84	0.633599
164	85	0.621394
164	86	0.662231
164	87	0.672221
164	88	0.672182
164	89	0.661551
164	90	0.659457
164	91	0.66815
164	92	0.685477
164	93	0.683205
164	94	0.683284
164	95	0.684079
164	96	0.678195
164	97	0.698055
164	98	0.790092
164	99	0.703335
164	100	0.709075
164	101	0.710894
164	102	0.715029
164	103	0.674998
164	104	0.665897
164	105	0.719118
164	106	0.66741
164	107	0.633846
164	108	0.658456
164	109	0.659672
164	110	0.711486
164	111	0.719606
164	112	0.731584
164	113	0.694056
164	114	0.650367
164	115	0.743126
164	116	0.725598
164	117	0.746294
164	118	0.735898
164	119	0.755193
164	120	0.75577
164	121	0.756278
164	122	0.761692
164	123	0.759437
164	124	0.756968
164	125	0.776204
164	126	0.705808
164	127	0
164	128	0.786319
164	129	0.726584
164	130	0.738687
164	131	0.733882
164	132	0.738756
164	133	0.81946
164	134	0.818267
164	135	0.743863
164	136	0.750981
164	137	0.783111
164	138	0.890918
164	139	0.836238
164	140	0.899774
164	141	0.835862
164	142	0.788324
164	143	0.731259
164	144	0.755208
164	145	0.961034
164	146	0.744437
164	147	0.930339
164	148	0.790901
164	149	0.782178
164	150	0.742168
164	151	0.760578
164	152	0.766618
164	153	0.756469
164	154	0.969726
164	155	0.803348
164	156	0.949463
164	157	0.81396
164	158	0.768092
164	159	0.779684
164	160	0.962639
164	161	0.971127
164	162	0.737342
164	163	0.867178
164	165	0.947663
164	166	0.724067
164	167	0.72436
164	168	0.9764
164	169	0.978201
164	170	0.968048
164	171	0.948151
164	172	0.716549
164	173	0.954665
164	174	0.957312
164	175	0.96279
164	176	0.953401
164	177	0.859809
164	178	0.729531
164	179	0.743066
164	180	0.733695
164	181	0.736091
164	182	0.713904
164	183	0.718827
164	184	0.72075
164	185	0.72319
164	186	0.715872
164	187	0
164	188	0
164	189	0
164	190	0
164	191	0
164	192	0
164	193	0
164	194	0
164	195	0
164	196	0
164	197	0
164	198	0
164	199	0
164	200	0
164	201	0
164	202	0
164	203	0
164	204	0
164	205	0
164	206	0
164	207	0.315229
164	208	0.305609
164	209	0.438399
164	210	0.318644
164	211	0.401522
164	212	0.369873
164	213	0.334179
164	214	0.302151
164	215	0.320062
164	216	0.316803
164	217	0.301188
164	218	0.144641
164	219	0.323359
164	220	0.153984
164	221	0.288957
164	222	0.287363
164	223	0.155999
164	224	0.170017
164	225	0.168504
164	226	0.165291
164	227	0.178363
164	228	0.15613
164	229	0.174251
164	230	0.169764
164	231	0.156765
164	232	0.157225
164	233	0.187986
164	234	0.172281
164	235	0.572884
164	236	0.201117
164	237	0.199664
164	238	0.215945
164	239	0.216759
164	240	0
164	241	0.660674
164	242	0.657678
164	243	0.716962
164	244	0.658534
164	245	0.708462
164	246	0.72977
164	247	0.733474
164	248	0.746628
164	249	0.674495
164	250	0
164	251	0.70932
164	252	0.750691
164	253	0.749447
164	254	0.696591
164	255	0.749042
164	256	0.744833
165	1	0.794898
165	2	0.843781
165	3	0.786059
165	4	0.767463
165	5	0.798396
165	6	0.808175
165	7	0.802397
165	8	0.817494
165	9	0.78906
165	10	0.807783
165	11	0.75808
165	12	0.761649
165	13	0.818907
165	14	0.770327
165	15	0.81549
165	16	0.857807
165	17	0.851335
165	18	0.835056
165	19	0.836931
165	20	0.878483
165	21	0
165	22	0.889871
165	23	0.84151
165	24	0.81292
165	25	0
165	26	0.950595
165	27	0.937055
165	28	0.953668
165	29	0.771272
165	30	0.952578
165	31	0.9643
165	32	0.974534
165	33	0
165	34	0.916647
165	35	0.976449
165	36	0.909178
165	37	0.974872
165	38	0.124
165	39	0.979663
165	40	0.983505
165	41	0.990891
165	42	0.948067
165	43	0.992741
165	44	0.87785
165	45	0.891599
165	46	0.97575
165	47	0.902209
165	48	0.909738
165	49	0.908098
165	50	0.94856
165	51	0.939603
165	52	0.929891
165	53	0.902349
165	54	0.722485
165	55	0.705671
165	56	0.701464
165	57	0
165	58	0
165	59	0
165	60	0
165	61	0
165	62	0.432179
165	63	0.407632
165	64	0.441353
165	65	0.591003
165	66	0.600246
165	67	0.586861
165	68	0.597043
165	69	0.608145
165	70	0.597563
165	71	0.600868
165	72	0.593777
165	73	0.619006
165	74	0.614724
165	75	0.608895
165	76	0.623717
165	77	0.63594
165	78	0.621395
165	79	0.646156
165	80	0.63462
165	81	0.647181
165	82	0.642015
165	83	0.651778
165	84	0.661897
165	85	0.649147
165	86	0.691807
165	87	0.702244
165	88	0.702202
165	89	0.691097
165	90	0.68891
165	91	0.69799
165	92	0.716092
165	93	0.713718
165	94	0.7138
165	95	0.714631
165	96	0.708485
165	97	0.729231
165	98	0.825378
165	99	0.734747
165	100	0.740744
165	101	0.742644
165	102	0.746963
165	103	0.70077
165	104	0.691322
165	105	0.751235
165	106	0.692892
165	107	0.657796
165	108	0.683336
165	109	0.684597
165	110	0.741064
165	111	0.749327
165	112	0.760771
165	113	0.718318
165	114	0.670876
165	115	0.771499
165	116	0.753303
165	117	0.779624
165	118	0.763995
165	119	0.784027
165	120	0.789524
165	121	0.790054
165	122	0.79571
165	123	0.788434
165	124	0.790775
165	125	0.81087
165	126	0.72753
165	127	0
165	128	0.821437
165	129	0.748945
165	130	0.76142
165	131	0.756468
165	132	0.761491
165	133	0.856058
165	134	0.854812
165	135	0.766756
165	136	0.774093
165	137	0.818629
165	138	0.93324
165	139	0.874166
165	140	0.92836
165	141	0.873773
165	142	0.824079
165	143	0.770285
165	144	0.795513
165	145	0.94183
165	146	0.784167
165	147	0.960782
165	148	0.828101
165	149	0.818967
165	150	0.781777
165	151	0.801169
165	152	0.807532
165	153	0.796841
165	154	0.956656
165	155	0.846221
165	156	0.979077
165	157	0.857401
165	158	0.809085
165	159	0.821295
165	160	0.970571
165	161	0.926627
165	162	0.776693
165	163	0.912081
165	164	0.947663
165	166	0.762709
165	167	0.763019
165	168	0.956498
165	169	0.941514
165	170	0.970037
165	171	0.903069
165	172	0.754791
165	173	0.909833
165	174	0.956426
165	175	0.930844
165	176	0.931847
165	177	0.905696
165	178	0.703001
165	179	0.716044
165	180	0.707014
165	181	0.709323
165	182	0.687942
165	183	0.692687
165	184	0.69454
165	185	0.696891
165	186	0.689839
165	187	0
165	188	0
165	189	0
165	190	0
165	191	0
165	192	0
165	193	0
165	194	0
165	195	0
165	196	0
165	197	0
165	198	0
165	199	0
165	200	0
165	201	0
165	202	0
165	203	0
165	204	0
165	205	0
165	206	0
165	207	0.329307
165	208	0.319258
165	209	0.457979
165	210	0.332876
165	211	0.419454
165	212	0.386392
165	213	0.349104
165	214	0.315645
165	215	0.334357
165	216	0.330952
165	217	0.314639
165	218	0.151101
165	219	0.337801
165	220	0.160861
165	221	0.301862
165	222	0.300197
165	223	0.162966
165	224	0.17761
165	225	0.17603
165	226	0.172673
165	227	0.186329
165	228	0.163103
165	229	0.182033
165	230	0.177346
165	231	0.163766
165	232	0.164247
165	233	0.196382
165	234	0.179976
165	235	0.59847
165	236	0.210099
165	237	0.208581
165	238	0.22559
165	239	0.22644
165	240	0
165	241	0.69018
165	242	0.687051
165	243	0.744336
165	244	0.683416
165	245	0.735512
165	246	0.757633
165	247	0.762172
165	248	0.779974
165	249	0.695597
165	250	0
165	251	0.732232
165	252	0.784218
165	253	0.782918
165	254	0.718385
165	255	0.782495
165	256	0.773271
166	1	0.734183
166	2	0.717127
166	3	0.734719
166	4	0.682796
166	5	0.727119
166	6	0.746468
166	7	0.750997
166	8	0.758398
166	9	0.738514
166	10	0.756038
166	11	0.628151
166	12	0.725401
166	13	0.779934
166	14	0.638298
166	15	0.77668
166	16	0.749307
166	17	0.806091
166	18	0.801979
166	19	0.731072
166	20	0.731434
166	21	0
166	22	0.781958
166	23	0.64296
166	24	0.862848
166	25	0
166	26	0.756162
166	27	0.725086
166	28	0.751642
166	29	0.945797
166	30	0.743966
166	31	0.746957
166	32	0.761927
166	33	0
166	34	0.700369
166	35	0.771344
166	36	0.694662
166	37	0.751444
166	38	0.161779
166	39	0.764519
166	40	0.765445
166	41	0.758924
166	42	0.724376
166	43	0.76771
166	44	0.865982
166	45	0.852859
166	46	0.775332
166	47	0.840862
166	48	0.697346
166	49	0.827953
166	50	0.734859
166	51	0.782041
166	52	0.800041
166	53	0.782105
166	54	0.55381
166	55	0.540922
166	56	0.537697
166	57	0
166	58	0
166	59	0
166	60	0
166	61	0
166	62	0.399169
166	63	0.376497
166	64	0.407642
166	65	0.545862
166	66	0.554399
166	67	0.542036
166	68	0.55144
166	69	0.561695
166	70	0.551921
166	71	0.554973
166	72	0.548424
166	73	0.571726
166	74	0.567771
166	75	0.562388
166	76	0.576077
166	77	0.587366
166	78	0.573933
166	79	0.596803
166	80	0.586148
166	81	0.597749
166	82	0.592978
166	83	0.601995
166	84	0.611341
166	85	0.599565
166	86	0.64232
166	87	0.65201
166	88	0.651972
166	89	0.638311
166	90	0.63963
166	91	0.645814
166	92	0.664868
166	93	0.660367
166	94	0.66274
166	95	0.660048
166	96	0.65437
166	97	0.677067
166	98	0.764809
166	99	0.680985
166	100	0.686242
166	101	0.688383
166	102	0.68996
166	103	0.630534
166	104	0.617649
166	105	0.680727
166	106	0.619051
166	107	0.587696
166	108	0.610514
166	109	0.611641
166	110	0.669026
166	111	0.673623
166	112	0.680506
166	113	0.641768
166	114	0.599381
166	115	0.689282
166	116	0.673024
166	117	0.700013
166	118	0.682578
166	119	0.700474
166	120	0.714216
166	121	0.729709
166	122	0.716379
166	123	0.704411
166	124	0.707063
166	125	0.726074
166	126	0.626967
166	127	0
166	128	0.733898
166	129	0.64542
166	130	0.630918
166	131	0.626815
166	132	0.630977
166	133	0.764823
166	134	0.77235
166	135	0.63534
166	136	0.641419
166	137	0.77967
166	138	0.802404
166	139	0.789503
166	140	0.757939
166	141	0.786969
166	142	0.865964
166	143	0.943488
166	144	0.942967
166	145	0.725342
166	146	0.960491
166	147	0.763536
166	148	0.794476
166	149	0.803076
166	150	0.97561
166	151	0.949842
166	152	0.930477
166	153	0.956596
166	154	0.73676
166	155	0.886741
166	156	0.756286
166	157	0.88051
166	158	0.941932
166	159	0.924723
166	160	0.747477
166	161	0.709897
166	162	0.97135
166	163	0.810431
166	164	0.724067
166	165	0.762709
166	167	0.957609
166	168	0.733387
166	169	0.721703
166	170	0.742929
166	171	0.691849
166	172	0.987948
166	173	0.697033
166	174	0.740691
166	175	0.713524
166	176	0.72126
166	177	0.827043
166	178	0.538875
166	179	0.548873
166	180	0.541951
166	181	0.543721
166	182	0.527332
166	183	0.530969
166	184	0.532389
166	185	0.534191
166	186	0.528786
166	187	0
166	188	0
166	189	0
166	190	0
166	191	0
166	192	0
166	193	0
166	194	0
166	195	0
166	196	0
166	197	0
166	198	0
166	199	0
166	200	0
166	201	0
166	202	0
166	203	0
166	204	0
166	205	0
166	206	0
166	207	0.304155
166	208	0.294873
166	209	0.422998
166	210	0.30745
166	211	0.387416
166	212	0.356879
166	213	0.322439
166	214	0.291536
166	215	0.308819
166	216	0.305674
166	217	0.290607
166	218	0.13956
166	219	0.311999
166	220	0.148574
166	221	0.278806
166	222	0.277268
166	223	0.150518
166	224	0.164044
166	225	0.162585
166	226	0.159484
166	227	0.172097
166	228	0.150646
166	229	0.168129
166	230	0.1638
166	231	0.151258
166	232	0.151702
166	233	0.181382
166	234	0.166229
166	235	0.552759
166	236	0.194051
166	237	0.19265
166	238	0.208359
166	239	0.209144
166	240	0
166	241	0.64081
166	242	0.637904
166	243	0.665014
166	244	0.610585
166	245	0.65713
166	246	0.676894
166	247	0.681488
166	248	0.720399
166	249	0.61036
166	250	0
166	251	0.651043
166	252	0.704138
166	253	0.712103
166	254	0.630355
166	255	0.702756
166	256	0.690865
167	1	0.734197
167	2	0.71714
167	3	0.734733
167	4	0.682809
167	5	0.727133
167	6	0.746482
167	7	0.751011
167	8	0.758412
167	9	0.738528
167	10	0.756052
167	11	0.628163
167	12	0.725415
167	13	0.779949
167	14	0.63831
167	15	0.776694
167	16	0.749321
167	17	0.806106
167	18	0.801994
167	19	0.731085
167	20	0.731447
167	21	0
167	22	0.781973
167	23	0.643221
167	24	0.862864
167	25	0
167	26	0.756469
167	27	0.725381
167	28	0.751947
167	29	0.943225
167	30	0.744268
167	31	0.747261
167	32	0.762236
167	33	0
167	34	0.700653
167	35	0.771657
167	36	0.694944
167	37	0.751749
167	38	0.154952
167	39	0.764829
167	40	0.765756
167	41	0.759232
167	42	0.72467
167	43	0.768021
167	44	0.866333
167	45	0.853205
167	46	0.775647
167	47	0.841203
167	48	0.697629
167	49	0.828289
167	50	0.735157
167	51	0.782359
167	52	0.800366
167	53	0.782422
167	54	0.554035
167	55	0.541141
167	56	0.537915
167	57	0
167	58	0
167	59	0
167	60	0
167	61	0
167	62	0.399176
167	63	0.376504
167	64	0.40765
167	65	0.545872
167	66	0.554409
167	67	0.542046
167	68	0.551451
167	69	0.561705
167	70	0.551931
167	71	0.554984
167	72	0.548434
167	73	0.571737
167	74	0.567782
167	75	0.562398
167	76	0.576088
167	77	0.587377
167	78	0.573944
167	79	0.596814
167	80	0.586159
167	81	0.59776
167	82	0.592989
167	83	0.602006
167	84	0.611352
167	85	0.599576
167	86	0.642332
167	87	0.652022
167	88	0.651984
167	89	0.638323
167	90	0.639642
167	91	0.645827
167	92	0.66488
167	93	0.660379
167	94	0.662753
167	95	0.66006
167	96	0.654383
167	97	0.67708
167	98	0.764824
167	99	0.680998
167	100	0.686255
167	101	0.688396
167	102	0.689973
167	103	0.630546
167	104	0.617661
167	105	0.68074
167	106	0.619063
167	107	0.587707
167	108	0.610525
167	109	0.611652
167	110	0.669038
167	111	0.673635
167	112	0.680519
167	113	0.641781
167	114	0.599393
167	115	0.689295
167	116	0.673037
167	117	0.700026
167	118	0.68259
167	119	0.700487
167	120	0.714229
167	121	0.729723
167	122	0.716392
167	123	0.704425
167	124	0.707076
167	125	0.726088
167	126	0.626979
167	127	0
167	128	0.733911
167	129	0.645432
167	130	0.63093
167	131	0.626826
167	132	0.630989
167	133	0.764838
167	134	0.772365
167	135	0.635352
167	136	0.641431
167	137	0.779684
167	138	0.80273
167	139	0.789517
167	140	0.758246
167	141	0.786984
167	142	0.86598
167	143	0.940998
167	144	0.942984
167	145	0.725636
167	146	0.957956
167	147	0.763846
167	148	0.794798
167	149	0.803402
167	150	0.96543
167	151	0.94986
167	152	0.930494
167	153	0.956984
167	154	0.737059
167	155	0.886758
167	156	0.756592
167	157	0.880867
167	158	0.942314
167	159	0.925098
167	160	0.74778
167	161	0.710185
167	162	0.982091
167	163	0.81076
167	164	0.72436
167	165	0.763019
167	166	0.957609
167	168	0.733685
167	169	0.721996
167	170	0.74323
167	171	0.692129
167	172	0.947667
167	173	0.697316
167	174	0.740991
167	175	0.713814
167	176	0.721553
167	177	0.827379
167	178	0.539094
167	179	0.549096
167	180	0.542171
167	181	0.543941
167	182	0.527546
167	183	0.531184
167	184	0.532605
167	185	0.534408
167	186	0.529
167	187	0
167	188	0
167	189	0
167	190	0
167	191	0
167	192	0
167	193	0
167	194	0
167	195	0
167	196	0
167	197	0
167	198	0
167	199	0
167	200	0
167	201	0
167	202	0
167	203	0
167	204	0
167	205	0
167	206	0
167	207	0.30416
167	208	0.294878
167	209	0.423006
167	210	0.307456
167	211	0.387424
167	212	0.356886
167	213	0.322445
167	214	0.291542
167	215	0.308824
167	216	0.30568
167	217	0.290612
167	218	0.139562
167	219	0.312005
167	220	0.148577
167	221	0.278811
167	222	0.277273
167	223	0.150521
167	224	0.164047
167	225	0.162588
167	226	0.159487
167	227	0.172101
167	228	0.150648
167	229	0.168133
167	230	0.163803
167	231	0.15126
167	232	0.151704
167	233	0.181386
167	234	0.166232
167	235	0.552769
167	236	0.194055
167	237	0.192653
167	238	0.208363
167	239	0.209148
167	240	0
167	241	0.640822
167	242	0.637916
167	243	0.665026
167	244	0.610597
167	245	0.657142
167	246	0.676906
167	247	0.6815
167	248	0.720413
167	249	0.610372
167	250	0
167	251	0.651056
167	252	0.704151
167	253	0.712116
167	254	0.630367
167	255	0.702769
167	256	0.690878
168	1	0.763445
168	2	0.814571
168	3	0.754956
168	4	0.737294
168	5	0.766805
168	6	0.776197
168	7	0.770647
168	8	0.785147
168	9	0.757838
168	10	0.77582
168	11	0.732161
168	12	0.731512
168	13	0.786504
168	14	0.743989
168	15	0.783222
168	16	0.823865
168	17	0.817648
168	18	0.802014
168	19	0.803815
168	20	0.843722
168	21	0
168	22	0.85466
168	23	0.870096
168	24	0.780754
168	25	0
168	26	0.920748
168	27	0.936332
168	28	0.927187
168	29	0.741621
168	30	0.935009
168	31	0.945792
168	32	0.939578
168	33	0
168	34	0.94487
168	35	0.937812
168	36	0.940063
168	37	0.953088
168	38	0.119233
168	39	0.941657
168	40	0.945086
168	41	0.955387
168	42	0.981216
168	43	0.952856
168	44	0.844102
168	45	0.857322
168	46	0.944854
168	47	0.867524
168	48	0.949323
168	49	0.873187
168	50	0.970864
168	51	0.906469
168	52	0.894142
168	53	0.867659
168	54	0.753922
168	55	0.736377
168	56	0.731987
168	57	0
168	58	0
168	59	0
168	60	0
168	61	0
168	62	0.415078
168	63	0.391502
168	64	0.423889
168	65	0.567618
168	66	0.576495
168	67	0.56364
168	68	0.573418
168	69	0.584081
168	70	0.573918
168	71	0.577093
168	72	0.570282
168	73	0.594513
168	74	0.590401
168	75	0.584802
168	76	0.599037
168	77	0.610777
168	78	0.596807
168	79	0.620589
168	80	0.609509
168	81	0.621573
168	82	0.616611
168	83	0.625988
168	84	0.635707
168	85	0.623461
168	86	0.664433
168	87	0.674457
168	88	0.674417
168	89	0.663751
168	90	0.661651
168	91	0.670372
168	92	0.687757
168	93	0.685477
168	94	0.685556
168	95	0.686354
168	96	0.680451
168	97	0.700377
168	98	0.792719
168	99	0.705675
168	100	0.711433
168	101	0.713258
168	102	0.717407
168	103	0.673042
168	104	0.663967
168	105	0.72151
168	106	0.665475
168	107	0.631768
168	108	0.656297
168	109	0.657509
168	110	0.711742
168	111	0.719678
168	112	0.730669
168	113	0.690956
168	114	0.647462
168	115	0.740972
168	116	0.723495
168	117	0.748776
168	118	0.733765
168	119	0.753004
168	120	0.758283
168	121	0.758793
168	122	0.764225
168	123	0.757236
168	124	0.759486
168	125	0.778785
168	126	0.702655
168	127	0
168	128	0.788934
168	129	0.723338
168	130	0.735387
168	131	0.730604
168	132	0.735455
168	133	0.822185
168	134	0.820988
168	135	0.74054
168	136	0.747626
168	137	0.786237
168	138	0.896313
168	139	0.839576
168	140	0.896619
168	141	0.839199
168	142	0.791471
168	143	0.740672
168	144	0.76493
168	145	0.941104
168	146	0.75402
168	147	0.927932
168	148	0.795334
168	149	0.786562
168	150	0.751722
168	151	0.770369
168	152	0.776486
168	153	0.766206
168	154	0.954825
168	155	0.813689
168	156	0.94815
168	157	0.824438
168	158	0.77798
168	159	0.789721
168	160	0.958332
168	161	0.965365
168	162	0.746834
168	163	0.874697
168	164	0.9764
168	165	0.956498
168	166	0.733387
168	167	0.733685
168	169	0.982481
168	170	0.984572
168	171	0.941285
168	172	0.725773
168	173	0.948897
168	174	0.979873
168	175	0.971347
168	176	0.967692
168	177	0.870877
168	178	0.733591
168	179	0.747201
168	180	0.737778
168	181	0.740187
168	182	0.717876
168	183	0.722827
168	184	0.724761
168	185	0.727214
168	186	0.719855
168	187	0
168	188	0
168	189	0
168	190	0
168	191	0
168	192	0
168	193	0
168	194	0
168	195	0
168	196	0
168	197	0
168	198	0
168	199	0
168	200	0
168	201	0
168	202	0
168	203	0
168	204	0
168	205	0
168	206	0
168	207	0.316277
168	208	0.306625
168	209	0.439857
168	210	0.319704
168	211	0.402857
168	212	0.371103
168	213	0.33529
168	214	0.303156
168	215	0.321127
168	216	0.317857
168	217	0.302189
168	218	0.145122
168	219	0.324434
168	220	0.154496
168	221	0.289918
168	222	0.288319
168	223	0.156517
168	224	0.170582
168	225	0.169065
168	226	0.16584
168	227	0.178957
168	228	0.15665
168	229	0.17483
168	230	0.170328
168	231	0.157286
168	232	0.157748
168	233	0.188611
168	234	0.172854
168	235	0.57479
168	236	0.201785
168	237	0.200328
168	238	0.216664
168	239	0.21748
168	240	0
168	241	0.662871
168	242	0.659865
168	243	0.714884
168	244	0.656374
168	245	0.706409
168	246	0.727655
168	247	0.732014
168	248	0.749111
168	249	0.671482
168	250	0
168	251	0.706151
168	252	0.753187
168	253	0.751939
168	254	0.693479
168	255	0.751533
168	256	0.742674
169	1	0.751485
169	2	0.804715
169	3	0.743129
169	4	0.728373
169	5	0.754792
169	6	0.764037
169	7	0.758574
169	8	0.772847
169	9	0.745966
169	10	0.763666
169	11	0.723302
169	12	0.720052
169	13	0.774183
169	14	0.734987
169	15	0.770952
169	16	0.810959
169	17	0.80484
169	18	0.78945
169	19	0.791223
169	20	0.830505
169	21	0
169	22	0.841272
169	23	0.882553
169	24	0.768523
169	25	0
169	26	0.910393
169	27	0.936162
169	28	0.91676
169	29	0.729805
169	30	0.927522
169	31	0.935404
169	32	0.927281
169	33	0
169	34	0.954415
169	35	0.923121
169	36	0.953521
169	37	0.941572
169	38	0.117333
169	39	0.927642
169	40	0.930451
169	41	0.94042
169	42	0.98097
169	43	0.937929
169	44	0.830654
169	45	0.843663
169	46	0.929801
169	47	0.853703
169	48	0.961423
169	49	0.859275
169	50	0.956321
169	51	0.892027
169	52	0.879897
169	53	0.853835
169	54	0.763531
169	55	0.745762
169	56	0.741316
169	57	0
169	58	0
169	59	0
169	60	0
169	61	0
169	62	0.408576
169	63	0.385369
169	64	0.417249
169	65	0.558726
169	66	0.567464
169	67	0.55481
169	68	0.564436
169	69	0.574932
169	70	0.564928
169	71	0.568052
169	72	0.561348
169	73	0.5852
169	74	0.581152
169	75	0.575641
169	76	0.589653
169	77	0.601208
169	78	0.587458
169	79	0.610867
169	80	0.599961
169	81	0.611835
169	82	0.606952
169	83	0.616181
169	84	0.625748
169	85	0.613694
169	86	0.654025
169	87	0.663891
169	88	0.663852
169	89	0.653353
169	90	0.651285
169	91	0.65987
169	92	0.676983
169	93	0.674739
169	94	0.674817
169	95	0.675602
169	96	0.669791
169	97	0.689405
169	98	0.780301
169	99	0.69462
169	100	0.700288
169	101	0.702085
169	102	0.706168
169	103	0.663852
169	104	0.654901
169	105	0.710207
169	106	0.656388
169	107	0.62338
169	108	0.647583
169	109	0.648779
169	110	0.700592
169	111	0.708403
169	112	0.719503
169	113	0.682595
169	114	0.639627
169	115	0.730855
169	116	0.713617
169	117	0.737046
169	118	0.723746
169	119	0.742722
169	120	0.746404
169	121	0.746906
169	122	0.752253
169	123	0.746897
169	124	0.747588
169	125	0.766585
169	126	0.694153
169	127	0
169	128	0.776575
169	129	0.714586
169	130	0.726489
169	131	0.721763
169	132	0.726557
169	133	0.809305
169	134	0.808127
169	135	0.73158
169	136	0.73858
169	137	0.77392
169	138	0.882272
169	139	0.826424
169	140	0.885208
169	141	0.826053
169	142	0.779073
169	143	0.728872
169	144	0.752744
169	145	0.940933
169	146	0.742007
169	147	0.916123
169	148	0.782875
169	149	0.77424
169	150	0.739746
169	151	0.758096
169	152	0.764116
169	153	0.754
169	154	0.951183
169	155	0.800726
169	156	0.93574
169	157	0.811304
169	158	0.765586
169	159	0.777139
169	160	0.948157
169	161	0.979861
169	162	0.734936
169	163	0.860994
169	164	0.978201
169	165	0.941514
169	166	0.721703
169	167	0.721996
169	168	0.982481
169	170	0.969148
169	171	0.95495
169	172	0.714211
169	173	0.962103
169	174	0.965195
169	175	0.98334
169	176	0.973751
169	177	0.857003
169	178	0.742941
169	179	0.756724
169	180	0.747181
169	181	0.749621
169	182	0.727026
169	183	0.73204
169	184	0.733998
169	185	0.736483
169	186	0.72903
169	187	0
169	188	0
169	189	0
169	190	0
169	191	0
169	192	0
169	193	0
169	194	0
169	195	0
169	196	0
169	197	0
169	198	0
169	199	0
169	200	0
169	201	0
169	202	0
169	203	0
169	204	0
169	205	0
169	206	0
169	207	0.311323
169	208	0.301822
169	209	0.432967
169	210	0.314696
169	211	0.396546
169	212	0.365289
169	213	0.330038
169	214	0.298406
169	215	0.316096
169	216	0.312878
169	217	0.297455
169	218	0.142849
169	219	0.319352
169	220	0.152076
169	221	0.285376
169	222	0.283802
169	223	0.154066
169	224	0.16791
169	225	0.166416
169	226	0.163242
169	227	0.176153
169	228	0.154196
169	229	0.172092
169	230	0.16766
169	231	0.154822
169	232	0.155277
169	233	0.185657
169	234	0.170146
169	235	0.565785
169	236	0.198624
169	237	0.19719
169	238	0.213269
169	239	0.214073
169	240	0
169	241	0.652487
169	242	0.649528
169	243	0.705123
169	244	0.647659
169	245	0.696763
169	246	0.717719
169	247	0.721362
169	248	0.737376
169	249	0.663357
169	250	0
169	251	0.697607
169	252	0.741388
169	253	0.74016
169	254	0.685088
169	255	0.73976
169	256	0.732533
170	1	0.774251
170	2	0.823732
170	3	0.765642
170	4	0.747529
170	5	0.777659
170	6	0.787183
170	7	0.781555
170	8	0.79626
170	9	0.768564
170	10	0.786801
170	11	0.740395
170	12	0.741866
170	13	0.797637
170	14	0.752356
170	15	0.794308
170	16	0.835527
170	17	0.829222
170	18	0.813366
170	19	0.815193
170	20	0.855665
170	21	0
170	22	0.866758
170	23	0.860036
170	24	0.791805
170	25	0
170	26	0.929853
170	27	0.943779
170	28	0.936356
170	29	0.751269
170	30	0.944117
170	31	0.955145
170	32	0.950159
170	33	0
170	34	0.936366
170	35	0.951086
170	36	0.929193
170	37	0.962514
170	38	0.120784
170	39	0.954986
170	40	0.958463
170	41	0.96891
170	42	0.972089
170	43	0.966343
170	44	0.855084
170	45	0.868475
170	46	0.955744
170	47	0.878811
170	48	0.93644
170	49	0.884547
170	50	0.973709
170	51	0.916917
170	52	0.905775
170	53	0.878947
170	54	0.74369
170	55	0.726383
170	56	0.722053
170	57	0
170	58	0
170	59	0
170	60	0
170	61	0
170	62	0.420953
170	63	0.397044
170	64	0.429889
170	65	0.575652
170	66	0.584655
170	67	0.571618
170	68	0.581535
170	69	0.592349
170	70	0.582042
170	71	0.585261
170	72	0.578354
170	73	0.602928
170	74	0.598757
170	75	0.59308
170	76	0.607516
170	77	0.619422
170	78	0.605255
170	79	0.629373
170	80	0.618137
170	81	0.630371
170	82	0.625339
170	83	0.634848
170	84	0.644705
170	85	0.632286
170	86	0.673838
170	87	0.684004
170	88	0.683963
170	89	0.673146
170	90	0.671016
170	91	0.67986
170	92	0.697492
170	93	0.69518
170	94	0.69526
170	95	0.696069
170	96	0.690082
170	97	0.71029
170	98	0.80394
170	99	0.715663
170	100	0.721503
170	101	0.723354
170	102	0.727561
170	103	0.682569
170	104	0.673366
170	105	0.731722
170	106	0.674895
170	107	0.64071
170	108	0.665587
170	109	0.666815
170	110	0.721816
170	111	0.729864
170	112	0.741011
170	113	0.699661
170	114	0.654743
170	115	0.751461
170	116	0.733736
170	117	0.759374
170	118	0.744151
170	119	0.763662
170	120	0.769016
170	121	0.769533
170	122	0.775043
170	123	0.767955
170	124	0.770236
170	125	0.789809
170	126	0.710557
170	127	0
170	128	0.800101
170	129	0.731473
170	130	0.743657
170	131	0.73882
170	132	0.743726
170	133	0.833823
170	134	0.832609
170	135	0.748868
170	136	0.756034
170	137	0.797366
170	138	0.909
170	139	0.85146
170	140	0.906702
170	141	0.851078
170	142	0.802674
170	143	0.750308
170	144	0.774882
170	145	0.948589
170	146	0.76383
170	147	0.938367
170	148	0.806592
170	149	0.797696
170	150	0.761502
170	151	0.780392
170	152	0.786589
170	153	0.776175
170	154	0.962419
170	155	0.824275
170	156	0.958812
170	157	0.835165
170	158	0.788102
170	159	0.799995
170	160	0.96781
170	161	0.953294
170	162	0.75655
170	163	0.887078
170	164	0.968048
170	165	0.970037
170	166	0.742929
170	167	0.74323
170	168	0.984572
170	169	0.969148
170	171	0.929057
170	172	0.735216
170	173	0.936019
170	174	0.981784
170	175	0.958165
170	176	0.959094
170	177	0.882207
170	178	0.723635
170	179	0.737061
170	180	0.727766
170	181	0.730142
170	182	0.708134
170	183	0.713018
170	184	0.714925
170	185	0.717345
170	186	0.710086
170	187	0
170	188	0
170	189	0
170	190	0
170	191	0
170	192	0
170	193	0
170	194	0
170	195	0
170	196	0
170	197	0
170	198	0
170	199	0
170	200	0
170	201	0
170	202	0
170	203	0
170	204	0
170	205	0
170	206	0
170	207	0.320754
170	208	0.310965
170	209	0.446083
170	210	0.324229
170	211	0.408559
170	212	0.376356
170	213	0.340036
170	214	0.307447
170	215	0.325672
170	216	0.322356
170	217	0.306467
170	218	0.147176
170	219	0.329026
170	220	0.156683
170	221	0.294022
170	222	0.2924
170	223	0.158733
170	224	0.172996
170	225	0.171458
170	226	0.168188
170	227	0.18149
170	228	0.158867
170	229	0.177305
170	230	0.172739
170	231	0.159512
170	232	0.159981
170	233	0.191281
170	234	0.175301
170	235	0.582926
170	236	0.204642
170	237	0.203163
170	238	0.21973
170	239	0.220559
170	240	0
170	241	0.672253
170	242	0.669205
170	243	0.725003
170	244	0.665665
170	245	0.716408
170	246	0.737955
170	247	0.742375
170	248	0.759715
170	249	0.679033
170	250	0
170	251	0.714092
170	252	0.763848
170	253	0.762582
170	254	0.701278
170	255	0.762171
170	256	0.753186
171	1	0.723381
171	2	0.777512
171	3	0.715338
171	4	0.70375
171	5	0.726565
171	6	0.735464
171	7	0.730206
171	8	0.743945
171	9	0.718069
171	10	0.735107
171	11	0.698851
171	12	0.692664
171	13	0.744736
171	14	0.71014
171	15	0.741628
171	16	0.783539
171	17	0.774227
171	18	0.759423
171	19	0.761633
171	20	0.801617
171	21	0
171	22	0.809811
171	23	0.8748
171	24	0.739291
171	25	0
171	26	0.879617
171	27	0.907269
171	28	0.887043
171	29	0.699616
171	30	0.898337
171	31	0.904608
171	32	0.89447
171	33	0
171	34	0.941021
171	35	0.885997
171	36	0.943607
171	37	0.908829
171	38	0.11248
171	39	0.893189
171	40	0.8952
171	41	0.902899
171	42	0.947895
171	43	0.89913
171	44	0.796292
171	45	0.808763
171	46	0.891338
171	47	0.818388
171	48	0.977941
171	49	0.82373
171	50	0.916222
171	51	0.855127
171	52	0.843498
171	53	0.818515
171	54	0.761675
171	55	0.743949
171	56	0.739514
171	57	0
171	58	0
171	59	0
171	60	0
171	61	0
171	62	0.393296
171	63	0.370958
171	64	0.401645
171	65	0.537831
171	66	0.546242
171	67	0.534062
171	68	0.543327
171	69	0.553431
171	70	0.543801
171	71	0.546809
171	72	0.540355
171	73	0.563315
171	74	0.559418
171	75	0.554114
171	76	0.567602
171	77	0.578725
171	78	0.565489
171	79	0.588022
171	80	0.577524
171	81	0.588955
171	82	0.584254
171	83	0.593138
171	84	0.602347
171	85	0.590744
171	86	0.629566
171	87	0.639064
171	88	0.639026
171	89	0.62892
171	90	0.626929
171	91	0.635193
171	92	0.651666
171	93	0.649506
171	94	0.649581
171	95	0.650337
171	96	0.644743
171	97	0.663623
171	98	0.75112
171	99	0.668643
171	100	0.6741
171	101	0.675829
171	102	0.679759
171	103	0.64141
171	104	0.632762
171	105	0.683647
171	106	0.634199
171	107	0.602306
171	108	0.625691
171	109	0.626846
171	110	0.676082
171	111	0.683798
171	112	0.69518
171	113	0.65952
171	114	0.618005
171	115	0.706148
171	116	0.689493
171	117	0.709482
171	118	0.69928
171	119	0.717614
171	120	0.718491
171	121	0.718974
171	122	0.724121
171	123	0.721648
171	124	0.71963
171	125	0.737917
171	126	0.670687
171	127	0
171	128	0.747533
171	129	0.690429
171	130	0.701929
171	131	0.697364
171	132	0.701995
171	133	0.77904
171	134	0.777906
171	135	0.706849
171	136	0.713612
171	137	0.744483
171	138	0.846973
171	139	0.79499
171	140	0.855001
171	141	0.794633
171	142	0.74944
171	143	0.698721
171	144	0.721605
171	145	0.911893
171	146	0.711312
171	147	0.884264
171	148	0.751889
171	149	0.743596
171	150	0.709145
171	151	0.726736
171	152	0.732507
171	153	0.722809
171	154	0.921253
171	155	0.767602
171	156	0.90263
171	157	0.777743
171	158	0.733916
171	159	0.744991
171	160	0.914964
171	161	0.97406
171	162	0.704534
171	163	0.825377
171	164	0.948151
171	165	0.903069
171	166	0.691849
171	167	0.692129
171	168	0.941285
171	169	0.95495
171	170	0.929057
171	172	0.684666
171	173	0.986476
171	174	0.924723
171	175	0.958021
171	176	0.934066
171	177	0.821551
171	178	0.741135
171	179	0.754885
171	180	0.745365
171	181	0.747799
171	182	0.725259
171	183	0.73026
171	184	0.732214
171	185	0.734692
171	186	0.727258
171	187	0
171	188	0
171	189	0
171	190	0
171	191	0
171	192	0
171	193	0
171	194	0
171	195	0
171	196	0
171	197	0
171	198	0
171	199	0
171	200	0
171	201	0
171	202	0
171	203	0
171	204	0
171	205	0
171	206	0
171	207	0.29968
171	208	0.290535
171	209	0.416775
171	210	0.302927
171	211	0.381716
171	212	0.351628
171	213	0.317695
171	214	0.287247
171	215	0.304275
171	216	0.301177
171	217	0.286331
171	218	0.137506
171	219	0.307409
171	220	0.146388
171	221	0.274704
171	222	0.273189
171	223	0.148304
171	224	0.16163
171	225	0.160193
171	226	0.157138
171	227	0.169566
171	228	0.148429
171	229	0.165656
171	230	0.16139
171	231	0.149032
171	232	0.14947
171	233	0.178714
171	234	0.163783
171	235	0.544627
171	236	0.191196
171	237	0.189815
171	238	0.205294
171	239	0.206067
171	240	0
171	241	0.628086
171	242	0.625238
171	243	0.681286
171	244	0.625765
171	245	0.673209
171	246	0.693457
171	247	0.696976
171	248	0.709801
171	249	0.640932
171	250	0
171	251	0.674024
171	252	0.713662
171	253	0.71248
171	254	0.661929
171	255	0.712095
171	256	0.70777
172	1	0.726561
172	2	0.709682
172	3	0.727091
172	4	0.675708
172	5	0.71957
172	6	0.738719
172	7	0.7432
172	8	0.750524
172	9	0.730847
172	10	0.748189
172	11	0.621629
172	12	0.71787
172	13	0.771837
172	14	0.631672
172	15	0.768616
172	16	0.741528
172	17	0.797722
172	18	0.793653
172	19	0.723482
172	20	0.72384
172	21	0
172	22	0.77384
172	23	0.636285
172	24	0.85389
172	25	0
172	26	0.748312
172	27	0.717559
172	28	0.743838
172	29	0.935978
172	30	0.736242
172	31	0.739203
172	32	0.754017
172	33	0
172	34	0.693098
172	35	0.763336
172	36	0.68745
172	37	0.743643
172	38	0.15983
172	39	0.756582
172	40	0.757498
172	41	0.751044
172	42	0.716855
172	43	0.759739
172	44	0.856991
172	45	0.844004
172	46	0.767283
172	47	0.832132
172	48	0.690106
172	49	0.819357
172	50	0.727229
172	51	0.773922
172	52	0.791735
172	53	0.773985
172	54	0.54806
172	55	0.535306
172	56	0.532115
172	57	0
172	58	0
172	59	0
172	60	0
172	61	0
172	62	0.395025
172	63	0.372588
172	64	0.40341
172	65	0.540195
172	66	0.548643
172	67	0.536409
172	68	0.545715
172	69	0.555863
172	70	0.546191
172	71	0.549212
172	72	0.54273
172	73	0.565791
172	74	0.561877
172	75	0.556549
172	76	0.570096
172	77	0.581268
172	78	0.567974
172	79	0.590607
172	80	0.580062
172	81	0.591543
172	82	0.586821
172	83	0.595745
172	84	0.604994
172	85	0.59334
172	86	0.635651
172	87	0.645241
172	88	0.645203
172	89	0.631684
172	90	0.632989
172	91	0.63911
172	92	0.657965
172	93	0.653511
172	94	0.65586
172	95	0.653195
172	96	0.647577
172	97	0.670038
172	98	0.756869
172	99	0.673915
172	100	0.679118
172	101	0.681236
172	102	0.682797
172	103	0.623988
172	104	0.611237
172	105	0.67366
172	106	0.612625
172	107	0.581594
172	108	0.604175
172	109	0.605291
172	110	0.66208
172	111	0.666629
172	112	0.673441
172	113	0.635106
172	114	0.593159
172	115	0.682126
172	116	0.666037
172	117	0.692746
172	118	0.675491
172	119	0.693202
172	120	0.706801
172	121	0.722134
172	122	0.708941
172	123	0.697098
172	124	0.699722
172	125	0.718536
172	126	0.620458
172	127	0
172	128	0.726278
172	129	0.638719
172	130	0.624368
172	131	0.620307
172	132	0.624426
172	133	0.756883
172	134	0.764332
172	135	0.628744
172	136	0.63476
172	137	0.771575
172	138	0.794074
172	139	0.781306
172	140	0.75007
172	141	0.778799
172	142	0.856973
172	143	0.933693
172	144	0.933177
172	145	0.717812
172	146	0.950519
172	147	0.755609
172	148	0.786228
172	149	0.794739
172	150	0.965481
172	151	0.939981
172	152	0.920816
172	153	0.946665
172	154	0.729111
172	155	0.877535
172	156	0.748434
172	157	0.871369
172	158	0.932153
172	159	0.915122
172	160	0.739716
172	161	0.702527
172	162	0.961266
172	163	0.802017
172	164	0.716549
172	165	0.754791
172	166	0.987948
172	167	0.947667
172	168	0.725773
172	169	0.714211
172	170	0.735216
172	171	0.684666
172	173	0.689796
172	174	0.733001
172	175	0.706116
172	176	0.713772
172	177	0.818457
172	178	0.533281
172	179	0.543174
172	180	0.536324
172	181	0.538076
172	182	0.521857
172	183	0.525456
172	184	0.526862
172	185	0.528645
172	186	0.523296
172	187	0
172	188	0
172	189	0
172	190	0
172	191	0
172	192	0
172	193	0
172	194	0
172	195	0
172	196	0
172	197	0
172	198	0
172	199	0
172	200	0
172	201	0
172	202	0
172	203	0
172	204	0
172	205	0
172	206	0
172	207	0.300997
172	208	0.291811
172	209	0.418607
172	210	0.304259
172	211	0.383394
172	212	0.353174
172	213	0.319092
172	214	0.288509
172	215	0.305612
172	216	0.302501
172	217	0.28759
172	218	0.138111
172	219	0.30876
172	220	0.147032
172	221	0.275911
172	222	0.27439
172	223	0.148956
172	224	0.162341
172	225	0.160897
172	226	0.157828
172	227	0.170311
172	228	0.149082
172	229	0.166384
172	230	0.162099
172	231	0.149687
172	232	0.150127
172	233	0.179499
172	234	0.164503
172	235	0.54702
172	236	0.192037
172	237	0.19065
172	238	0.206196
172	239	0.206973
172	240	0
172	241	0.634157
172	242	0.631281
172	243	0.658109
172	244	0.604246
172	245	0.650308
172	246	0.669866
172	247	0.674412
172	248	0.71292
172	249	0.604023
172	250	0
172	251	0.644284
172	252	0.696827
172	253	0.70471
172	254	0.623811
172	255	0.69546
172	256	0.683693
173	1	0.728351
173	2	0.782853
173	3	0.720252
173	4	0.708585
173	5	0.731557
173	6	0.740517
173	7	0.735222
173	8	0.749056
173	9	0.723002
173	10	0.740157
173	11	0.703652
173	12	0.697423
173	13	0.749852
173	14	0.715019
173	15	0.746723
173	16	0.788921
173	17	0.779545
173	18	0.764639
173	19	0.766865
173	20	0.807124
173	21	0
173	22	0.815374
173	23	0.880607
173	24	0.74437
173	25	0
173	26	0.885659
173	27	0.913502
173	28	0.893137
173	29	0.704858
173	30	0.904508
173	31	0.910823
173	32	0.900614
173	33	0
173	34	0.947268
173	35	0.892084
173	36	0.949871
173	37	0.915072
173	38	0.113323
173	39	0.899325
173	40	0.90135
173	41	0.90922
173	42	0.954407
173	43	0.905867
173	44	0.802259
173	45	0.814824
173	46	0.898017
173	47	0.82452
173	48	0.988412
173	49	0.829902
173	50	0.923631
173	51	0.861535
173	52	0.849819
173	53	0.824648
173	54	0.768554
173	55	0.750668
173	56	0.746193
173	57	0
173	58	0
173	59	0
173	60	0
173	61	0
173	62	0.395998
173	63	0.373506
173	64	0.404404
173	65	0.541526
173	66	0.549995
173	67	0.53773
173	68	0.54706
173	69	0.557233
173	70	0.547537
173	71	0.550565
173	72	0.544067
173	73	0.567185
173	74	0.563261
173	75	0.55792
173	76	0.571501
173	77	0.582701
173	78	0.569374
173	79	0.592062
173	80	0.581491
173	81	0.593
173	82	0.588267
173	83	0.597213
173	84	0.606485
173	85	0.594802
173	86	0.633891
173	87	0.643454
173	88	0.643416
173	89	0.63324
173	90	0.631236
173	91	0.639556
173	92	0.656143
173	93	0.653967
173	94	0.654043
173	95	0.654804
173	96	0.649172
173	97	0.668182
173	98	0.75628
173	99	0.673236
173	100	0.67873
173	101	0.680471
173	102	0.684429
173	103	0.645816
173	104	0.637109
173	105	0.688344
173	106	0.638556
173	107	0.606444
173	108	0.62999
173	109	0.631153
173	110	0.680727
173	111	0.688495
173	112	0.699956
173	113	0.664051
173	114	0.62225
173	115	0.710999
173	116	0.694229
173	117	0.714356
173	118	0.704083
173	119	0.722544
173	120	0.723427
173	121	0.723913
173	122	0.729096
173	123	0.726605
173	124	0.724574
173	125	0.742986
173	126	0.675294
173	127	0
173	128	0.752668
173	129	0.695172
173	130	0.706751
173	131	0.702155
173	132	0.706818
173	133	0.784391
173	134	0.783249
173	135	0.711704
173	136	0.718514
173	137	0.749598
173	138	0.852792
173	139	0.800451
173	140	0.860874
173	141	0.800092
173	142	0.754588
173	143	0.703957
173	144	0.727012
173	145	0.918157
173	146	0.716643
173	147	0.890339
173	148	0.757054
173	149	0.748705
173	150	0.714459
173	151	0.732181
173	152	0.737996
173	153	0.728225
173	154	0.927582
173	155	0.773354
173	156	0.90883
173	157	0.783571
173	158	0.739415
173	159	0.750574
173	160	0.92125
173	161	0.981676
173	162	0.709813
173	163	0.831562
173	164	0.954665
173	165	0.909833
173	166	0.697033
173	167	0.697316
173	168	0.948897
173	169	0.962103
173	170	0.936019
173	171	0.986476
173	172	0.689796
173	174	0.932201
173	175	0.966673
173	176	0.942415
173	177	0.827707
173	178	0.747828
173	179	0.761702
173	180	0.752096
173	181	0.754552
173	182	0.731809
173	183	0.736855
173	184	0.738826
173	185	0.741327
173	186	0.733826
173	187	0
173	188	0
173	189	0
173	190	0
173	191	0
173	192	0
173	193	0
173	194	0
173	195	0
173	196	0
173	197	0
173	198	0
173	199	0
173	200	0
173	201	0
173	202	0
173	203	0
173	204	0
173	205	0
173	206	0
173	207	0.301739
173	208	0.29253
173	209	0.419638
173	210	0.305008
173	211	0.384339
173	212	0.354044
173	213	0.319878
173	214	0.28922
173	215	0.306365
173	216	0.303246
173	217	0.288298
173	218	0.138451
173	219	0.309521
173	220	0.147394
173	221	0.276591
173	222	0.275066
173	223	0.149323
173	224	0.162741
173	225	0.161293
173	226	0.158217
173	227	0.17073
173	228	0.149449
173	229	0.166794
173	230	0.162499
173	231	0.150056
173	232	0.150496
173	233	0.179941
173	234	0.164908
173	235	0.548368
173	236	0.19251
173	237	0.191119
173	238	0.206704
173	239	0.207483
173	240	0
173	241	0.6324
173	242	0.629533
173	243	0.685966
173	244	0.630064
173	245	0.677834
173	246	0.69822
173	247	0.701764
173	248	0.714677
173	249	0.645335
173	250	0
173	251	0.678654
173	252	0.718565
173	253	0.717374
173	254	0.666476
173	255	0.716987
173	256	0.712632
174	1	0.764815
174	2	0.811116
174	3	0.756311
174	4	0.737753
174	5	0.768181
174	6	0.77759
174	7	0.77203
174	8	0.786556
174	9	0.759198
174	10	0.777212
174	11	0.728845
174	12	0.732825
174	13	0.787916
174	14	0.740619
174	15	0.784628
174	16	0.825344
174	17	0.819116
174	18	0.803454
174	19	0.805258
174	20	0.844475
174	21	0
174	22	0.856195
174	23	0.853879
174	24	0.782155
174	25	0
174	26	0.913935
174	27	0.926588
174	28	0.919301
174	29	0.749006
174	30	0.92692
174	31	0.937747
174	32	0.93546
174	33	0
174	34	0.926399
174	35	0.937964
174	36	0.922542
174	37	0.944981
174	38	0.12042
174	39	0.940213
174	40	0.943636
174	41	0.953921
174	42	0.962033
174	43	0.959348
174	44	0.852508
174	45	0.865859
174	46	0.954263
174	47	0.876163
174	48	0.93262
174	49	0.881882
174	50	0.98974
174	51	0.915496
174	52	0.903046
174	53	0.876299
174	54	0.740657
174	55	0.72342
174	56	0.719108
174	57	0
174	58	0
174	59	0
174	60	0
174	61	0
174	62	0.415823
174	63	0.392205
174	64	0.42465
174	65	0.568637
174	66	0.57753
174	67	0.564651
174	68	0.574448
174	69	0.58513
174	70	0.574948
174	71	0.578128
174	72	0.571305
174	73	0.59558
174	74	0.59146
174	75	0.585852
174	76	0.600112
174	77	0.611873
174	78	0.597879
174	79	0.621703
174	80	0.610603
174	81	0.622688
174	82	0.617718
174	83	0.627111
174	84	0.636848
174	85	0.62458
174	86	0.665626
174	87	0.675668
174	88	0.675628
174	89	0.664942
174	90	0.662838
174	91	0.671575
174	92	0.688992
174	93	0.686708
174	94	0.686787
174	95	0.687586
174	96	0.681672
174	97	0.701634
174	98	0.794142
174	99	0.706941
174	100	0.71271
174	101	0.714538
174	102	0.718694
174	103	0.67425
174	104	0.665159
174	105	0.722805
174	106	0.66667
174	107	0.632902
174	108	0.657475
174	109	0.658689
174	110	0.713019
174	111	0.720969
174	112	0.73198
174	113	0.691134
174	114	0.645487
174	115	0.742302
174	116	0.724794
174	117	0.75012
174	118	0.735082
174	119	0.754355
174	120	0.759644
174	121	0.760155
174	122	0.765597
174	123	0.758596
174	124	0.760849
174	125	0.780183
174	126	0.699472
174	127	0
174	128	0.79035
174	129	0.720062
174	130	0.732056
174	131	0.727294
174	132	0.732124
174	133	0.823661
174	134	0.822462
174	135	0.737186
174	136	0.74424
174	137	0.787648
174	138	0.900689
174	139	0.841083
174	140	0.892558
174	141	0.840705
174	142	0.792892
174	143	0.748048
174	144	0.772548
174	145	0.93131
174	146	0.761529
174	147	0.923729
174	148	0.796962
174	149	0.788173
174	150	0.759208
174	151	0.778041
174	152	0.784219
174	153	0.773837
174	154	0.944889
174	155	0.821792
174	156	0.943855
174	157	0.832648
174	158	0.785727
174	159	0.797585
174	160	0.950181
174	161	0.94838
174	162	0.754271
174	163	0.881261
174	164	0.957312
174	165	0.956426
174	166	0.740691
174	167	0.740991
174	168	0.979873
174	169	0.965195
174	170	0.981784
174	171	0.924723
174	172	0.733001
174	173	0.932201
174	175	0.954256
174	176	0.97178
174	177	0.87955
174	178	0.720683
174	179	0.734054
174	180	0.724797
174	181	0.727164
174	182	0.705245
174	183	0.710109
174	184	0.712009
174	185	0.714419
174	186	0.70719
174	187	0
174	188	0
174	189	0
174	190	0
174	191	0
174	192	0
174	193	0
174	194	0
174	195	0
174	196	0
174	197	0
174	198	0
174	199	0
174	200	0
174	201	0
174	202	0
174	203	0
174	204	0
174	205	0
174	206	0
174	207	0.316845
174	208	0.307176
174	209	0.440647
174	210	0.320278
174	211	0.40358
174	212	0.371769
174	213	0.335892
174	214	0.3037
174	215	0.321703
174	216	0.318427
174	217	0.302732
174	218	0.145383
174	219	0.325017
174	220	0.154773
174	221	0.290438
174	222	0.288836
174	223	0.156798
174	224	0.170888
174	225	0.169368
174	226	0.166138
174	227	0.179278
174	228	0.156931
174	229	0.175144
174	230	0.170634
174	231	0.157568
174	232	0.158031
174	233	0.18895
174	234	0.173164
174	235	0.575821
174	236	0.202148
174	237	0.200688
174	238	0.217052
174	239	0.217871
174	240	0
174	241	0.664061
174	242	0.66105
174	243	0.716167
174	244	0.657552
174	245	0.707677
174	246	0.728961
174	247	0.733328
174	248	0.750456
174	249	0.668669
174	250	0
174	251	0.703885
174	252	0.754539
174	253	0.753289
174	254	0.690575
174	255	0.752882
174	256	0.744007
175	1	0.742968
175	2	0.794799
175	3	0.734707
175	4	0.719398
175	5	0.746238
175	6	0.755378
175	7	0.749978
175	8	0.764089
175	9	0.737512
175	10	0.755012
175	11	0.71439
175	12	0.711892
175	13	0.765409
175	14	0.72593
175	15	0.762215
175	16	0.801768
175	17	0.795718
175	18	0.780503
175	19	0.782256
175	20	0.821093
175	21	0
175	22	0.831738
175	23	0.877714
175	24	0.759813
175	25	0
175	26	0.898946
175	27	0.921414
175	28	0.905234
175	29	0.721535
175	30	0.913616
175	31	0.923643
175	32	0.916772
175	33	0
175	34	0.945061
175	35	0.912659
175	36	0.946751
175	37	0.930145
175	38	0.116004
175	39	0.917129
175	40	0.919906
175	41	0.929762
175	42	0.965516
175	43	0.9273
175	44	0.82124
175	45	0.834102
175	46	0.919263
175	47	0.844028
175	48	0.970385
175	49	0.849537
175	50	0.945483
175	51	0.881918
175	52	0.869925
175	53	0.844159
175	54	0.774219
175	55	0.756201
175	56	0.751693
175	57	0
175	58	0
175	59	0
175	60	0
175	61	0
175	62	0.403945
175	63	0.381002
175	64	0.41252
175	65	0.552394
175	66	0.561033
175	67	0.548522
175	68	0.558039
175	69	0.568416
175	70	0.558525
175	71	0.561614
175	72	0.554986
175	73	0.578568
175	74	0.574565
175	75	0.569117
175	76	0.58297
175	77	0.594395
175	78	0.5808
175	79	0.603944
175	80	0.593162
175	81	0.604902
175	82	0.600073
175	83	0.609198
175	84	0.618656
175	85	0.606739
175	86	0.646612
175	87	0.656367
175	88	0.656329
175	89	0.645949
175	90	0.643904
175	91	0.652392
175	92	0.669311
175	93	0.667092
175	94	0.667169
175	95	0.667946
175	96	0.6622
175	97	0.681592
175	98	0.771458
175	99	0.686748
175	100	0.692352
175	101	0.694128
175	102	0.698165
175	103	0.655672
175	104	0.646832
175	105	0.702158
175	106	0.648301
175	107	0.615698
175	108	0.639604
175	109	0.640784
175	110	0.692652
175	111	0.700375
175	112	0.711071
175	113	0.674184
175	114	0.631746
175	115	0.721849
175	116	0.704823
175	117	0.728693
175	118	0.714828
175	119	0.73357
175	120	0.737945
175	121	0.738441
175	122	0.743728
175	123	0.737694
175	124	0.739115
175	125	0.757898
175	126	0.6856
175	127	0
175	128	0.767774
175	129	0.705781
175	130	0.717537
175	131	0.71287
175	132	0.717604
175	133	0.800133
175	134	0.798969
175	135	0.722566
175	136	0.729479
175	137	0.765149
175	138	0.872273
175	139	0.817058
175	140	0.874856
175	141	0.816691
175	142	0.770243
175	143	0.720612
175	144	0.744213
175	145	0.92611
175	146	0.733598
175	147	0.905409
175	148	0.774003
175	149	0.765466
175	150	0.731362
175	151	0.749504
175	152	0.755456
175	153	0.745454
175	154	0.936198
175	155	0.791651
175	156	0.925136
175	157	0.802109
175	158	0.756909
175	159	0.768332
175	160	0.936236
175	161	0.982517
175	162	0.726607
175	163	0.851236
175	164	0.96279
175	165	0.930844
175	166	0.713524
175	167	0.713814
175	168	0.971347
175	169	0.98334
175	170	0.958165
175	171	0.958021
175	172	0.706116
175	173	0.966673
175	174	0.954256
175	176	0.974384
175	177	0.84729
175	178	0.75334
175	179	0.767317
175	180	0.75764
175	181	0.760114
175	182	0.737203
175	183	0.742287
175	184	0.744272
175	185	0.746792
175	186	0.739235
175	187	0
175	188	0
175	189	0
175	190	0
175	191	0
175	192	0
175	193	0
175	194	0
175	195	0
175	196	0
175	197	0
175	198	0
175	199	0
175	200	0
175	201	0
175	202	0
175	203	0
175	204	0
175	205	0
175	206	0
175	207	0.307794
175	208	0.298401
175	209	0.42806
175	210	0.311129
175	211	0.392052
175	212	0.361149
175	213	0.326297
175	214	0.295025
175	215	0.312514
175	216	0.309332
175	217	0.294084
175	218	0.14123
175	219	0.315733
175	220	0.150352
175	221	0.282142
175	222	0.280586
175	223	0.152319
175	224	0.166007
175	225	0.16453
175	226	0.161392
175	227	0.174157
175	228	0.152448
175	229	0.170141
175	230	0.16576
175	231	0.153067
175	232	0.153517
175	233	0.183553
175	234	0.168218
175	235	0.559373
175	236	0.196373
175	237	0.194955
175	238	0.210852
175	239	0.211647
175	240	0
175	241	0.645092
175	242	0.642167
175	243	0.696434
175	244	0.639679
175	245	0.688178
175	246	0.708876
175	247	0.712473
175	248	0.72902
175	249	0.655183
175	250	0
175	251	0.689011
175	252	0.732986
175	253	0.731771
175	254	0.676647
175	255	0.731376
175	256	0.723507
176	1	0.744752
176	2	0.791197
176	3	0.73647
176	4	0.7184
176	5	0.74803
176	6	0.757191
176	7	0.751778
176	8	0.765923
176	9	0.739282
176	10	0.756824
176	11	0.711152
176	12	0.713601
176	13	0.767247
176	14	0.72264
176	15	0.764045
176	16	0.803693
176	17	0.797628
176	18	0.782377
176	19	0.784134
176	20	0.822322
176	21	0
176	22	0.833734
176	23	0.860178
176	24	0.761637
176	25	0
176	26	0.893232
176	27	0.912428
176	28	0.899479
176	29	0.729357
176	30	0.906934
176	31	0.917528
176	32	0.912752
176	33	0
176	34	0.930218
176	35	0.913642
176	36	0.929347
176	37	0.924606
176	38	0.117261
176	39	0.917389
176	40	0.920729
176	41	0.930764
176	42	0.9561
176	43	0.934182
176	44	0.830144
176	45	0.843145
176	46	0.92923
176	47	0.853179
176	48	0.946033
176	49	0.858748
176	50	0.962846
176	51	0.89148
176	52	0.879356
176	53	0.853311
176	54	0.755557
176	55	0.737973
176	56	0.733574
176	57	0
176	58	0
176	59	0
176	60	0
176	61	0
176	62	0.404915
176	63	0.381916
176	64	0.41351
176	65	0.55372
176	66	0.56238
176	67	0.549839
176	68	0.559378
176	69	0.56978
176	70	0.559866
176	71	0.562962
176	72	0.556318
176	73	0.579957
176	74	0.575945
176	75	0.570483
176	76	0.58437
176	77	0.595822
176	78	0.582195
176	79	0.605394
176	80	0.594585
176	81	0.606353
176	82	0.601514
176	83	0.61066
176	84	0.620141
176	85	0.608196
176	86	0.648165
176	87	0.657943
176	88	0.657904
176	89	0.647499
176	90	0.64545
176	91	0.653958
176	92	0.670917
176	93	0.668693
176	94	0.66877
176	95	0.669549
176	96	0.66379
176	97	0.683228
176	98	0.77331
176	99	0.688396
176	100	0.694014
176	101	0.695794
176	102	0.699841
176	103	0.656562
176	104	0.64771
176	105	0.703844
176	106	0.649181
176	107	0.616299
176	108	0.640228
176	109	0.641409
176	110	0.694315
176	111	0.702056
176	112	0.712778
176	113	0.673004
176	114	0.628883
176	115	0.72283
176	116	0.705781
176	117	0.730442
176	118	0.715799
176	119	0.734566
176	120	0.739717
176	121	0.740214
176	122	0.745513
176	123	0.738695
176	124	0.74089
176	125	0.759717
176	126	0.682492
176	127	0
176	128	0.769617
176	129	0.702582
176	130	0.714285
176	131	0.709639
176	132	0.714352
176	133	0.802054
176	134	0.800886
176	135	0.719291
176	136	0.726173
176	137	0.766986
176	138	0.877062
176	139	0.819019
176	140	0.870891
176	141	0.818651
176	142	0.772092
176	143	0.728425
176	144	0.752281
176	145	0.917078
176	146	0.741552
176	147	0.901305
176	148	0.776056
176	149	0.767497
176	150	0.739292
176	151	0.75763
176	152	0.763647
176	153	0.753537
176	154	0.927068
176	155	0.800234
176	156	0.920943
176	157	0.810806
176	158	0.765116
176	159	0.776662
176	160	0.929694
176	161	0.957962
176	162	0.734484
176	163	0.858143
176	164	0.953401
176	165	0.931847
176	166	0.72126
176	167	0.721553
176	168	0.967692
176	169	0.973751
176	170	0.959094
176	171	0.934066
176	172	0.713772
176	173	0.942415
176	174	0.97178
176	175	0.974384
176	177	0.856477
176	178	0.735181
176	179	0.748821
176	180	0.739378
176	181	0.741792
176	182	0.719433
176	183	0.724394
176	184	0.726332
176	185	0.728791
176	186	0.721416
176	187	0
176	188	0
176	189	0
176	190	0
176	191	0
176	192	0
176	193	0
176	194	0
176	195	0
176	196	0
176	197	0
176	198	0
176	199	0
176	200	0
176	201	0
176	202	0
176	203	0
176	204	0
176	205	0
176	206	0
176	207	0.308533
176	208	0.299117
176	209	0.429087
176	210	0.311876
176	211	0.392993
176	212	0.362016
176	213	0.327081
176	214	0.295733
176	215	0.313264
176	216	0.310074
176	217	0.29479
176	218	0.141569
176	219	0.31649
176	220	0.150713
176	221	0.282819
176	222	0.28126
176	223	0.152685
176	224	0.166405
176	225	0.164925
176	226	0.16178
176	227	0.174575
176	228	0.152814
176	229	0.17055
176	230	0.166158
176	231	0.153435
176	232	0.153885
176	233	0.183993
176	234	0.168622
176	235	0.560716
176	236	0.196845
176	237	0.195423
176	238	0.211358
176	239	0.212155
176	240	0
176	241	0.64664
176	242	0.643709
176	243	0.69738
176	244	0.640303
176	245	0.689113
176	246	0.709838
176	247	0.714091
176	248	0.730769
176	249	0.652214
176	250	0
176	251	0.685888
176	252	0.734746
176	253	0.733528
176	254	0.67358
176	255	0.733132
176	256	0.72449
177	1	0.781436
177	2	0.822932
177	3	0.772747
177	4	0.751298
177	5	0.784876
177	6	0.794489
177	7	0.788809
177	8	0.80365
177	9	0.775697
177	10	0.794103
177	11	0.734994
177	12	0.749962
177	13	0.806341
177	14	0.746867
177	15	0.802976
177	16	0.843281
177	17	0.838271
177	18	0.822242
177	19	0.822758
177	20	0.856776
177	21	0
177	22	0.874802
177	23	0.763497
177	24	0.800445
177	25	0
177	26	0.892582
177	27	0.855899
177	28	0.887245
177	29	0.836328
177	30	0.878185
177	31	0.882243
177	32	0.899386
177	33	0
177	34	0.831669
177	35	0.910502
177	36	0.824892
177	37	0.891104
177	38	0.134459
177	39	0.903602
177	40	0.906131
177	41	0.901201
177	42	0.860176
177	43	0.911634
177	44	0.954302
177	45	0.96973
177	46	0.920686
177	47	0.979408
177	48	0.828079
177	49	0.997355
177	50	0.872624
177	51	0.930788
177	52	0.955884
177	53	0.934454
177	54	0.657634
177	55	0.64233
177	56	0.6385
177	57	0
177	58	0
177	59	0
177	60	0
177	61	0
177	62	0.42486
177	63	0.400729
177	64	0.433879
177	65	0.580995
177	66	0.590081
177	67	0.576923
177	68	0.586932
177	69	0.597846
177	70	0.587444
177	71	0.590693
177	72	0.583721
177	73	0.608524
177	74	0.604314
177	75	0.598584
177	76	0.613154
177	77	0.625171
177	78	0.610872
177	79	0.635214
177	80	0.623873
177	81	0.636221
177	82	0.631143
177	83	0.64074
177	84	0.650688
177	85	0.638154
177	86	0.680092
177	87	0.690352
177	88	0.690311
177	89	0.679394
177	90	0.677244
177	91	0.68617
177	92	0.703965
177	93	0.701632
177	94	0.701713
177	95	0.70253
177	96	0.696487
177	97	0.716882
177	98	0.811401
177	99	0.722305
177	100	0.7282
177	101	0.730067
177	102	0.734313
177	103	0.688903
177	104	0.679615
177	105	0.738513
177	106	0.681158
177	107	0.646656
177	108	0.671764
177	109	0.673004
177	110	0.728515
177	111	0.736638
177	112	0.747888
177	113	0.706154
177	114	0.659515
177	115	0.758435
177	116	0.740546
177	117	0.766422
177	118	0.751058
177	119	0.77075
177	120	0.776154
177	121	0.776675
177	122	0.782236
177	123	0.775082
177	124	0.777384
177	125	0.797139
177	126	0.709468
177	127	0
177	128	0.807526
177	129	0.730352
177	130	0.738232
177	131	0.73343
177	132	0.738301
177	133	0.841561
177	134	0.840336
177	135	0.743405
177	136	0.750519
177	137	0.806067
177	138	0.940321
177	139	0.860751
177	140	0.888213
177	141	0.860365
177	142	0.811433
177	143	0.835258
177	144	0.862614
177	145	0.86015
177	146	0.85031
177	147	0.901285
177	148	0.865867
177	149	0.87524
177	150	0.847719
177	151	0.868747
177	152	0.875646
177	153	0.864053
177	154	0.87369
177	155	0.9176
177	156	0.896072
177	157	0.928632
177	158	0.87733
177	159	0.890571
177	160	0.886399
177	161	0.842983
177	162	0.842207
177	163	0.949728
177	164	0.859809
177	165	0.905696
177	166	0.827043
177	167	0.827379
177	168	0.870877
177	169	0.857003
177	170	0.882207
177	171	0.821551
177	172	0.818457
177	173	0.827707
177	174	0.87955
177	175	0.84729
177	176	0.856477
177	178	0.639899
177	179	0.651771
177	180	0.643552
177	181	0.645653
177	182	0.626192
177	183	0.63051
177	184	0.632197
177	185	0.634337
177	186	0.627918
177	187	0
177	188	0
177	189	0
177	190	0
177	191	0
177	192	0
177	193	0
177	194	0
177	195	0
177	196	0
177	197	0
177	198	0
177	199	0
177	200	0
177	201	0
177	202	0
177	203	0
177	204	0
177	205	0
177	206	0
177	207	0.323731
177	208	0.313851
177	209	0.450223
177	210	0.327239
177	211	0.412351
177	212	0.379848
177	213	0.343192
177	214	0.3103
177	215	0.328695
177	216	0.325348
177	217	0.309311
177	218	0.148542
177	219	0.33208
177	220	0.158137
177	221	0.29675
177	222	0.295114
177	223	0.160206
177	224	0.174602
177	225	0.173049
177	226	0.169749
177	227	0.183174
177	228	0.160341
177	229	0.178951
177	230	0.174342
177	231	0.160993
177	232	0.161465
177	233	0.193056
177	234	0.176928
177	235	0.588336
177	236	0.206541
177	237	0.205049
177	238	0.22177
177	239	0.222606
177	240	0
177	241	0.678493
177	242	0.675416
177	243	0.731732
177	244	0.671843
177	245	0.723057
177	246	0.744803
177	247	0.749265
177	248	0.766766
177	249	0.67841
177	250	0
177	251	0.71636
177	252	0.770937
177	253	0.76966
177	254	0.700634
177	255	0.769244
177	256	0.760177
178	1	0.561112
178	2	0.600257
178	3	0.554873
178	4	0.543311
178	5	0.563582
178	6	0.570485
178	7	0.566406
178	8	0.577063
178	9	0.556991
178	10	0.570208
178	11	0.539529
178	12	0.537642
178	13	0.57806
178	14	0.548245
178	15	0.575648
178	16	0.60552
178	17	0.600951
178	18	0.58946
178	19	0.590783
178	20	0.620114
178	21	0
178	22	0.628154
178	23	0.668769
178	24	0.573834
178	25	0
178	26	0.678912
178	27	0.698076
178	28	0.68366
178	29	0.544925
178	30	0.691203
178	31	0.697563
178	32	0.692374
178	33	0
178	34	0.720028
178	35	0.689268
178	36	0.721372
178	37	0.702473
178	38	0.0876098
178	39	0.692644
178	40	0.694741
178	41	0.702185
178	42	0.729592
178	43	0.700325
178	44	0.620226
178	45	0.629939
178	46	0.694256
178	47	0.637435
178	48	0.753695
178	49	0.641596
178	50	0.714058
178	51	0.666051
178	52	0.656994
178	53	0.637534
178	54	0.972359
178	55	0.973767
178	56	0.984931
178	57	0
178	58	0
178	59	0
178	60	0
178	61	0
178	62	0.305072
178	63	0.287744
178	64	0.311547
178	65	0.417184
178	66	0.423709
178	67	0.414261
178	68	0.421448
178	69	0.429285
178	70	0.421815
178	71	0.424148
178	72	0.419142
178	73	0.436952
178	74	0.433929
178	75	0.429815
178	76	0.440277
178	77	0.448905
178	78	0.438638
178	79	0.456117
178	80	0.447974
178	81	0.45684
178	82	0.453194
178	83	0.460085
178	84	0.467228
178	85	0.458228
178	86	0.488341
178	87	0.495709
178	88	0.495679
178	89	0.48784
178	90	0.486296
178	91	0.492706
178	92	0.505484
178	93	0.503808
178	94	0.503866
178	95	0.504453
178	96	0.500114
178	97	0.514759
178	98	0.582628
178	99	0.518653
178	100	0.522885
178	101	0.524226
178	102	0.527275
178	103	0.495183
178	104	0.488507
178	105	0.530291
178	106	0.489616
178	107	0.464994
178	108	0.483048
178	109	0.48394
178	110	0.523112
178	111	0.528945
178	112	0.537023
178	113	0.509165
178	114	0.477114
178	115	0.545163
178	116	0.532304
178	117	0.550331
178	118	0.53986
178	119	0.554014
178	120	0.557319
178	121	0.557693
178	122	0.561686
178	123	0.557129
178	124	0.558202
178	125	0.572387
178	126	0.517786
178	127	0
178	128	0.579846
178	129	0.533027
178	130	0.541906
178	131	0.538381
178	132	0.541956
178	133	0.604285
178	134	0.603405
178	135	0.545703
178	136	0.550925
178	137	0.577864
178	138	0.658767
178	139	0.617067
178	140	0.660718
178	141	0.61679
178	142	0.581711
178	143	0.544228
178	144	0.562052
178	145	0.701633
178	146	0.554035
178	147	0.683792
178	148	0.58455
178	149	0.578103
178	150	0.552347
178	151	0.566048
178	152	0.570543
178	153	0.56299
178	154	0.708835
178	155	0.597879
178	156	0.698691
178	157	0.605777
178	158	0.571641
178	159	0.580268
178	160	0.707074
178	161	0.748787
178	162	0.548755
178	163	0.64288
178	164	0.729531
178	165	0.703001
178	166	0.538875
178	167	0.539094
178	168	0.733591
178	169	0.742941
178	170	0.723635
178	171	0.741135
178	172	0.533281
178	173	0.747828
178	174	0.720683
178	175	0.75334
178	176	0.735181
178	177	0.639899
178	179	0.98178
178	180	0.979525
178	181	0.971803
178	182	0.976459
178	183	0.979876
178	184	0.968217
178	185	0.967516
178	186	0.964547
178	187	0
178	188	0
178	189	0
178	190	0
178	191	0
178	192	0
178	193	0
178	194	0
178	195	0
178	196	0
178	197	0
178	198	0
178	199	0
178	200	0
178	201	0
178	202	0
178	203	0
178	204	0
178	205	0
178	206	0
178	207	0.232456
178	208	0.225362
178	209	0.323284
178	210	0.234974
178	211	0.29609
178	212	0.272751
178	213	0.24643
178	214	0.222812
178	215	0.23602
178	216	0.233617
178	217	0.222101
178	218	0.106661
178	219	0.238451
178	220	0.11355
178	221	0.213082
178	222	0.211907
178	223	0.115036
178	224	0.125373
178	225	0.124258
178	226	0.121888
178	227	0.131528
178	228	0.115133
178	229	0.128496
178	230	0.125187
178	231	0.115601
178	232	0.11594
178	233	0.138624
178	234	0.127043
178	235	0.422456
178	236	0.148307
178	237	0.147236
178	238	0.159242
178	239	0.159842
178	240	0
178	241	0.487193
178	242	0.484984
178	243	0.525968
178	244	0.483105
178	245	0.519733
178	246	0.535364
178	247	0.538081
178	248	0.550578
178	249	0.494814
178	250	0
178	251	0.520362
178	252	0.553573
178	253	0.552656
178	254	0.511024
178	255	0.552358
178	256	0.546415
179	1	0.571522
179	2	0.611393
179	3	0.565167
179	4	0.553391
179	5	0.574038
179	6	0.581069
179	7	0.576914
179	8	0.587769
179	9	0.567325
179	10	0.580787
179	11	0.549539
179	12	0.547617
179	13	0.588785
179	14	0.558416
179	15	0.586328
179	16	0.616754
179	17	0.6121
179	18	0.600396
179	19	0.601744
179	20	0.631619
179	21	0
179	22	0.639808
179	23	0.681177
179	24	0.58448
179	25	0
179	26	0.691507
179	27	0.711027
179	28	0.696344
179	29	0.555035
179	30	0.704026
179	31	0.710505
179	32	0.70522
179	33	0
179	34	0.733386
179	35	0.702056
179	36	0.734755
179	37	0.715506
179	38	0.0892352
179	39	0.705494
179	40	0.707631
179	41	0.715212
179	42	0.743128
179	43	0.713318
179	44	0.631733
179	45	0.641626
179	46	0.707136
179	47	0.649262
179	48	0.767678
179	49	0.6535
179	50	0.727305
179	51	0.678408
179	52	0.669183
179	53	0.649363
179	54	0.990399
179	55	0.979392
179	56	0.976187
179	57	0
179	58	0
179	59	0
179	60	0
179	61	0
179	62	0.310732
179	63	0.293083
179	64	0.317328
179	65	0.424924
179	66	0.43157
179	67	0.421946
179	68	0.429267
179	69	0.437249
179	70	0.429641
179	71	0.432017
179	72	0.426919
179	73	0.445059
179	74	0.44198
179	75	0.437789
179	76	0.448445
179	77	0.457234
179	78	0.446776
179	79	0.464579
179	80	0.456285
179	81	0.465316
179	82	0.461602
179	83	0.468621
179	84	0.475896
179	85	0.466729
179	86	0.497402
179	87	0.504905
179	88	0.504876
179	89	0.496891
179	90	0.495318
179	91	0.501847
179	92	0.514862
179	93	0.513155
179	94	0.513214
179	95	0.513812
179	96	0.509392
179	97	0.524309
179	98	0.593438
179	99	0.528275
179	100	0.532586
179	101	0.533952
179	102	0.537058
179	103	0.50437
179	104	0.49757
179	105	0.54013
179	106	0.4987
179	107	0.473621
179	108	0.49201
179	109	0.492918
179	110	0.532817
179	111	0.538758
179	112	0.546986
179	113	0.518611
179	114	0.485966
179	115	0.555277
179	116	0.54218
179	117	0.560541
179	118	0.549876
179	119	0.564293
179	120	0.567659
179	121	0.56804
179	122	0.572107
179	123	0.567465
179	124	0.568559
179	125	0.583007
179	126	0.527392
179	127	0
179	128	0.590604
179	129	0.542916
179	130	0.55196
179	131	0.54837
179	132	0.552011
179	133	0.615496
179	134	0.6146
179	135	0.555828
179	136	0.561146
179	137	0.588585
179	138	0.670989
179	139	0.628515
179	140	0.672976
179	141	0.628233
179	142	0.592504
179	143	0.554325
179	144	0.57248
179	145	0.71465
179	146	0.564314
179	147	0.696479
179	148	0.595395
179	149	0.588828
179	150	0.562595
179	151	0.57655
179	152	0.581129
179	153	0.573435
179	154	0.721986
179	155	0.608971
179	156	0.711653
179	157	0.617016
179	158	0.582246
179	159	0.591033
179	160	0.720192
179	161	0.762679
179	162	0.558936
179	163	0.654807
179	164	0.743066
179	165	0.716044
179	166	0.548873
179	167	0.549096
179	168	0.747201
179	169	0.756724
179	170	0.737061
179	171	0.754885
179	172	0.543174
179	173	0.761702
179	174	0.734054
179	175	0.767317
179	176	0.748821
179	177	0.651771
179	178	0.98178
179	180	0.983829
179	181	0.9829
179	182	0.960749
179	183	0.965934
179	184	0.96647
179	185	0.96835
179	186	0.959929
179	187	0
179	188	0
179	189	0
179	190	0
179	191	0
179	192	0
179	193	0
179	194	0
179	195	0
179	196	0
179	197	0
179	198	0
179	199	0
179	200	0
179	201	0
179	202	0
179	203	0
179	204	0
179	205	0
179	206	0
179	207	0.236768
179	208	0.229543
179	209	0.329282
179	210	0.239334
179	211	0.301583
179	212	0.277811
179	213	0.251002
179	214	0.226945
179	215	0.240399
179	216	0.237951
179	217	0.226222
179	218	0.10864
179	219	0.242875
179	220	0.115657
179	221	0.217036
179	222	0.215838
179	223	0.11717
179	224	0.127699
179	225	0.126564
179	226	0.12415
179	227	0.133969
179	228	0.117269
179	229	0.13088
179	230	0.127509
179	231	0.117746
179	232	0.118091
179	233	0.141196
179	234	0.1294
179	235	0.430293
179	236	0.151059
179	237	0.149967
179	238	0.162196
179	239	0.162808
179	240	0
179	241	0.496232
179	242	0.493982
179	243	0.535726
179	244	0.492068
179	245	0.529375
179	246	0.545297
179	247	0.548064
179	248	0.560793
179	249	0.503995
179	250	0
179	251	0.530016
179	252	0.563844
179	253	0.562909
179	254	0.520505
179	255	0.562605
179	256	0.556552
180	1	0.564315
180	2	0.603683
180	3	0.55804
180	4	0.546412
180	5	0.566799
180	6	0.573741
180	7	0.569639
180	8	0.580357
180	9	0.560171
180	10	0.573462
180	11	0.542608
180	12	0.540711
180	13	0.58136
180	14	0.551374
180	15	0.578934
180	16	0.608976
180	17	0.604381
180	18	0.592824
180	19	0.594156
180	20	0.623654
180	21	0
180	22	0.631739
180	23	0.672587
180	24	0.577109
180	25	0
180	26	0.682787
180	27	0.70206
180	28	0.687562
180	29	0.548035
180	30	0.695148
180	31	0.701545
180	32	0.696326
180	33	0
180	34	0.724138
180	35	0.693202
180	36	0.725489
180	37	0.706483
180	38	0.0881099
180	39	0.696597
180	40	0.698707
180	41	0.706193
180	42	0.733756
180	43	0.704322
180	44	0.623766
180	45	0.633535
180	46	0.698218
180	47	0.641074
180	48	0.757997
180	49	0.645258
180	50	0.718133
180	51	0.669853
180	52	0.660744
180	53	0.641173
180	54	0.977909
180	55	0.989937
180	56	0.988846
180	57	0
180	58	0
180	59	0
180	60	0
180	61	0
180	62	0.306813
180	63	0.289387
180	64	0.313326
180	65	0.419566
180	66	0.426128
180	67	0.416625
180	68	0.423853
180	69	0.431735
180	70	0.424223
180	71	0.426569
180	72	0.421535
180	73	0.439446
180	74	0.436406
180	75	0.432268
180	76	0.44279
180	77	0.451467
180	78	0.441142
180	79	0.45872
180	80	0.450531
180	81	0.459448
180	82	0.45578
180	83	0.462711
180	84	0.469895
180	85	0.460843
180	86	0.491129
180	87	0.498538
180	88	0.498509
180	89	0.490625
180	90	0.489072
180	91	0.495518
180	92	0.508369
180	93	0.506684
180	94	0.506742
180	95	0.507332
180	96	0.502968
180	97	0.517697
180	98	0.585954
180	99	0.521613
180	100	0.52587
180	101	0.527219
180	102	0.530285
180	103	0.49801
180	104	0.491295
180	105	0.533318
180	106	0.492411
180	107	0.467648
180	108	0.485805
180	109	0.486702
180	110	0.526098
180	111	0.531964
180	112	0.540088
180	113	0.512071
180	114	0.479837
180	115	0.548274
180	116	0.535342
180	117	0.553472
180	118	0.542941
180	119	0.557177
180	120	0.5605
180	121	0.560876
180	122	0.564892
180	123	0.560309
180	124	0.561389
180	125	0.575654
180	126	0.520741
180	127	0
180	128	0.583156
180	129	0.53607
180	130	0.544999
180	131	0.541454
180	132	0.54505
180	133	0.607734
180	134	0.60685
180	135	0.548818
180	136	0.55407
180	137	0.581163
180	138	0.662528
180	139	0.620589
180	140	0.664489
180	141	0.62031
180	142	0.585032
180	143	0.547334
180	144	0.56526
180	145	0.705638
180	146	0.557198
180	147	0.687695
180	148	0.587887
180	149	0.581403
180	150	0.5555
180	151	0.569279
180	152	0.5738
180	153	0.566203
180	154	0.712881
180	155	0.601292
180	156	0.702679
180	157	0.609235
180	158	0.574904
180	159	0.58358
180	160	0.71111
180	161	0.753061
180	162	0.551888
180	163	0.646549
180	164	0.733695
180	165	0.707014
180	166	0.541951
180	167	0.542171
180	168	0.737778
180	169	0.747181
180	170	0.727766
180	171	0.745365
180	172	0.536324
180	173	0.752096
180	174	0.724797
180	175	0.75764
180	176	0.739378
180	177	0.643552
180	178	0.979525
180	179	0.983829
180	181	0.984071
180	182	0.964761
180	183	0.976472
180	184	0.982261
180	185	0.98375
180	186	0.975613
180	187	0
180	188	0
180	189	0
180	190	0
180	191	0
180	192	0
180	193	0
180	194	0
180	195	0
180	196	0
180	197	0
180	198	0
180	199	0
180	200	0
180	201	0
180	202	0
180	203	0
180	204	0
180	205	0
180	206	0
180	207	0.233782
180	208	0.226648
180	209	0.325129
180	210	0.236316
180	211	0.29778
180	212	0.274308
180	213	0.247836
180	214	0.224083
180	215	0.237367
180	216	0.23495
180	217	0.223369
180	218	0.10727
180	219	0.239812
180	220	0.114198
180	221	0.214299
180	222	0.213117
180	223	0.115693
180	224	0.126089
180	225	0.124968
180	226	0.122584
180	227	0.132279
180	228	0.115791
180	229	0.129229
180	230	0.125901
180	231	0.116261
180	232	0.116602
180	233	0.139416
180	234	0.127768
180	235	0.424867
180	236	0.149154
180	237	0.148076
180	238	0.160151
180	239	0.160755
180	240	0
180	241	0.489974
180	242	0.487752
180	243	0.52897
180	244	0.485862
180	245	0.5227
180	246	0.53842
180	247	0.541153
180	248	0.55372
180	249	0.497639
180	250	0
180	251	0.523332
180	252	0.556733
180	253	0.55581
180	254	0.513941
180	255	0.55551
180	256	0.549533
181	1	0.566158
181	2	0.605654
181	3	0.559862
181	4	0.548197
181	5	0.56865
181	6	0.575614
181	7	0.571499
181	8	0.582252
181	9	0.562
181	10	0.575335
181	11	0.54438
181	12	0.542477
181	13	0.583258
181	14	0.553175
181	15	0.580824
181	16	0.610965
181	17	0.606355
181	18	0.59476
181	19	0.596096
181	20	0.625691
181	21	0
181	22	0.633802
181	23	0.674783
181	24	0.578994
181	25	0
181	26	0.685017
181	27	0.704353
181	28	0.689808
181	29	0.549825
181	30	0.697418
181	31	0.703836
181	32	0.6986
181	33	0
181	34	0.726502
181	35	0.695466
181	36	0.727858
181	37	0.70879
181	38	0.0883976
181	39	0.698872
181	40	0.700989
181	41	0.708499
181	42	0.736152
181	43	0.706622
181	44	0.625803
181	45	0.635603
181	46	0.700498
181	47	0.643167
181	48	0.760472
181	49	0.647366
181	50	0.720479
181	51	0.67204
181	52	0.662901
181	53	0.643267
181	54	0.981202
181	55	0.989767
181	56	0.975783
181	57	0
181	58	0
181	59	0
181	60	0
181	61	0
181	62	0.307815
181	63	0.290332
181	64	0.314349
181	65	0.420936
181	66	0.427519
181	67	0.417986
181	68	0.425238
181	69	0.433145
181	70	0.425608
181	71	0.427962
181	72	0.422911
181	73	0.440881
181	74	0.437831
181	75	0.43368
181	76	0.444236
181	77	0.452942
181	78	0.442582
181	79	0.460218
181	80	0.452002
181	81	0.460948
181	82	0.457269
181	83	0.464222
181	84	0.471429
181	85	0.462348
181	86	0.492733
181	87	0.500166
181	88	0.500137
181	89	0.492227
181	90	0.490669
181	91	0.497136
181	92	0.510029
181	93	0.508338
181	94	0.508397
181	95	0.508989
181	96	0.504611
181	97	0.519388
181	98	0.587867
181	99	0.523316
181	100	0.527587
181	101	0.52894
181	102	0.532017
181	103	0.499636
181	104	0.4929
181	105	0.53506
181	106	0.494019
181	107	0.469175
181	108	0.487392
181	109	0.488291
181	110	0.527816
181	111	0.533701
181	112	0.541852
181	113	0.513743
181	114	0.481404
181	115	0.550065
181	116	0.537091
181	117	0.55528
181	118	0.544714
181	119	0.558996
181	120	0.56233
181	121	0.562708
181	122	0.566737
181	123	0.562138
181	124	0.563222
181	125	0.577534
181	126	0.522442
181	127	0
181	128	0.58506
181	129	0.53782
181	130	0.546779
181	131	0.543222
181	132	0.54683
181	133	0.609719
181	134	0.608831
181	135	0.55061
181	136	0.555879
181	137	0.58306
181	138	0.664691
181	139	0.622616
181	140	0.666659
181	141	0.622336
181	142	0.586942
181	143	0.549122
181	144	0.567106
181	145	0.707942
181	146	0.559017
181	147	0.689941
181	148	0.589807
181	149	0.583301
181	150	0.557314
181	151	0.571138
181	152	0.575674
181	153	0.568052
181	154	0.715209
181	155	0.603255
181	156	0.704973
181	157	0.611225
181	158	0.576781
181	159	0.585485
181	160	0.713432
181	161	0.75552
181	162	0.55369
181	163	0.648661
181	164	0.736091
181	165	0.709323
181	166	0.543721
181	167	0.543941
181	168	0.740187
181	169	0.749621
181	170	0.730142
181	171	0.747799
181	172	0.538076
181	173	0.754552
181	174	0.727164
181	175	0.760114
181	176	0.741792
181	177	0.645653
181	178	0.971803
181	179	0.9829
181	180	0.984071
181	182	0.952016
181	183	0.963572
181	184	0.973775
181	185	0.977381
181	186	0.965252
181	187	0
181	188	0
181	189	0
181	190	0
181	191	0
181	192	0
181	193	0
181	194	0
181	195	0
181	196	0
181	197	0
181	198	0
181	199	0
181	200	0
181	201	0
181	202	0
181	203	0
181	204	0
181	205	0
181	206	0
181	207	0.234546
181	208	0.227388
181	209	0.326191
181	210	0.237087
181	211	0.298752
181	212	0.275204
181	213	0.248646
181	214	0.224815
181	215	0.238142
181	216	0.235717
181	217	0.224099
181	218	0.10762
181	219	0.240595
181	220	0.114571
181	221	0.214998
181	222	0.213812
181	223	0.116071
181	224	0.126501
181	225	0.125376
181	226	0.122984
181	227	0.132711
181	228	0.116169
181	229	0.129651
181	230	0.126313
181	231	0.116641
181	232	0.116983
181	233	0.139871
181	234	0.128186
181	235	0.426254
181	236	0.149641
181	237	0.14856
181	238	0.160674
181	239	0.16128
181	240	0
181	241	0.491574
181	242	0.489345
181	243	0.530698
181	244	0.487449
181	245	0.524406
181	246	0.540178
181	247	0.54292
181	248	0.555529
181	249	0.499264
181	250	0
181	251	0.525041
181	252	0.558551
181	253	0.557625
181	254	0.515619
181	255	0.557325
181	256	0.551328
182	1	0.549093
182	2	0.587399
182	3	0.542987
182	4	0.531673
182	5	0.551509
182	6	0.558264
182	7	0.554273
182	8	0.564702
182	9	0.54506
182	10	0.557993
182	11	0.527971
182	12	0.526126
182	13	0.565678
182	14	0.536501
182	15	0.563317
182	16	0.592549
182	17	0.588078
182	18	0.576833
182	19	0.578128
182	20	0.606831
182	21	0
182	22	0.614698
182	23	0.654443
182	24	0.561542
182	25	0
182	26	0.664369
182	27	0.683122
182	28	0.669015
182	29	0.533252
182	30	0.676396
182	31	0.682621
182	32	0.677543
182	33	0
182	34	0.704604
182	35	0.674503
182	36	0.705919
182	37	0.687426
182	38	0.0857331
182	39	0.677807
182	40	0.679859
182	41	0.687143
182	42	0.713963
182	43	0.685323
182	44	0.60694
182	45	0.616445
182	46	0.679384
182	47	0.623781
182	48	0.73755
182	49	0.627852
182	50	0.698762
182	51	0.651784
182	52	0.64292
182	53	0.623878
182	54	0.95153
182	55	0.960587
182	56	0.975404
182	57	0
182	58	0
182	59	0
182	60	0
182	61	0
182	62	0.298537
182	63	0.28158
182	64	0.304874
182	65	0.408248
182	66	0.414633
182	67	0.405387
182	68	0.41242
182	69	0.420089
182	70	0.412779
182	71	0.415062
182	72	0.410164
182	73	0.427592
182	74	0.424634
182	75	0.420608
182	76	0.430846
182	77	0.439289
182	78	0.429242
182	79	0.446346
182	80	0.438377
182	81	0.447054
182	82	0.443486
182	83	0.450229
182	84	0.457219
182	85	0.448412
182	86	0.477881
182	87	0.48509
182	88	0.485061
182	89	0.47739
182	90	0.475879
182	91	0.482152
182	92	0.494656
182	93	0.493016
182	94	0.493073
182	95	0.493647
182	96	0.489401
182	97	0.503732
182	98	0.570148
182	99	0.507543
182	100	0.511685
182	101	0.512997
182	102	0.515981
182	103	0.484576
182	104	0.478043
182	105	0.518932
182	106	0.479128
182	107	0.455033
182	108	0.472701
182	109	0.473573
182	110	0.511906
182	111	0.517614
182	112	0.525519
182	113	0.498258
182	114	0.466893
182	115	0.533484
182	116	0.520901
182	117	0.538542
182	118	0.528295
182	119	0.542147
182	120	0.54538
182	121	0.545747
182	122	0.549654
182	123	0.545194
182	124	0.546245
182	125	0.560126
182	126	0.506694
182	127	0
182	128	0.567425
182	129	0.521609
182	130	0.530297
182	131	0.526848
182	132	0.530347
182	133	0.591341
182	134	0.59048
182	135	0.534014
182	136	0.539124
182	137	0.565486
182	138	0.644656
182	139	0.603849
182	140	0.646564
182	141	0.603577
182	142	0.56925
182	143	0.53257
182	144	0.550012
182	145	0.686603
182	146	0.542167
182	147	0.669145
182	148	0.572028
182	149	0.565719
182	150	0.540515
182	151	0.553923
182	152	0.558322
182	153	0.55093
182	154	0.693651
182	155	0.585072
182	156	0.683724
182	157	0.592801
182	158	0.559396
182	159	0.567838
182	160	0.691928
182	161	0.732747
182	162	0.537
182	163	0.629108
182	164	0.713904
182	165	0.687942
182	166	0.527332
182	167	0.527546
182	168	0.717876
182	169	0.727026
182	170	0.708134
182	171	0.725259
182	172	0.521857
182	173	0.731809
182	174	0.705245
182	175	0.737203
182	176	0.719433
182	177	0.626192
182	178	0.976459
182	179	0.960749
182	180	0.964761
182	181	0.952016
182	183	0.986935
182	184	0.970405
182	185	0.962756
182	186	0.968748
182	187	0
182	188	0
182	189	0
182	190	0
182	191	0
182	192	0
182	193	0
182	194	0
182	195	0
182	196	0
182	197	0
182	198	0
182	199	0
182	200	0
182	201	0
182	202	0
182	203	0
182	204	0
182	205	0
182	206	0
182	207	0.227476
182	208	0.220534
182	209	0.316359
182	210	0.229941
182	211	0.289747
182	212	0.266908
182	213	0.241151
182	214	0.218039
182	215	0.230964
182	216	0.228612
182	217	0.217344
182	218	0.104376
182	219	0.233343
182	220	0.111118
182	221	0.208518
182	222	0.207368
182	223	0.112572
182	224	0.122688
182	225	0.121596
182	226	0.119277
182	227	0.128711
182	228	0.112667
182	229	0.125743
182	230	0.122505
182	231	0.113125
182	232	0.113457
182	233	0.135655
182	234	0.124322
182	235	0.413406
182	236	0.14513
182	237	0.144082
182	238	0.155831
182	239	0.156418
182	240	0
182	241	0.476757
182	242	0.474595
182	243	0.514701
182	244	0.472756
182	245	0.5086
182	246	0.523896
182	247	0.526555
182	248	0.538784
182	249	0.484215
182	250	0
182	251	0.509215
182	252	0.541715
182	253	0.540817
182	254	0.500078
182	255	0.540526
182	256	0.53471
183	1	0.552879
183	2	0.59145
183	3	0.546732
183	4	0.53534
183	5	0.555313
183	6	0.562114
183	7	0.558095
183	8	0.568596
183	9	0.548819
183	10	0.561841
183	11	0.531613
183	12	0.529754
183	13	0.569579
183	14	0.540201
183	15	0.567202
183	16	0.596635
183	17	0.592133
183	18	0.580811
183	19	0.582115
183	20	0.611016
183	21	0
183	22	0.618937
183	23	0.658957
183	24	0.565414
183	25	0
183	26	0.66895
183	27	0.687833
183	28	0.673629
183	29	0.536929
183	30	0.681061
183	31	0.687328
183	32	0.682215
183	33	0
183	34	0.709463
183	35	0.679155
183	36	0.710787
183	37	0.692166
183	38	0.0863244
183	39	0.682481
183	40	0.684548
183	41	0.691882
183	42	0.718887
183	43	0.690049
183	44	0.611125
183	45	0.620696
183	46	0.684069
183	47	0.628083
183	48	0.742636
183	49	0.632183
183	50	0.703581
183	51	0.656279
183	52	0.647354
183	53	0.62818
183	54	0.958092
183	55	0.971606
183	56	0.987244
183	57	0
183	58	0
183	59	0
183	60	0
183	61	0
183	62	0.300596
183	63	0.283522
183	64	0.306976
183	65	0.411063
183	66	0.417492
183	67	0.408182
183	68	0.415264
183	69	0.422986
183	70	0.415626
183	71	0.417925
183	72	0.412993
183	73	0.430541
183	74	0.427563
183	75	0.423508
183	76	0.433817
183	77	0.442319
183	78	0.432202
183	79	0.449424
183	80	0.441401
183	81	0.450137
183	82	0.446544
183	83	0.453334
183	84	0.460373
183	85	0.451505
183	86	0.481176
183	87	0.488435
183	88	0.488407
183	89	0.480682
183	90	0.479161
183	91	0.485477
183	92	0.498067
183	93	0.496416
183	94	0.496473
183	95	0.497051
183	96	0.492776
183	97	0.507206
183	98	0.57408
183	99	0.511043
183	100	0.515213
183	101	0.516535
183	102	0.519539
183	103	0.487918
183	104	0.481339
183	105	0.522511
183	106	0.482432
183	107	0.458171
183	108	0.475961
183	109	0.476839
183	110	0.515437
183	111	0.521184
183	112	0.529143
183	113	0.501694
183	114	0.470113
183	115	0.537164
183	116	0.524494
183	117	0.542256
183	118	0.531939
183	119	0.545886
183	120	0.549142
183	121	0.549511
183	122	0.553445
183	123	0.548954
183	124	0.550012
183	125	0.563989
183	126	0.510189
183	127	0
183	128	0.571338
183	129	0.525206
183	130	0.533955
183	131	0.530482
183	132	0.534005
183	133	0.595419
183	134	0.594552
183	135	0.537697
183	136	0.542842
183	137	0.569386
183	138	0.649102
183	139	0.608013
183	140	0.651023
183	141	0.60774
183	142	0.573176
183	143	0.536243
183	144	0.553805
183	145	0.691339
183	146	0.545906
183	147	0.673759
183	148	0.575973
183	149	0.569621
183	150	0.544243
183	151	0.557743
183	152	0.562172
183	153	0.554729
183	154	0.698435
183	155	0.589107
183	156	0.688439
183	157	0.596889
183	158	0.563253
183	159	0.571754
183	160	0.696699
183	161	0.7378
183	162	0.540704
183	163	0.633447
183	164	0.718827
183	165	0.692687
183	166	0.530969
183	167	0.531184
183	168	0.722827
183	169	0.73204
183	170	0.713018
183	171	0.73026
183	172	0.525456
183	173	0.736855
183	174	0.710109
183	175	0.742287
183	176	0.724394
183	177	0.63051
183	178	0.979876
183	179	0.965934
183	180	0.976472
183	181	0.963572
183	182	0.986935
183	184	0.981537
183	185	0.973801
183	186	0.979861
183	187	0
183	188	0
183	189	0
183	190	0
183	191	0
183	192	0
183	193	0
183	194	0
183	195	0
183	196	0
183	197	0
183	198	0
183	199	0
183	200	0
183	201	0
183	202	0
183	203	0
183	204	0
183	205	0
183	206	0
183	207	0.229045
183	208	0.222055
183	209	0.31854
183	210	0.231527
183	211	0.291745
183	212	0.268749
183	213	0.242814
183	214	0.219542
183	215	0.232557
183	216	0.230189
183	217	0.218843
183	218	0.105096
183	219	0.234952
183	220	0.111884
183	221	0.209956
183	222	0.208798
183	223	0.113348
183	224	0.123534
183	225	0.122435
183	226	0.1201
183	227	0.129599
183	228	0.113444
183	229	0.12661
183	230	0.12335
183	231	0.113905
183	232	0.114239
183	233	0.13659
183	234	0.125179
183	235	0.416257
183	236	0.146131
183	237	0.145076
183	238	0.156906
183	239	0.157497
183	240	0
183	241	0.480045
183	242	0.477868
183	243	0.518251
183	244	0.476017
183	245	0.512107
183	246	0.527509
183	247	0.530186
183	248	0.542499
183	249	0.487554
183	250	0
183	251	0.512727
183	252	0.545451
183	253	0.544547
183	254	0.503526
183	255	0.544253
183	256	0.538397
184	1	0.554358
184	2	0.593032
184	3	0.548194
184	4	0.536772
184	5	0.556798
184	6	0.563618
184	7	0.559588
184	8	0.570117
184	9	0.550287
184	10	0.563344
184	11	0.533035
184	12	0.531171
184	13	0.571102
184	14	0.541646
184	15	0.568719
184	16	0.598231
184	17	0.593717
184	18	0.582365
184	19	0.583672
184	20	0.61265
184	21	0
184	22	0.620593
184	23	0.660719
184	24	0.566927
184	25	0
184	26	0.67074
184	27	0.689673
184	28	0.675431
184	29	0.538366
184	30	0.682883
184	31	0.689167
184	32	0.68404
184	33	0
184	34	0.711361
184	35	0.680971
184	36	0.712689
184	37	0.694018
184	38	0.0865553
184	39	0.684307
184	40	0.686379
184	41	0.693733
184	42	0.72081
184	43	0.691895
184	44	0.61276
184	45	0.622357
184	46	0.685899
184	47	0.629763
184	48	0.744623
184	49	0.633873
184	50	0.705463
184	51	0.658034
184	52	0.649085
184	53	0.629861
184	54	0.960655
184	55	0.982859
184	56	0.982551
184	57	0
184	58	0
184	59	0
184	60	0
184	61	0
184	62	0.3014
184	63	0.284281
184	64	0.307797
184	65	0.412163
184	66	0.418609
184	67	0.409274
184	68	0.416375
184	69	0.424118
184	70	0.416738
184	71	0.419043
184	72	0.414097
184	73	0.431692
184	74	0.428706
184	75	0.424641
184	76	0.434977
184	77	0.443502
184	78	0.433358
184	79	0.450627
184	80	0.442581
184	81	0.451341
184	82	0.447739
184	83	0.454547
184	84	0.461604
184	85	0.452712
184	86	0.482463
184	87	0.489742
184	88	0.489713
184	89	0.481968
184	90	0.480443
184	91	0.486775
184	92	0.499399
184	93	0.497744
184	94	0.497801
184	95	0.498381
184	96	0.494094
184	97	0.508563
184	98	0.575615
184	99	0.51241
184	100	0.516591
184	101	0.517916
184	102	0.520929
184	103	0.489223
184	104	0.482627
184	105	0.523908
184	106	0.483723
184	107	0.459397
184	108	0.477234
184	109	0.478115
184	110	0.516815
184	111	0.522578
184	112	0.530559
184	113	0.503036
184	114	0.471371
184	115	0.538601
184	116	0.525897
184	117	0.543707
184	118	0.533362
184	119	0.547346
184	120	0.55061
184	121	0.55098
184	122	0.554925
184	123	0.550423
184	124	0.551483
184	125	0.565498
184	126	0.511553
184	127	0
184	128	0.572867
184	129	0.526611
184	130	0.535383
184	131	0.531901
184	132	0.535433
184	133	0.597011
184	134	0.596142
184	135	0.539135
184	136	0.544294
184	137	0.570909
184	138	0.650838
184	139	0.60964
184	140	0.652765
184	141	0.609366
184	142	0.574709
184	143	0.537677
184	144	0.555287
184	145	0.693188
184	146	0.547367
184	147	0.675562
184	148	0.577514
184	149	0.571145
184	150	0.545698
184	151	0.559235
184	152	0.563676
184	153	0.556213
184	154	0.700303
184	155	0.590682
184	156	0.690281
184	157	0.598486
184	158	0.56476
184	159	0.573283
184	160	0.698563
184	161	0.739774
184	162	0.54215
184	163	0.635141
184	164	0.72075
184	165	0.69454
184	166	0.532389
184	167	0.532605
184	168	0.724761
184	169	0.733998
184	170	0.714925
184	171	0.732214
184	172	0.526862
184	173	0.738826
184	174	0.712009
184	175	0.744272
184	176	0.726332
184	177	0.632197
184	178	0.968217
184	179	0.96647
184	180	0.982261
184	181	0.973775
184	182	0.970405
184	183	0.981537
184	185	0.991065
184	186	0.988679
184	187	0
184	188	0
184	189	0
184	190	0
184	191	0
184	192	0
184	193	0
184	194	0
184	195	0
184	196	0
184	197	0
184	198	0
184	199	0
184	200	0
184	201	0
184	202	0
184	203	0
184	204	0
184	205	0
184	206	0
184	207	0.229658
184	208	0.222649
184	209	0.319392
184	210	0.232146
184	211	0.292526
184	212	0.269468
184	213	0.243463
184	214	0.22013
184	215	0.233179
184	216	0.230805
184	217	0.219428
184	218	0.105377
184	219	0.235581
184	220	0.112184
184	221	0.210517
184	222	0.209356
184	223	0.113652
184	224	0.123864
184	225	0.122763
184	226	0.120421
184	227	0.129945
184	228	0.113748
184	229	0.126949
184	230	0.12368
184	231	0.11421
184	232	0.114545
184	233	0.136956
184	234	0.125514
184	235	0.417371
184	236	0.146522
184	237	0.145464
184	238	0.157325
184	239	0.157918
184	240	0
184	241	0.481329
184	242	0.479146
184	243	0.519637
184	244	0.47729
184	245	0.513477
184	246	0.52892
184	247	0.531605
184	248	0.543951
184	249	0.488858
184	250	0
184	251	0.514098
184	252	0.54691
184	253	0.546004
184	254	0.504873
184	255	0.545709
184	256	0.539838
185	1	0.556235
185	2	0.595039
185	3	0.55005
185	4	0.538589
185	5	0.558683
185	6	0.565526
185	7	0.561482
185	8	0.572047
185	9	0.55215
185	10	0.565251
185	11	0.534839
185	12	0.532969
185	13	0.573036
185	14	0.543479
185	15	0.570644
185	16	0.600256
185	17	0.595727
185	18	0.584336
185	19	0.585648
185	20	0.614724
185	21	0
185	22	0.622693
185	23	0.662956
185	24	0.568846
185	25	0
185	26	0.67301
185	27	0.692008
185	28	0.677717
185	29	0.540188
185	30	0.685194
185	31	0.6915
185	32	0.686356
185	33	0
185	34	0.713769
185	35	0.683276
185	36	0.715101
185	37	0.696367
185	38	0.0868483
185	39	0.686623
185	40	0.688702
185	41	0.696081
185	42	0.72325
185	43	0.694237
185	44	0.614834
185	45	0.624463
185	46	0.688221
185	47	0.631894
185	48	0.747143
185	49	0.636019
185	50	0.707851
185	51	0.660262
185	52	0.651283
185	53	0.631993
185	54	0.964005
185	55	0.986679
185	56	0.97995
185	57	0
185	58	0
185	59	0
185	60	0
185	61	0
185	62	0.30242
185	63	0.285243
185	64	0.308839
185	65	0.413558
185	66	0.420026
185	67	0.41066
185	68	0.417784
185	69	0.425553
185	70	0.418149
185	71	0.420461
185	72	0.415499
185	73	0.433154
185	74	0.430157
185	75	0.426079
185	76	0.43645
185	77	0.445003
185	78	0.434825
185	79	0.452152
185	80	0.44408
185	81	0.452869
185	82	0.449254
185	83	0.456086
185	84	0.463167
185	85	0.454245
185	86	0.484096
185	87	0.4914
185	88	0.491371
185	89	0.483599
185	90	0.482069
185	91	0.488423
185	92	0.50109
185	93	0.499429
185	94	0.499486
185	95	0.500068
185	96	0.495767
185	97	0.510284
185	98	0.577564
185	99	0.514144
185	100	0.51834
185	101	0.51967
185	102	0.522692
185	103	0.490879
185	104	0.484261
185	105	0.525682
185	106	0.48536
185	107	0.460952
185	108	0.478849
185	109	0.479733
185	110	0.518565
185	111	0.524347
185	112	0.532355
185	113	0.504739
185	114	0.472966
185	115	0.540424
185	116	0.527677
185	117	0.545547
185	118	0.535167
185	119	0.549199
185	120	0.552474
185	121	0.552845
185	122	0.556804
185	123	0.552286
185	124	0.55335
185	125	0.567412
185	126	0.513285
185	127	0
185	128	0.574806
185	129	0.528394
185	130	0.537195
185	131	0.533701
185	132	0.537245
185	133	0.599032
185	134	0.59816
185	135	0.54096
185	136	0.546136
185	137	0.572841
185	138	0.653041
185	139	0.611703
185	140	0.654974
185	141	0.611428
185	142	0.576655
185	143	0.539497
185	144	0.557166
185	145	0.695534
185	146	0.549219
185	147	0.677848
185	148	0.579469
185	149	0.573078
185	150	0.547546
185	151	0.561128
185	152	0.565584
185	153	0.558096
185	154	0.702673
185	155	0.592682
185	156	0.692617
185	157	0.600512
185	158	0.566672
185	159	0.575224
185	160	0.700928
185	161	0.742278
185	162	0.543985
185	163	0.637291
185	164	0.72319
185	165	0.696891
185	166	0.534191
185	167	0.534408
185	168	0.727214
185	169	0.736483
185	170	0.717345
185	171	0.734692
185	172	0.528645
185	173	0.741327
185	174	0.714419
185	175	0.746792
185	176	0.728791
185	177	0.634337
185	178	0.967516
185	179	0.96835
185	180	0.98375
185	181	0.977381
185	182	0.962756
185	183	0.973801
185	184	0.991065
185	186	0.980586
185	187	0
185	188	0
185	189	0
185	190	0
185	191	0
185	192	0
185	193	0
185	194	0
185	195	0
185	196	0
185	197	0
185	198	0
185	199	0
185	200	0
185	201	0
185	202	0
185	203	0
185	204	0
185	205	0
185	206	0
185	207	0.230435
185	208	0.223403
185	209	0.320473
185	210	0.232932
185	211	0.293516
185	212	0.27038
185	213	0.244288
185	214	0.220875
185	215	0.233968
185	216	0.231586
185	217	0.220171
185	218	0.105734
185	219	0.236378
185	220	0.112563
185	221	0.21123
185	222	0.210065
185	223	0.114036
185	224	0.124283
185	225	0.123178
185	226	0.120829
185	227	0.130385
185	228	0.114133
185	229	0.127379
185	230	0.124099
185	231	0.114596
185	232	0.114933
185	233	0.137419
185	234	0.125939
185	235	0.418783
185	236	0.147018
185	237	0.145956
185	238	0.157858
185	239	0.158453
185	240	0
185	241	0.482958
185	242	0.480768
185	243	0.521396
185	244	0.478905
185	245	0.515215
185	246	0.530711
185	247	0.533404
185	248	0.545792
185	249	0.490513
185	250	0
185	251	0.515839
185	252	0.548761
185	253	0.547852
185	254	0.506582
185	255	0.547556
185	256	0.541665
186	1	0.550606
186	2	0.589018
186	3	0.544484
186	4	0.533139
186	5	0.55303
186	6	0.559803
186	7	0.555801
186	8	0.566258
186	9	0.546562
186	10	0.559531
186	11	0.529427
186	12	0.527576
186	13	0.567237
186	14	0.53798
186	15	0.56487
186	16	0.594182
186	17	0.589699
186	18	0.578423
186	19	0.579722
186	20	0.608504
186	21	0
186	22	0.616392
186	23	0.656248
186	24	0.56309
186	25	0
186	26	0.6662
186	27	0.685005
186	28	0.670859
186	29	0.534722
186	30	0.678261
186	31	0.684502
186	32	0.679411
186	33	0
186	34	0.706546
186	35	0.676362
186	36	0.707865
186	37	0.689321
186	38	0.0859695
186	39	0.679675
186	40	0.681733
186	41	0.689037
186	42	0.715931
186	43	0.687212
186	44	0.608613
186	45	0.618144
186	46	0.681257
186	47	0.6255
186	48	0.739583
186	49	0.629583
186	50	0.700688
186	51	0.65358
186	52	0.644692
186	53	0.625598
186	54	0.954153
186	55	0.974257
186	56	0.978328
186	57	0
186	58	0
186	59	0
186	60	0
186	61	0
186	62	0.29936
186	63	0.282357
186	64	0.305714
186	65	0.409373
186	66	0.415776
186	67	0.406504
186	68	0.413557
186	69	0.421247
186	70	0.413917
186	71	0.416207
186	72	0.411295
186	73	0.428771
186	74	0.425805
186	75	0.421767
186	76	0.432033
186	77	0.4405
186	78	0.430425
186	79	0.447577
186	80	0.439586
186	81	0.448286
186	82	0.444708
186	83	0.451471
186	84	0.45848
186	85	0.449648
186	86	0.479198
186	87	0.486427
186	88	0.486399
186	89	0.478706
186	90	0.477191
186	91	0.483481
186	92	0.496019
186	93	0.494375
186	94	0.494432
186	95	0.495008
186	96	0.49075
186	97	0.505121
186	98	0.57172
186	99	0.508942
186	100	0.513095
186	101	0.514411
186	102	0.517403
186	103	0.485912
186	104	0.47936
186	105	0.520362
186	106	0.480449
186	107	0.456288
186	108	0.474004
186	109	0.474879
186	110	0.513317
186	111	0.519041
186	112	0.526968
186	113	0.499631
186	114	0.468181
186	115	0.534955
186	116	0.522338
186	117	0.540027
186	118	0.529752
186	119	0.543641
186	120	0.546884
186	121	0.547251
186	122	0.551169
186	123	0.546697
186	124	0.547751
186	125	0.56167
186	126	0.508091
186	127	0
186	128	0.568989
186	129	0.523047
186	130	0.531759
186	131	0.528301
186	132	0.531809
186	133	0.592971
186	134	0.592108
186	135	0.535486
186	136	0.54061
186	137	0.567045
186	138	0.646433
186	139	0.605513
186	140	0.648347
186	141	0.605241
186	142	0.57082
186	143	0.534038
186	144	0.551528
186	145	0.688496
186	146	0.543662
186	147	0.670989
186	148	0.573605
186	149	0.567279
186	150	0.542005
186	151	0.55545
186	152	0.559861
186	153	0.552449
186	154	0.695563
186	155	0.586685
186	156	0.685609
186	157	0.594435
186	158	0.560938
186	159	0.569403
186	160	0.693835
186	161	0.734767
186	162	0.538481
186	163	0.630843
186	164	0.715872
186	165	0.689839
186	166	0.528786
186	167	0.529
186	168	0.719855
186	169	0.72903
186	170	0.710086
186	171	0.727258
186	172	0.523296
186	173	0.733826
186	174	0.70719
186	175	0.739235
186	176	0.721416
186	177	0.627918
186	178	0.964547
186	179	0.959929
186	180	0.975613
186	181	0.965252
186	182	0.968748
186	183	0.979861
186	184	0.988679
186	185	0.980586
186	187	0
186	188	0
186	189	0
186	190	0
186	191	0
186	192	0
186	193	0
186	194	0
186	195	0
186	196	0
186	197	0
186	198	0
186	199	0
186	200	0
186	201	0
186	202	0
186	203	0
186	204	0
186	205	0
186	206	0
186	207	0.228103
186	208	0.221142
186	209	0.317231
186	210	0.230575
186	211	0.290546
186	212	0.267644
186	213	0.241816
186	214	0.21864
186	215	0.231601
186	216	0.229243
186	217	0.217943
186	218	0.104664
186	219	0.233986
186	220	0.111424
186	221	0.209093
186	222	0.207939
186	223	0.112882
186	224	0.123026
186	225	0.121932
186	226	0.119606
186	227	0.129066
186	228	0.112978
186	229	0.12609
186	230	0.122843
186	231	0.113437
186	232	0.11377
186	233	0.136029
186	234	0.124665
186	235	0.414546
186	236	0.14553
186	237	0.144479
186	238	0.15626
186	239	0.156849
186	240	0
186	241	0.478071
186	242	0.475903
186	243	0.51612
186	244	0.474059
186	245	0.510002
186	246	0.525341
186	247	0.528007
186	248	0.540269
186	249	0.48555
186	250	0
186	251	0.510619
186	252	0.543209
186	253	0.542308
186	254	0.501456
186	255	0.542016
186	256	0.536184
187	1	0.689775
187	2	0.633962
187	3	0.682441
187	4	0.666862
187	5	0.691379
187	6	0.689828
187	7	0.669364
187	8	0.678586
187	9	0.647057
187	10	0.656174
187	11	0.582861
187	12	0.59335
187	13	0.63036
187	14	0.575395
187	15	0.62773
187	16	0.636595
187	17	0.640641
187	18	0.625434
187	19	0.61535
187	20	0.600534
187	21	0
187	22	0.625879
187	23	0.476562
187	24	0.589315
187	25	0
187	26	0.571621
187	27	0.543639
187	28	0.565736
187	29	0.523955
187	30	0.557103
187	31	0.557317
187	32	0.568338
187	33	0
187	34	0.520538
187	35	0.573245
187	36	0.514886
187	37	0.559628
187	38	0.0841768
187	39	0.567788
187	40	0.567605
187	41	0.560568
187	42	0.536282
187	43	0.560942
187	44	0.539178
187	45	0.54692
187	46	0.558195
187	47	0.553403
187	48	0.511543
187	49	0.551774
187	50	0.53437
187	51	0.547782
187	52	0.54924
187	53	0.533125
187	54	0.406251
187	55	0.396797
187	56	0.394431
187	57	0
187	58	0
187	59	0
187	60	0
187	61	0
187	62	0.769893
187	63	0.683634
187	64	0.773009
187	65	0.941413
187	66	0.914653
187	67	0.877939
187	68	0.909772
187	69	0.919624
187	70	0.885069
187	71	0.895504
187	72	0.91569
187	73	0.904666
187	74	0.878131
187	75	0.889272
187	76	0.88321
187	77	0.88003
187	78	0.871686
187	79	0.861096
187	80	0.854134
187	81	0.833244
187	82	0.843228
187	83	0.857789
187	84	0.844892
187	85	0.834435
187	86	0.740696
187	87	0.751871
187	88	0.776621
187	89	0.809458
187	90	0.77104
187	91	0.798875
187	92	0.760238
187	93	0.777643
187	94	0.756084
187	95	0.775427
187	96	0.772546
187	97	0.751821
187	98	0.676701
187	99	0.757443
187	100	0.750732
187	101	0.74311
187	102	0.746509
187	103	0.682634
187	104	0.654498
187	105	0.727756
187	106	0.639608
187	107	0.580403
187	108	0.602938
187	109	0.61198
187	110	0.71219
187	111	0.714688
187	112	0.714278
187	113	0.632412
187	114	0.590643
187	115	0.682926
187	116	0.663212
187	117	0.702258
187	118	0.672626
187	119	0.694124
187	120	0.70462
187	121	0.698131
187	122	0.700628
187	123	0.682491
187	124	0.69071
187	125	0.687235
187	126	0.58853
187	127	0
187	128	0.678646
187	129	0.605851
187	130	0.582507
187	131	0.581546
187	132	0.578106
187	133	0.649201
187	134	0.650596
187	135	0.575901
187	136	0.573101
187	137	0.630247
187	138	0.585353
187	139	0.627525
187	140	0.585198
187	141	0.606419
187	142	0.597501
187	143	0.523369
187	144	0.548793
187	145	0.543542
187	146	0.532801
187	147	0.572255
187	148	0.562706
187	149	0.568296
187	150	0.530553
187	151	0.544488
187	152	0.539935
187	153	0.535961
187	154	0.548606
187	155	0.521616
187	156	0.564365
187	157	0.528507
187	158	0.534742
187	159	0.530494
187	160	0.556586
187	161	0.522373
187	162	0.526917
187	163	0.566504
187	164	0.536477
187	165	0.560437
187	166	0.51763
187	167	0.51764
187	168	0.538261
187	169	0.529829
187	170	0.54588
187	171	0.510015
187	172	0.512256
187	173	0.513518
187	174	0.539227
187	175	0.523824
187	176	0.525082
187	177	0.550946
187	178	0.395608
187	179	0.402948
187	180	0.397866
187	181	0.399165
187	182	0.387134
187	183	0.389804
187	184	0.390846
187	185	0.392169
187	186	0.388201
187	188	0
187	189	0
187	190	0
187	191	0
187	192	0
187	193	0
187	194	0
187	195	0
187	196	0
187	197	0
187	198	0
187	199	0
187	200	0
187	201	0
187	202	0
187	203	0
187	204	0
187	205	0
187	206	0
187	207	0.520758
187	208	0.539775
187	209	0.724235
187	210	0.5264
187	211	0.663314
187	212	0.611029
187	213	0.552063
187	214	0.529054
187	215	0.528743
187	216	0.523359
187	217	0.522713
187	218	0.211953
187	219	0.534189
187	220	0.225644
187	221	0.501486
187	222	0.481534
187	223	0.228597
187	224	0.249138
187	225	0.246922
187	226	0.242213
187	227	0.261369
187	228	0.22879
187	229	0.255343
187	230	0.248768
187	231	0.229719
187	232	0.230393
187	233	0.27547
187	234	0.252457
187	235	0.893193
187	236	0.294711
187	237	0.292583
187	238	0.316441
187	239	0.317634
187	240	0
187	241	0.738955
187	242	0.735604
187	243	0.662017
187	244	0.601975
187	245	0.677948
187	246	0.693237
187	247	0.706425
187	248	0.707538
187	249	0.601371
187	250	0
187	251	0.641455
187	252	0.701305
187	253	0.705505
187	254	0.621072
187	255	0.70989
187	256	0.688396
188	1	0.930651
188	2	0.847055
188	3	0.892197
188	4	0.865147
188	5	0.927259
188	6	0.918029
188	7	0.898056
188	8	0.931566
188	9	0.880793
188	10	0.899838
188	11	0.758995
188	12	0.815042
188	13	0.876314
188	14	0.757864
188	15	0.872657
188	16	0.865716
188	17	0.890606
188	18	0.869465
188	19	0.838542
188	20	0.812076
188	21	0
188	22	0.867816
188	23	0.662014
188	24	0.822593
188	25	0
188	26	0.788277
188	27	0.752852
188	28	0.781129
188	29	0.731473
188	30	0.772455
188	31	0.77275
188	32	0.788033
188	33	0
188	34	0.723103
188	35	0.794836
188	36	0.715251
188	37	0.776789
188	38	0.117515
188	39	0.78727
188	40	0.787016
188	41	0.777258
188	42	0.744682
188	43	0.777776
188	44	0.748874
188	45	0.759627
188	46	0.773969
188	47	0.768631
188	48	0.710109
188	49	0.766368
188	50	0.74138
188	51	0.760949
188	52	0.762975
188	53	0.740588
188	54	0.563946
188	55	0.550822
188	56	0.547538
188	57	0
188	58	0
188	59	0
188	60	0
188	61	0
188	62	0.55033
188	63	0.519072
188	64	0.562011
188	65	0.752574
188	66	0.764343
188	67	0.747299
188	68	0.760264
188	69	0.774402
188	70	0.760927
188	71	0.765136
188	72	0.756105
188	73	0.788233
188	74	0.78278
188	75	0.775358
188	76	0.794231
188	77	0.809795
188	78	0.791275
188	79	0.822805
188	80	0.808115
188	81	0.82411
188	82	0.817532
188	83	0.829963
188	84	0.842849
188	85	0.826613
188	86	0.888302
188	87	0.901703
188	88	0.90165
188	89	0.88164
188	90	0.884582
188	91	0.893308
188	92	0.919484
188	93	0.913437
188	94	0.916542
188	95	0.908855
188	96	0.898346
188	97	0.936356
188	98	0.940736
188	99	0.941957
188	100	0.949229
188	101	0.95219
188	102	0.950226
188	103	0.855215
188	104	0.827563
188	105	0.923293
188	106	0.808736
188	107	0.751202
188	108	0.780368
188	109	0.781809
188	110	0.907422
188	111	0.913657
188	112	0.913739
188	113	0.820319
188	114	0.766139
188	115	0.885842
188	116	0.860271
188	117	0.913835
188	118	0.872482
188	119	0.900516
188	120	0.930963
188	121	0.946416
188	122	0.926486
188	123	0.885424
188	124	0.901781
188	125	0.914756
188	126	0.766623
188	127	0
188	128	0.912314
188	129	0.789186
188	130	0.758778
188	131	0.757526
188	132	0.753046
188	133	0.890196
188	134	0.903773
188	135	0.754594
188	136	0.761814
188	137	0.879955
188	138	0.813141
188	139	0.87175
188	140	0.807341
188	141	0.842404
188	142	0.834234
188	143	0.730731
188	144	0.766228
188	145	0.755059
188	146	0.743899
188	147	0.794946
188	148	0.785653
188	149	0.793458
188	150	0.74076
188	151	0.760217
188	152	0.753861
188	153	0.748312
188	154	0.762094
188	155	0.724601
188	156	0.783985
188	157	0.734173
188	158	0.74661
188	159	0.740679
188	160	0.77318
188	161	0.725653
188	162	0.735685
188	163	0.786956
188	164	0.745245
188	165	0.778528
188	166	0.722719
188	167	0.722732
188	168	0.747723
188	169	0.73601
188	170	0.758307
188	171	0.708485
188	172	0.715215
188	173	0.713352
188	174	0.749065
188	175	0.727668
188	176	0.729415
188	177	0.765344
188	178	0.549557
188	179	0.559753
188	180	0.552694
188	181	0.554499
188	182	0.537785
188	183	0.541494
188	184	0.542942
188	185	0.54478
188	186	0.539268
188	187	0
188	189	0
188	190	0
188	191	0
188	192	0
188	193	0
188	194	0
188	195	0
188	196	0
188	197	0
188	198	0
188	199	0
188	200	0
188	201	0
188	202	0
188	203	0
188	204	0
188	205	0
188	206	0
188	207	0.419335
188	208	0.406538
188	209	0.583183
188	210	0.423878
188	211	0.534126
188	212	0.492025
188	213	0.444543
188	214	0.401938
188	215	0.425765
188	216	0.421429
188	217	0.400657
188	218	0.19241
188	219	0.43015
188	220	0.204838
188	221	0.384387
188	222	0.382267
188	223	0.207518
188	224	0.226165
188	225	0.224154
188	226	0.219879
188	227	0.237269
188	228	0.207693
188	229	0.231798
188	230	0.225829
188	231	0.208537
188	232	0.209149
188	233	0.25007
188	234	0.229178
188	235	0.762083
188	236	0.267536
188	237	0.265604
188	238	0.287262
188	239	0.288345
188	240	0
188	241	0.884654
188	242	0.880822
188	243	0.85155
188	244	0.780343
188	245	0.866689
188	246	0.886047
188	247	0.90251
188	248	0.929167
188	249	0.780055
188	250	0
188	251	0.83205
188	252	0.90829
188	253	0.922719
188	254	0.80561
188	255	0.91502
188	256	0.886697
189	1	0.933277
189	2	0.858464
189	3	0.911108
189	4	0.861032
189	5	0.929876
189	6	0.937488
189	7	0.917091
189	8	0.951312
189	9	0.899463
189	10	0.918911
189	11	0.766731
189	12	0.832319
189	13	0.894889
189	14	0.766022
189	15	0.891155
189	16	0.882194
189	17	0.909484
189	18	0.887895
189	19	0.854502
189	20	0.82751
189	21	0
189	22	0.886211
189	23	0.674627
189	24	0.841726
189	25	0
189	26	0.804986
189	27	0.76881
189	28	0.796967
189	29	0.748486
189	30	0.788828
189	31	0.78913
189	32	0.804736
189	33	0
189	34	0.73688
189	35	0.811684
189	36	0.728879
189	37	0.792403
189	38	0.120249
189	39	0.803957
189	40	0.803698
189	41	0.793733
189	42	0.759347
189	43	0.794263
189	44	0.763447
189	45	0.77441
189	46	0.790374
189	47	0.783588
189	48	0.724317
189	49	0.781281
189	50	0.756639
189	51	0.775484
189	52	0.777549
189	53	0.754734
189	54	0.57523
189	55	0.561843
189	56	0.558494
189	57	0
189	58	0
189	59	0
189	60	0
189	61	0
189	62	0.536434
189	63	0.505965
189	64	0.54782
189	65	0.733571
189	66	0.745044
189	67	0.72843
189	68	0.741068
189	69	0.754848
189	70	0.741714
189	71	0.745816
189	72	0.737014
189	73	0.76833
189	74	0.763015
189	75	0.75578
189	76	0.774176
189	77	0.789348
189	78	0.771295
189	79	0.802029
189	80	0.78771
189	81	0.803301
189	82	0.796889
189	83	0.809006
189	84	0.821567
189	85	0.805741
189	86	0.86604
189	87	0.879105
189	88	0.879054
189	89	0.859378
189	90	0.862413
189	91	0.870752
189	92	0.896441
189	93	0.890372
189	94	0.893573
189	95	0.885906
189	96	0.877447
189	97	0.91289
189	98	0.960676
189	99	0.918172
189	100	0.925261
189	101	0.928147
189	102	0.92812
189	103	0.839274
189	104	0.812137
189	105	0.906083
189	106	0.793661
189	107	0.741476
189	108	0.770265
189	109	0.771687
189	110	0.890508
189	111	0.896627
189	112	0.898093
189	113	0.809698
189	114	0.75622
189	115	0.873181
189	116	0.849133
189	117	0.900774
189	118	0.861186
189	119	0.88803
189	120	0.928935
189	121	0.949087
189	122	0.924469
189	123	0.888733
189	124	0.90398
189	125	0.923155
189	126	0.774376
189	127	0
189	128	0.924602
189	129	0.797167
189	130	0.766796
189	131	0.765187
189	132	0.760661
189	133	0.906805
189	134	0.920663
189	135	0.762657
189	136	0.769954
189	137	0.900422
189	138	0.828338
189	139	0.891462
189	140	0.822429
189	141	0.859683
189	142	0.853637
189	143	0.747727
189	144	0.784049
189	145	0.76917
189	146	0.761201
189	147	0.809802
189	148	0.803926
189	149	0.811913
189	150	0.75799
189	151	0.777899
189	152	0.771395
189	153	0.765716
189	154	0.776337
189	155	0.738142
189	156	0.798636
189	157	0.747894
189	158	0.763975
189	159	0.757906
189	160	0.787629
189	161	0.739214
189	162	0.752796
189	163	0.801663
189	164	0.759172
189	165	0.793078
189	166	0.739528
189	167	0.739542
189	168	0.761697
189	169	0.749765
189	170	0.772478
189	171	0.721725
189	172	0.73185
189	173	0.726683
189	174	0.763064
189	175	0.741267
189	176	0.743047
189	177	0.779648
189	178	0.559828
189	179	0.570214
189	180	0.563023
189	181	0.564862
189	182	0.547836
189	183	0.551614
189	184	0.553089
189	185	0.554961
189	186	0.549346
189	187	0
189	188	0
189	190	0
189	191	0
189	192	0
189	193	0
189	194	0
189	195	0
189	196	0
189	197	0
189	198	0
189	199	0
189	200	0
189	201	0
189	202	0
189	203	0
189	204	0
189	205	0
189	206	0
189	207	0.408746
189	208	0.396273
189	209	0.568457
189	210	0.413175
189	211	0.52064
189	212	0.479601
189	213	0.433318
189	214	0.391789
189	215	0.415014
189	216	0.410788
189	217	0.39054
189	218	0.187551
189	219	0.419288
189	220	0.199665
189	221	0.374681
189	222	0.372614
189	223	0.202278
189	224	0.220455
189	225	0.218494
189	226	0.214327
189	227	0.231278
189	228	0.202449
189	229	0.225945
189	230	0.220127
189	231	0.203272
189	232	0.203868
189	233	0.243755
189	234	0.223391
189	235	0.74284
189	236	0.260781
189	237	0.258897
189	238	0.280009
189	239	0.281064
189	240	0
189	241	0.862483
189	242	0.858748
189	243	0.83938
189	244	0.770177
189	245	0.850534
189	246	0.869532
189	247	0.887055
189	248	0.931789
189	249	0.769835
189	250	0
189	251	0.82121
189	252	0.905707
189	253	0.925323
189	254	0.795055
189	255	0.913027
189	256	0.874403
190	1	0.927477
190	2	0.858615
190	3	0.916463
190	4	0.855286
190	5	0.918554
190	6	0.942997
190	7	0.922481
190	8	0.956903
190	9	0.904749
190	10	0.924312
190	11	0.761614
190	12	0.83721
190	13	0.900148
190	14	0.76091
190	15	0.90445
190	16	0.891653
190	17	0.914829
190	18	0.893113
190	19	0.863665
190	20	0.836383
190	21	0
190	22	0.891419
190	23	0.685589
190	24	0.857735
190	25	0
190	26	0.814494
190	27	0.779381
190	28	0.808946
190	29	0.762722
190	30	0.799674
190	31	0.79998
190	32	0.809466
190	33	0
190	34	0.748854
190	35	0.816455
190	36	0.740722
190	37	0.804451
190	38	0.122536
190	39	0.808682
190	40	0.808422
190	41	0.800241
190	42	0.771201
190	43	0.8004
190	44	0.775542
190	45	0.786678
190	46	0.795019
190	47	0.796002
190	48	0.735396
190	49	0.793659
190	50	0.767781
190	51	0.788047
190	52	0.790145
190	53	0.766961
190	54	0.584028
190	55	0.570437
190	56	0.567036
190	57	0
190	58	0
190	59	0
190	60	0
190	61	0
190	62	0.521567
190	63	0.491943
190	64	0.532638
190	65	0.713241
190	66	0.724395
190	67	0.708242
190	68	0.72053
190	69	0.733928
190	70	0.721158
190	71	0.725146
190	72	0.716588
190	73	0.747036
190	74	0.741868
190	75	0.734834
190	76	0.752721
190	77	0.767472
190	78	0.749919
190	79	0.779801
190	80	0.765879
190	81	0.781038
190	82	0.774804
190	83	0.786586
190	84	0.798798
190	85	0.783411
190	86	0.842039
190	87	0.854742
190	88	0.854692
190	89	0.835561
190	90	0.838512
190	91	0.84662
190	92	0.871597
190	93	0.865697
190	94	0.868808
190	95	0.861688
190	96	0.854277
190	97	0.88759
190	98	0.966322
190	99	0.892726
190	100	0.899618
190	101	0.902424
190	102	0.903611
190	103	0.817111
190	104	0.790691
190	105	0.882156
190	106	0.775825
190	107	0.736528
190	108	0.765125
190	109	0.766537
190	110	0.866992
190	111	0.87295
190	112	0.874377
190	113	0.804295
190	114	0.751173
190	115	0.863841
190	116	0.843466
190	117	0.888994
190	118	0.855439
190	119	0.882103
190	120	0.912687
190	121	0.932486
190	122	0.912482
190	123	0.882802
190	124	0.897947
190	125	0.916994
190	126	0.769208
190	127	0
190	128	0.918431
190	129	0.791847
190	130	0.761678
190	131	0.76008
190	132	0.755585
190	133	0.91618
190	134	0.931252
190	135	0.757567
190	136	0.764816
190	137	0.917547
190	138	0.842098
190	139	0.908417
190	140	0.836091
190	141	0.876034
190	142	0.869873
190	143	0.761948
190	144	0.798962
190	145	0.781948
190	146	0.775679
190	147	0.823254
190	148	0.819216
190	149	0.827355
190	150	0.772406
190	151	0.792694
190	152	0.786066
190	153	0.78028
190	154	0.789233
190	155	0.750404
190	156	0.811903
190	157	0.760318
190	158	0.778506
190	159	0.772321
190	160	0.800713
190	161	0.751494
190	162	0.767114
190	163	0.81498
190	164	0.771783
190	165	0.806252
190	166	0.753594
190	167	0.753608
190	168	0.77435
190	169	0.76222
190	170	0.785311
190	171	0.733715
190	172	0.74577
190	173	0.738755
190	174	0.77574
190	175	0.753581
190	176	0.75539
190	177	0.792599
190	178	0.569127
190	179	0.579686
190	180	0.572376
190	181	0.574245
190	182	0.556936
190	183	0.560777
190	184	0.562277
190	185	0.56418
190	186	0.558471
190	187	0
190	188	0
190	189	0
190	191	0
190	192	0
190	193	0
190	194	0
190	195	0
190	196	0
190	197	0
190	198	0
190	199	0
190	200	0
190	201	0
190	202	0
190	203	0
190	204	0
190	205	0
190	206	0
190	207	0.397419
190	208	0.38529
190	209	0.552703
190	210	0.401725
190	211	0.506211
190	212	0.46631
190	213	0.421309
190	214	0.380931
190	215	0.403512
190	216	0.399404
190	217	0.379717
190	218	0.182353
190	219	0.407668
190	220	0.194132
190	221	0.364297
190	222	0.362288
190	223	0.196672
190	224	0.214345
190	225	0.212439
190	226	0.208387
190	227	0.224868
190	228	0.196838
190	229	0.219683
190	230	0.214026
190	231	0.197638
190	232	0.198218
190	233	0.237
190	234	0.2172
190	235	0.722253
190	236	0.253554
190	237	0.251722
190	238	0.272249
190	239	0.273275
190	240	0
190	241	0.83858
190	242	0.834948
190	243	0.833233
190	244	0.765037
190	245	0.828074
190	246	0.851002
190	247	0.865484
190	248	0.91549
190	249	0.764697
190	250	0
190	251	0.815729
190	252	0.890786
190	253	0.909138
190	254	0.789749
190	255	0.897057
190	256	0.868567
191	1	0.770044
191	2	0.841656
191	3	0.733214
191	4	0.846738
191	5	0.794854
191	6	0.765295
191	7	0.733141
191	8	0.75598
191	9	0.712934
191	10	0.729242
191	11	0.968376
191	12	0.675561
191	13	0.726347
191	14	0.949903
191	15	0.723316
191	16	0.809872
191	17	0.752933
191	18	0.725941
191	19	0.776338
191	20	0.79927
191	21	0
191	22	0.777108
191	23	0.636417
191	24	0.693875
191	25	0
191	26	0.769895
191	27	0.732207
191	28	0.761969
191	29	0.616918
191	30	0.747728
191	31	0.746524
191	32	0.751611
191	33	0
191	34	0.695144
191	35	0.749205
191	36	0.687596
191	37	0.743972
191	38	0.0991119
191	39	0.747052
191	40	0.744891
191	41	0.739038
191	42	0.71344
191	43	0.733143
191	44	0.698344
191	45	0.708372
191	46	0.728081
191	47	0.716768
191	48	0.680163
191	49	0.714657
191	50	0.701242
191	51	0.712097
191	52	0.712132
191	53	0.691237
191	54	0.537907
191	55	0.525388
191	56	0.522256
191	57	0
191	58	0
191	59	0
191	60	0
191	61	0
191	62	0.437967
191	63	0.413091
191	64	0.447263
191	65	0.598918
191	66	0.608284
191	67	0.59472
191	68	0.605038
191	69	0.616289
191	70	0.605566
191	71	0.608915
191	72	0.601728
191	73	0.627296
191	74	0.622957
191	75	0.61705
191	76	0.632069
191	77	0.644456
191	78	0.629717
191	79	0.65481
191	80	0.643119
191	81	0.655848
191	82	0.650613
191	83	0.660506
191	84	0.670761
191	85	0.65784
191	86	0.685882
191	87	0.696229
191	88	0.700016
191	89	0.700352
191	90	0.686765
191	91	0.701357
191	92	0.712799
191	93	0.715932
191	94	0.704967
191	95	0.724
191	96	0.717972
191	97	0.720001
191	98	0.760574
191	99	0.735092
191	100	0.741091
191	101	0.736835
191	102	0.747313
191	103	0.75917
191	104	0.78341
191	105	0.778975
191	106	0.785189
191	107	0.768209
191	108	0.79896
191	109	0.795336
191	110	0.789236
191	111	0.78906
191	112	0.792635
191	113	0.831928
191	114	0.795873
191	115	0.82609
191	116	0.848867
191	117	0.803206
191	118	0.838608
191	119	0.818213
191	120	0.787781
191	121	0.780208
191	122	0.793954
191	123	0.827748
191	124	0.802021
191	125	0.808487
191	126	0.903137
191	127	0
191	128	0.808029
191	129	0.937085
191	130	0.96323
191	131	0.972175
191	132	0.964084
191	133	0.792844
191	134	0.780761
191	135	0.953697
191	136	0.943907
191	137	0.726112
191	138	0.757982
191	139	0.759562
191	140	0.785515
191	141	0.745829
191	142	0.703411
191	143	0.616139
191	144	0.64607
191	145	0.729846
191	146	0.627242
191	147	0.765421
191	148	0.699913
191	149	0.692193
191	150	0.624596
191	151	0.641001
191	152	0.64421
191	153	0.635681
191	154	0.734512
191	155	0.675075
191	156	0.748369
191	157	0.683993
191	158	0.645449
191	159	0.65519
191	160	0.740058
191	161	0.694399
191	162	0.620316
191	163	0.733169
191	164	0.713473
191	165	0.735431
191	166	0.609383
191	167	0.609395
191	168	0.710286
191	169	0.701692
191	170	0.718274
191	171	0.677971
191	172	0.603057
191	173	0.682628
191	174	0.707069
191	175	0.693046
191	176	0.689904
191	177	0.713034
191	178	0.523409
191	179	0.53312
191	180	0.526397
191	181	0.528116
191	182	0.512197
191	183	0.515729
191	184	0.517109
191	185	0.518859
191	186	0.513609
191	187	0
191	188	0
191	189	0
191	190	0
191	192	0
191	193	0
191	194	0
191	195	0
191	196	0
191	197	0
191	198	0
191	199	0
191	200	0
191	201	0
191	202	0
191	203	0
191	204	0
191	205	0
191	206	0
191	207	0.333717
191	208	0.323533
191	209	0.464112
191	210	0.337333
191	211	0.425072
191	212	0.391566
191	213	0.353779
191	214	0.319872
191	215	0.338835
191	216	0.335384
191	217	0.318853
191	218	0.153124
191	219	0.342324
191	220	0.163015
191	221	0.305905
191	222	0.304218
191	223	0.165148
191	224	0.179988
191	225	0.178388
191	226	0.174985
191	227	0.188825
191	228	0.165288
191	229	0.184471
191	230	0.179721
191	231	0.165959
191	232	0.166446
191	233	0.199012
191	234	0.182386
191	235	0.606485
191	236	0.212912
191	237	0.211375
191	238	0.228611
191	239	0.229473
191	240	0
191	241	0.684269
191	242	0.681166
191	243	0.838568
191	244	0.802968
191	245	0.817194
191	246	0.811372
191	247	0.794682
191	248	0.773442
191	249	0.826543
191	250	0
191	251	0.849912
191	252	0.798332
191	253	0.781093
191	254	0.852685
191	255	0.787406
191	256	0.818453
192	1	0.786142
192	2	0.859458
192	3	0.748542
192	4	0.864439
192	5	0.811471
192	6	0.781293
192	7	0.748468
192	8	0.771785
192	9	0.727838
192	10	0.744487
192	11	0.988858
192	12	0.68985
192	13	0.74171
192	14	0.969995
192	15	0.738615
192	16	0.827002
192	17	0.768858
192	18	0.741295
192	19	0.792758
192	20	0.816175
192	21	0
192	22	0.793544
192	23	0.649878
192	24	0.708551
192	25	0
192	26	0.786179
192	27	0.747694
192	28	0.778085
192	29	0.629966
192	30	0.763543
192	31	0.762313
192	32	0.767508
192	33	0
192	34	0.709847
192	35	0.765051
192	36	0.702139
192	37	0.759708
192	38	0.101208
192	39	0.762853
192	40	0.760646
192	41	0.75467
192	42	0.72853
192	43	0.74865
192	44	0.713114
192	45	0.723354
192	46	0.743481
192	47	0.731928
192	48	0.694549
192	49	0.729773
192	50	0.716074
192	51	0.727159
192	52	0.727195
192	53	0.705858
192	54	0.549284
192	55	0.536501
192	56	0.533302
192	57	0
192	58	0
192	59	0
192	60	0
192	61	0
192	62	0.447123
192	63	0.421727
192	64	0.456614
192	65	0.611438
192	66	0.621001
192	67	0.607153
192	68	0.617687
192	69	0.629173
192	70	0.618225
192	71	0.621644
192	72	0.614308
192	73	0.64041
192	74	0.63598
192	75	0.629949
192	76	0.645283
192	77	0.657929
192	78	0.642881
192	79	0.668499
192	80	0.656564
192	81	0.669559
192	82	0.664214
192	83	0.674315
192	84	0.684784
192	85	0.671593
192	86	0.700221
192	87	0.710784
192	88	0.714651
192	89	0.714993
192	90	0.701122
192	91	0.71602
192	92	0.7277
192	93	0.730899
192	94	0.719704
192	95	0.739135
192	96	0.732982
192	97	0.735053
192	98	0.776474
192	99	0.750459
192	100	0.756584
192	101	0.752239
192	102	0.762936
192	103	0.775041
192	104	0.799787
192	105	0.79526
192	106	0.801604
192	107	0.784269
192	108	0.815662
192	109	0.811963
192	110	0.805735
192	111	0.805555
192	112	0.809205
192	113	0.84932
192	114	0.812512
192	115	0.84336
192	116	0.866613
192	117	0.819998
192	118	0.85614
192	119	0.835319
192	120	0.80425
192	121	0.796519
192	122	0.810552
192	123	0.845053
192	124	0.818787
192	125	0.825388
192	126	0.922018
192	127	0
192	128	0.824921
192	129	0.956675
192	130	0.983603
192	131	0.992737
192	132	0.984475
192	133	0.809613
192	134	0.797274
192	135	0.973869
192	136	0.963871
192	137	0.74147
192	138	0.774014
192	139	0.775627
192	140	0.802129
192	141	0.761604
192	142	0.718289
192	143	0.629171
192	144	0.659735
192	145	0.745283
192	146	0.640509
192	147	0.78161
192	148	0.714716
192	149	0.706834
192	150	0.637807
192	151	0.654559
192	152	0.657836
192	153	0.649127
192	154	0.750047
192	155	0.689354
192	156	0.764198
192	157	0.69846
192	158	0.659101
192	159	0.669048
192	160	0.755711
192	161	0.709087
192	162	0.633436
192	163	0.748676
192	164	0.728564
192	165	0.750986
192	166	0.622272
192	167	0.622284
192	168	0.725309
192	169	0.716533
192	170	0.733466
192	171	0.692311
192	172	0.615812
192	173	0.697066
192	174	0.722024
192	175	0.707704
192	176	0.704497
192	177	0.728115
192	178	0.53448
192	179	0.544396
192	180	0.53753
192	181	0.539286
192	182	0.52303
192	183	0.526638
192	184	0.528046
192	185	0.529834
192	186	0.524472
192	187	0
192	188	0
192	189	0
192	190	0
192	191	0
192	193	0
192	194	0
192	195	0
192	196	0
192	197	0
192	198	0
192	199	0
192	200	0
192	201	0
192	202	0
192	203	0
192	204	0
192	205	0
192	206	0
192	207	0.340694
192	208	0.330297
192	209	0.473814
192	210	0.344386
192	211	0.433958
192	212	0.399752
192	213	0.361175
192	214	0.326559
192	215	0.345918
192	216	0.342396
192	217	0.325519
192	218	0.156326
192	219	0.349481
192	220	0.166423
192	221	0.3123
192	222	0.310577
192	223	0.168601
192	224	0.183751
192	225	0.182117
192	226	0.178643
192	227	0.192772
192	228	0.168743
192	229	0.188327
192	230	0.183478
192	231	0.169429
192	232	0.169926
192	233	0.203172
192	234	0.186199
192	235	0.619164
192	236	0.217363
192	237	0.215793
192	238	0.23339
192	239	0.23427
192	240	0
192	241	0.698574
192	242	0.695407
192	243	0.856099
192	244	0.819754
192	245	0.834278
192	246	0.828334
192	247	0.811295
192	248	0.789611
192	249	0.843822
192	250	0
192	251	0.867679
192	252	0.815022
192	253	0.797423
192	254	0.87051
192	255	0.803867
192	256	0.835563
193	1	0.784536
193	2	0.865223
193	3	0.747249
193	4	0.862673
193	5	0.809813
193	6	0.779944
193	7	0.74749
193	8	0.770452
193	9	0.734463
193	10	0.751263
193	11	0.985691
193	12	0.699083
193	13	0.751637
193	14	0.984161
193	15	0.748501
193	16	0.836405
193	17	0.779149
193	18	0.751217
193	19	0.801772
193	20	0.825455
193	21	0
193	22	0.802567
193	23	0.659945
193	24	0.720265
193	25	0
193	26	0.795118
193	27	0.756196
193	28	0.786932
193	29	0.64048
193	30	0.772225
193	31	0.77238
193	32	0.780493
193	33	0
193	34	0.720844
193	35	0.778012
193	36	0.713016
193	37	0.77256
193	38	0.102897
193	39	0.775776
193	40	0.773515
193	41	0.767437
193	42	0.739962
193	43	0.761332
193	44	0.724915
193	45	0.735324
193	46	0.754523
193	47	0.74404
193	48	0.7055
193	49	0.741849
193	50	0.728188
193	51	0.736604
193	52	0.738565
193	53	0.716894
193	54	0.558577
193	55	0.545577
193	56	0.542325
193	57	0
193	58	0
193	59	0
193	60	0
193	61	0
193	62	0.446209
193	63	0.420865
193	64	0.455681
193	65	0.610189
193	66	0.619732
193	67	0.605912
193	68	0.616425
193	69	0.627887
193	70	0.616962
193	71	0.620374
193	72	0.613053
193	73	0.639102
193	74	0.63468
193	75	0.628662
193	76	0.643965
193	77	0.656585
193	78	0.641568
193	79	0.667133
193	80	0.655222
193	81	0.668191
193	82	0.662857
193	83	0.672937
193	84	0.683384
193	85	0.67022
193	86	0.69879
193	87	0.709332
193	88	0.71319
193	89	0.713532
193	90	0.69969
193	91	0.714557
193	92	0.726213
193	93	0.729406
193	94	0.718234
193	95	0.737625
193	96	0.731484
193	97	0.733551
193	98	0.776345
193	99	0.748926
193	100	0.755038
193	101	0.750702
193	102	0.761377
193	103	0.773457
193	104	0.798153
193	105	0.793635
193	106	0.799966
193	107	0.782666
193	108	0.813996
193	109	0.810304
193	110	0.804089
193	111	0.803909
193	112	0.807552
193	113	0.847584
193	114	0.810851
193	115	0.841636
193	116	0.864842
193	117	0.818322
193	118	0.85439
193	119	0.833612
193	120	0.802606
193	121	0.794891
193	122	0.808896
193	123	0.843326
193	124	0.817114
193	125	0.823702
193	126	0.920134
193	127	0
193	128	0.823497
193	129	0.95472
193	130	0.990724
193	131	0.988316
193	132	0.99453
193	133	0.821587
193	134	0.808873
193	135	0.989465
193	136	0.981164
193	137	0.753014
193	138	0.787126
193	139	0.788243
193	140	0.815718
193	141	0.774506
193	142	0.730457
193	143	0.639829
193	144	0.670911
193	145	0.757909
193	146	0.65136
193	147	0.794851
193	148	0.726824
193	149	0.718808
193	150	0.648612
193	151	0.665648
193	152	0.66898
193	153	0.660123
193	154	0.762754
193	155	0.701032
193	156	0.777144
193	157	0.710293
193	158	0.670267
193	159	0.680382
193	160	0.768513
193	161	0.721099
193	162	0.644167
193	163	0.761359
193	164	0.740906
193	165	0.763708
193	166	0.632814
193	167	0.632826
193	168	0.737596
193	169	0.728672
193	170	0.745891
193	171	0.704039
193	172	0.626244
193	173	0.708875
193	174	0.734255
193	175	0.719693
193	176	0.716431
193	177	0.74045
193	178	0.543534
193	179	0.553618
193	180	0.546636
193	181	0.548422
193	182	0.531891
193	183	0.535559
193	184	0.536992
193	185	0.538809
193	186	0.533357
193	187	0
193	188	0
193	189	0
193	190	0
193	191	0
193	192	0
193	194	0
193	195	0
193	196	0
193	197	0
193	198	0
193	199	0
193	200	0
193	201	0
193	202	0
193	203	0
193	204	0
193	205	0
193	206	0
193	207	0.339998
193	208	0.329622
193	209	0.472846
193	210	0.343682
193	211	0.433071
193	212	0.398935
193	213	0.360437
193	214	0.325892
193	215	0.345211
193	216	0.341696
193	217	0.324854
193	218	0.156006
193	219	0.348767
193	220	0.166083
193	221	0.311662
193	222	0.309943
193	223	0.168256
193	224	0.183376
193	225	0.181745
193	226	0.178278
193	227	0.192378
193	228	0.168398
193	229	0.187943
193	230	0.183103
193	231	0.169082
193	232	0.169579
193	233	0.202757
193	234	0.185818
193	235	0.617899
193	236	0.216919
193	237	0.215353
193	238	0.232913
193	239	0.233791
193	240	0
193	241	0.697147
193	242	0.693986
193	243	0.85435
193	244	0.818079
193	245	0.832574
193	246	0.826642
193	247	0.809638
193	248	0.787997
193	249	0.842098
193	250	0
193	251	0.865906
193	252	0.813357
193	253	0.795793
193	254	0.868732
193	255	0.802224
193	256	0.833856
194	1	0.779536
194	2	0.861784
194	3	0.74241
194	4	0.857214
194	5	0.804652
194	6	0.774893
194	7	0.743122
194	8	0.765462
194	9	0.73017
194	10	0.746873
194	11	0.985372
194	12	0.695416
194	13	0.747694
194	14	0.983353
194	15	0.744574
194	16	0.834801
194	17	0.775062
194	18	0.747277
194	19	0.800234
194	20	0.823872
194	21	0
194	22	0.801028
194	23	0.656088
194	24	0.716055
194	25	0
194	26	0.793593
194	27	0.754745
194	28	0.785423
194	29	0.636736
194	30	0.770744
194	31	0.769502
194	32	0.775931
194	33	0
194	34	0.716631
194	35	0.773465
194	36	0.708849
194	37	0.768045
194	38	0.102295
194	39	0.771242
194	40	0.768994
194	41	0.762952
194	42	0.735637
194	43	0.756883
194	44	0.720678
194	45	0.731027
194	46	0.750492
194	47	0.739691
194	48	0.701377
194	49	0.737513
194	50	0.723932
194	51	0.734016
194	52	0.734248
194	53	0.712704
194	54	0.555312
194	55	0.542389
194	56	0.539155
194	57	0
194	58	0
194	59	0
194	60	0
194	61	0
194	62	0.443269
194	63	0.418092
194	64	0.452678
194	65	0.606168
194	66	0.615648
194	67	0.60192
194	68	0.612363
194	69	0.62375
194	70	0.612896
194	71	0.616286
194	72	0.609013
194	73	0.63489
194	74	0.630498
194	75	0.62452
194	76	0.639721
194	77	0.652258
194	78	0.63734
194	79	0.662737
194	80	0.650904
194	81	0.663787
194	82	0.658489
194	83	0.668502
194	84	0.678881
194	85	0.665804
194	86	0.694185
194	87	0.704658
194	88	0.708491
194	89	0.70883
194	90	0.695079
194	91	0.709848
194	92	0.721428
194	93	0.724599
194	94	0.713501
194	95	0.732765
194	96	0.726664
194	97	0.728717
194	98	0.771807
194	99	0.743991
194	100	0.750062
194	101	0.745755
194	102	0.75636
194	103	0.76836
194	104	0.792894
194	105	0.788406
194	106	0.794694
194	107	0.777509
194	108	0.808632
194	109	0.804964
194	110	0.79879
194	111	0.798612
194	112	0.80223
194	113	0.841999
194	114	0.805508
194	115	0.83609
194	116	0.859143
194	117	0.81293
194	118	0.84876
194	119	0.828119
194	120	0.797317
194	121	0.789653
194	122	0.803565
194	123	0.837769
194	124	0.81173
194	125	0.818274
194	126	0.914071
194	127	0
194	128	0.818164
194	129	0.948429
194	130	0.984145
194	131	0.985338
194	132	0.994208
194	133	0.816785
194	134	0.804146
194	135	0.988652
194	136	0.97806
194	137	0.748613
194	138	0.782526
194	139	0.783636
194	140	0.81095
194	141	0.769979
194	142	0.726188
194	143	0.63609
194	144	0.66699
194	145	0.753479
194	146	0.647553
194	147	0.790205
194	148	0.722576
194	149	0.714607
194	150	0.644821
194	151	0.661757
194	152	0.66507
194	153	0.656265
194	154	0.758296
194	155	0.696935
194	156	0.772602
194	157	0.706142
194	158	0.666349
194	159	0.676406
194	160	0.764022
194	161	0.716885
194	162	0.640403
194	163	0.756909
194	164	0.736576
194	165	0.759245
194	166	0.629116
194	167	0.629127
194	168	0.733286
194	169	0.724413
194	170	0.741532
194	171	0.699924
194	172	0.622584
194	173	0.704732
194	174	0.729964
194	175	0.715487
194	176	0.712244
194	177	0.736123
194	178	0.540357
194	179	0.550383
194	180	0.543442
194	181	0.545216
194	182	0.528782
194	183	0.532429
194	184	0.533853
194	185	0.53566
194	186	0.53024
194	187	0
194	188	0
194	189	0
194	190	0
194	191	0
194	192	0
194	193	0
194	195	0
194	196	0
194	197	0
194	198	0
194	199	0
194	200	0
194	201	0
194	202	0
194	203	0
194	204	0
194	205	0
194	206	0
194	207	0.337757
194	208	0.32745
194	209	0.46973
194	210	0.341417
194	211	0.430218
194	212	0.396307
194	213	0.358062
194	214	0.323745
194	215	0.342937
194	216	0.339444
194	217	0.322713
194	218	0.154978
194	219	0.346468
194	220	0.164988
194	221	0.309608
194	222	0.3079
194	223	0.167147
194	224	0.182167
194	225	0.180547
194	226	0.177104
194	227	0.191111
194	228	0.167289
194	229	0.186704
194	230	0.181896
194	231	0.167968
194	232	0.168461
194	233	0.201421
194	234	0.184594
194	235	0.613827
194	236	0.21549
194	237	0.213933
194	238	0.231378
194	239	0.232251
194	240	0
194	241	0.692553
194	242	0.689413
194	243	0.84872
194	244	0.812903
194	245	0.827087
194	246	0.821362
194	247	0.804302
194	248	0.782976
194	249	0.83677
194	250	0
194	251	0.860427
194	252	0.807997
194	253	0.790565
194	254	0.863235
194	255	0.796938
194	256	0.82858
195	1	0.744309
195	2	0.726943
195	3	0.744775
195	4	0.692142
195	5	0.737148
195	6	0.756764
195	7	0.761276
195	8	0.768778
195	9	0.748623
195	10	0.766386
195	11	0.636749
195	12	0.73533
195	13	0.79061
195	14	0.647035
195	15	0.78731
195	16	0.759563
195	17	0.817124
195	18	0.812956
195	19	0.741078
195	20	0.741445
195	21	0
195	22	0.792661
195	23	0.651227
195	24	0.874658
195	25	0
195	26	0.765884
195	27	0.734409
195	28	0.761306
195	29	0.959685
195	30	0.753531
195	31	0.756561
195	32	0.771723
195	33	0
195	34	0.709374
195	35	0.781261
195	36	0.703593
195	37	0.761105
195	38	0.156345
195	39	0.774348
195	40	0.775286
195	41	0.768681
195	42	0.733689
195	43	0.77758
195	44	0.877116
195	45	0.863824
195	46	0.785301
195	47	0.851672
195	48	0.706312
195	49	0.838598
195	50	0.744307
195	51	0.792096
195	52	0.810327
195	53	0.79216
195	54	0.56093
195	55	0.547876
195	56	0.54461
195	57	0
195	58	0
195	59	0
195	60	0
195	61	0
195	62	0.404739
195	63	0.381751
195	64	0.413331
195	65	0.55348
195	66	0.562136
195	67	0.549601
195	68	0.559136
195	69	0.569533
195	70	0.559623
195	71	0.562718
195	72	0.556077
195	73	0.579705
195	74	0.575695
195	75	0.570236
195	76	0.584116
195	77	0.595563
195	78	0.581942
195	79	0.605131
195	80	0.594328
195	81	0.606091
195	82	0.601253
195	83	0.610396
195	84	0.619872
195	85	0.607932
195	86	0.651284
195	87	0.661109
195	88	0.66107
195	89	0.647218
195	90	0.648556
195	91	0.654827
195	92	0.674146
195	93	0.669582
195	94	0.671989
195	95	0.669259
195	96	0.663502
195	97	0.686516
195	98	0.775483
195	99	0.690488
195	100	0.695819
195	101	0.69799
195	102	0.699589
195	103	0.639334
195	104	0.626268
195	105	0.690227
195	106	0.627691
195	107	0.595897
195	108	0.619034
195	109	0.620176
195	110	0.678362
195	111	0.683023
195	112	0.690002
195	113	0.650725
195	114	0.607746
195	115	0.698901
195	116	0.682417
195	117	0.709782
195	118	0.692103
195	119	0.710249
195	120	0.724183
195	121	0.739893
195	122	0.726376
195	123	0.714242
195	124	0.71693
195	125	0.736207
195	126	0.635717
195	127	0
195	128	0.744139
195	129	0.654427
195	130	0.639723
195	131	0.635562
195	132	0.639783
195	133	0.775497
195	134	0.783128
195	135	0.644206
195	136	0.65037
195	137	0.79055
195	138	0.813205
195	139	0.80052
195	140	0.768141
195	141	0.797952
195	142	0.878048
195	143	0.958849
195	144	0.956126
195	145	0.735105
195	146	0.976129
195	147	0.773813
195	148	0.80517
195	149	0.813886
195	150	0.985687
195	151	0.963098
195	152	0.943462
195	153	0.969472
195	154	0.746677
195	155	0.899116
195	156	0.766466
195	157	0.892362
195	158	0.954611
195	159	0.93717
195	160	0.757538
195	161	0.719452
195	162	0.970013
195	163	0.82134
195	164	0.733813
195	165	0.772976
195	166	0.966406
195	167	0.953949
195	168	0.743259
195	169	0.731418
195	170	0.752929
195	171	0.701161
195	172	0.956373
195	173	0.706415
195	174	0.750661
195	175	0.723129
195	176	0.730969
195	177	0.838176
195	178	0.546129
195	179	0.556261
195	180	0.549246
195	181	0.55104
195	182	0.53443
195	183	0.538116
195	184	0.539555
195	185	0.541381
195	186	0.535903
195	187	0
195	188	0
195	189	0
195	190	0
195	191	0
195	192	0
195	193	0
195	194	0
195	196	0
195	197	0
195	198	0
195	199	0
195	200	0
195	201	0
195	202	0
195	203	0
195	204	0
195	205	0
195	206	0
195	207	0.30835
195	208	0.29894
195	209	0.428832
195	210	0.311691
195	211	0.39276
195	212	0.361801
195	213	0.326886
195	214	0.295557
195	215	0.313078
195	216	0.30989
195	217	0.294615
195	218	0.141507
195	219	0.316303
195	220	0.150648
195	221	0.282651
195	222	0.281138
195	223	0.152619
195	224	0.166333
195	225	0.164854
195	226	0.16171
195	227	0.174499
195	228	0.152748
195	229	0.170476
195	230	0.166086
195	231	0.153368
195	232	0.153819
195	233	0.183913
195	234	0.168549
195	235	0.560433
195	236	0.196759
195	237	0.195338
195	238	0.211267
195	239	0.212063
195	240	0
195	241	0.649581
195	242	0.646635
195	243	0.674138
195	244	0.618963
195	245	0.6663
195	246	0.686159
195	247	0.690815
195	248	0.730336
195	249	0.618714
195	250	0
195	251	0.659976
195	252	0.713776
195	253	0.721925
195	254	0.638983
195	255	0.712471
195	256	0.700321
196	1	0.815698
196	2	0.859487
196	3	0.806628
196	4	0.784238
196	5	0.819288
196	6	0.829323
196	7	0.823394
196	8	0.839193
196	9	0.809707
196	10	0.82892
196	11	0.767642
196	12	0.782843
196	13	0.841694
196	14	0.780043
196	15	0.838182
196	16	0.880254
196	17	0.875024
196	18	0.858293
196	19	0.858832
196	20	0.894835
196	21	0
196	22	0.913157
196	23	0.80017
196	24	0.835662
196	25	0
196	26	0.944454
196	27	0.903738
196	28	0.938021
196	29	0.808446
196	30	0.92727
196	31	0.929618
196	32	0.937368
196	33	0
196	34	0.874008
196	35	0.938593
196	36	0.864517
196	37	0.93687
196	38	0.129952
196	39	0.9328
196	40	0.933975
196	41	0.939305
196	42	0.899815
196	43	0.941059
196	44	0.904834
196	45	0.917828
196	46	0.924952
196	47	0.928706
196	48	0.863354
196	49	0.941592
196	50	0.906512
196	51	0.919425
196	52	0.921872
196	53	0.894823
196	54	0.685648
196	55	0.669692
196	56	0.665699
196	57	0
196	58	0
196	59	0
196	60	0
196	61	0
196	62	0.443738
196	63	0.418534
196	64	0.453157
196	65	0.60681
196	66	0.6163
196	67	0.602557
196	68	0.613011
196	69	0.62441
196	70	0.613545
196	71	0.616939
196	72	0.609658
196	73	0.635562
196	74	0.631166
196	75	0.625181
196	76	0.640398
196	77	0.652948
196	78	0.638015
196	79	0.663438
196	80	0.651594
196	81	0.66449
196	82	0.659186
196	83	0.66921
196	84	0.6796
196	85	0.666509
196	86	0.71031
196	87	0.721026
196	88	0.720983
196	89	0.709581
196	90	0.707335
196	91	0.716658
196	92	0.735244
196	93	0.732807
196	94	0.732891
196	95	0.733745
196	96	0.727433
196	97	0.748735
196	98	0.847454
196	99	0.754399
196	100	0.760555
196	101	0.762506
196	102	0.766941
196	103	0.719513
196	104	0.709812
196	105	0.771327
196	106	0.711424
196	107	0.675389
196	108	0.701612
196	109	0.702907
196	110	0.760885
196	111	0.769369
196	112	0.781118
196	113	0.73753
196	114	0.688819
196	115	0.792134
196	116	0.77345
196	117	0.800476
196	118	0.784429
196	119	0.804996
196	120	0.81064
196	121	0.811185
196	122	0.816992
196	123	0.809521
196	124	0.811925
196	125	0.832558
196	126	0.741947
196	127	0
196	128	0.843407
196	129	0.763787
196	130	0.772028
196	131	0.767006
196	132	0.7721
196	133	0.878954
196	134	0.877675
196	135	0.777438
196	136	0.784877
196	137	0.841882
196	138	0.982486
196	139	0.898997
196	140	0.936941
196	141	0.898593
196	142	0.847487
196	143	0.807742
196	144	0.834197
196	145	0.906861
196	146	0.822298
196	147	0.954612
196	148	0.867638
196	149	0.858068
196	150	0.819792
196	151	0.840128
196	152	0.846799
196	153	0.835589
196	154	0.921136
196	155	0.887371
196	156	0.945548
196	157	0.899094
196	158	0.848428
196	159	0.861232
196	160	0.934534
196	161	0.880205
196	162	0.814462
196	163	0.961931
196	164	0.901272
196	165	0.94794
196	166	0.799798
196	167	0.800122
196	168	0.909086
196	169	0.894844
196	170	0.921953
196	171	0.857827
196	172	0.791494
196	173	0.864255
196	174	0.915908
196	175	0.884703
196	176	0.891882
196	177	0.944089
196	178	0.668155
196	179	0.680551
196	180	0.671968
196	181	0.674163
196	182	0.653842
196	183	0.658351
196	184	0.660112
196	185	0.662347
196	186	0.655644
196	187	0
196	188	0
196	189	0
196	190	0
196	191	0
196	192	0
196	193	0
196	194	0
196	195	0
196	197	0
196	198	0
196	199	0
196	200	0
196	201	0
196	202	0
196	203	0
196	204	0
196	205	0
196	206	0
196	207	0.337925
196	208	0.327612
196	209	0.469963
196	210	0.341586
196	211	0.430431
196	212	0.396503
196	213	0.358239
196	214	0.323905
196	215	0.343106
196	216	0.339613
196	217	0.322873
196	218	0.155142
196	219	0.34664
196	220	0.165163
196	221	0.309761
196	222	0.308226
196	223	0.167324
196	224	0.18236
196	225	0.180738
196	226	0.177291
196	227	0.191313
196	228	0.167466
196	229	0.186902
196	230	0.182089
196	231	0.168146
196	232	0.16864
196	233	0.201634
196	234	0.184789
196	235	0.614433
196	236	0.215718
196	237	0.21416
196	238	0.231623
196	239	0.232496
196	240	0
196	241	0.708241
196	242	0.705029
196	243	0.764067
196	244	0.701532
196	245	0.755184
196	246	0.777459
196	247	0.782506
196	248	0.800384
196	249	0.708545
196	250	0
196	251	0.748016
196	252	0.805192
196	253	0.803805
196	254	0.731757
196	255	0.803424
196	256	0.793506
197	1	0.675036
197	2	0.659354
197	3	0.675529
197	4	0.627789
197	5	0.668541
197	6	0.686332
197	7	0.690496
197	8	0.6973
197	9	0.679019
197	10	0.695131
197	11	0.577546
197	12	0.666962
197	13	0.717102
197	14	0.586876
197	15	0.714109
197	16	0.688942
197	17	0.741151
197	18	0.737371
197	19	0.672175
197	20	0.672508
197	21	0
197	22	0.718962
197	23	0.591183
197	24	0.793336
197	25	0
197	26	0.695269
197	27	0.666696
197	28	0.691113
197	29	0.869602
197	30	0.684055
197	31	0.686805
197	32	0.70057
197	33	0
197	34	0.643969
197	35	0.709228
197	36	0.638721
197	37	0.690931
197	38	0.148722
197	39	0.702953
197	40	0.703804
197	41	0.697808
197	42	0.666042
197	43	0.705887
197	44	0.796245
197	45	0.784179
197	46	0.712895
197	47	0.773148
197	48	0.641189
197	49	0.761279
197	50	0.675681
197	51	0.719064
197	52	0.735614
197	53	0.719122
197	54	0.509212
197	55	0.497362
197	56	0.494397
197	57	0
197	58	0
197	59	0
197	60	0
197	61	0
197	62	0.367024
197	63	0.346178
197	64	0.374815
197	65	0.501904
197	66	0.509754
197	67	0.498386
197	68	0.507033
197	69	0.516462
197	70	0.507475
197	71	0.510282
197	72	0.504259
197	73	0.525686
197	74	0.522049
197	75	0.517099
197	76	0.529686
197	77	0.540066
197	78	0.527714
197	79	0.548742
197	80	0.538946
197	81	0.549612
197	82	0.545226
197	83	0.553516
197	84	0.56211
197	85	0.551282
197	86	0.590594
197	87	0.599504
197	88	0.599469
197	89	0.586908
197	90	0.588121
197	91	0.593807
197	92	0.611326
197	93	0.607188
197	94	0.60937
197	95	0.606894
197	96	0.601674
197	97	0.622543
197	98	0.70322
197	99	0.626146
197	100	0.63098
197	101	0.632948
197	102	0.634398
197	103	0.579758
197	104	0.56791
197	105	0.625909
197	106	0.5692
197	107	0.540369
197	108	0.561349
197	109	0.562386
197	110	0.615149
197	111	0.619376
197	112	0.625705
197	113	0.590087
197	114	0.551114
197	115	0.633775
197	116	0.618826
197	117	0.643642
197	118	0.62761
197	119	0.644065
197	120	0.656701
197	121	0.670946
197	122	0.658689
197	123	0.647686
197	124	0.650124
197	125	0.667604
197	126	0.576478
197	127	0
197	128	0.674797
197	129	0.593445
197	130	0.580111
197	131	0.576338
197	132	0.580165
197	133	0.703233
197	134	0.710153
197	135	0.584176
197	136	0.589766
197	137	0.716883
197	138	0.737787
197	139	0.725925
197	140	0.696902
197	141	0.723595
197	142	0.796228
197	143	0.86751
197	144	0.86703
197	145	0.666931
197	146	0.883143
197	147	0.702049
197	148	0.730497
197	149	0.738405
197	150	0.897044
197	151	0.873352
197	152	0.855546
197	153	0.879562
197	154	0.677429
197	155	0.815332
197	156	0.695382
197	157	0.809603
197	158	0.866079
197	159	0.850256
197	160	0.687283
197	161	0.652729
197	162	0.893128
197	163	0.745167
197	164	0.665758
197	165	0.701289
197	166	0.919288
197	167	0.880494
197	168	0.674328
197	169	0.663585
197	170	0.683101
197	171	0.636134
197	172	0.908209
197	173	0.640901
197	174	0.681043
197	175	0.656065
197	176	0.663178
197	177	0.760442
197	178	0.49548
197	179	0.504672
197	180	0.498308
197	181	0.499935
197	182	0.484866
197	183	0.48821
197	184	0.489516
197	185	0.491173
197	186	0.486203
197	187	0
197	188	0
197	189	0
197	190	0
197	191	0
197	192	0
197	193	0
197	194	0
197	195	0
197	196	0
197	198	0
197	199	0
197	200	0
197	201	0
197	202	0
197	203	0
197	204	0
197	205	0
197	206	0
197	207	0.279652
197	208	0.271117
197	209	0.388921
197	210	0.282682
197	211	0.356205
197	212	0.328128
197	213	0.296463
197	214	0.26805
197	215	0.28394
197	216	0.281048
197	217	0.267195
197	218	0.128321
197	219	0.286864
197	220	0.13661
197	221	0.256345
197	222	0.25494
197	223	0.138397
197	224	0.150833
197	225	0.149492
197	226	0.146641
197	227	0.158239
197	228	0.138514
197	229	0.15459
197	230	0.150609
197	231	0.139077
197	232	0.139485
197	233	0.166776
197	234	0.152843
197	235	0.508228
197	236	0.178424
197	237	0.177136
197	238	0.19158
197	239	0.192302
197	240	0
197	241	0.589185
197	242	0.586514
197	243	0.611439
197	244	0.561396
197	245	0.604212
197	246	0.622362
197	247	0.626586
197	248	0.662363
197	249	0.561189
197	250	0
197	251	0.598594
197	252	0.647411
197	253	0.654735
197	254	0.579573
197	255	0.646141
197	256	0.635208
198	1	0.80258
198	2	0.845172
198	3	0.793049
198	4	0.773276
198	5	0.807943
198	6	0.81601
198	7	0.802007
198	8	0.828043
198	9	0.788676
198	10	0.80739
198	11	0.76074
198	12	0.76251
198	13	0.819833
198	14	0.772997
198	15	0.817518
198	16	0.857391
198	17	0.852297
198	18	0.836
198	19	0.836525
198	20	0.876325
198	21	0
198	22	0.889439
198	23	0.810315
198	24	0.823228
198	25	0
198	26	0.947787
198	27	0.913648
198	28	0.94133
198	29	0.78677
198	30	0.930541
198	31	0.941349
198	32	0.947862
198	33	0
198	34	0.885037
198	35	0.939061
198	36	0.875475
198	37	0.948692
198	38	0.126468
198	39	0.944571
198	40	0.945847
198	41	0.95295
198	42	0.911766
198	43	0.954729
198	44	0.881333
198	45	0.893988
198	46	0.938389
198	47	0.904585
198	48	0.875896
198	49	0.916346
198	50	0.91968
198	51	0.903626
198	52	0.897928
198	53	0.871582
198	54	0.695608
198	55	0.67942
198	56	0.67537
198	57	0
198	58	0
198	59	0
198	60	0
198	61	0
198	62	0.437842
198	63	0.412973
198	64	0.447136
198	65	0.598747
198	66	0.608111
198	67	0.594551
198	68	0.604866
198	69	0.616114
198	70	0.605393
198	71	0.608742
198	72	0.601557
198	73	0.627118
198	74	0.62278
198	75	0.616874
198	76	0.63189
198	77	0.644273
198	78	0.629538
198	79	0.654623
198	80	0.642936
198	81	0.655661
198	82	0.650428
198	83	0.660319
198	84	0.67057
198	85	0.657653
198	86	0.700872
198	87	0.711446
198	88	0.711404
198	89	0.700153
198	90	0.697937
198	91	0.707136
198	92	0.725475
198	93	0.723071
198	94	0.723154
198	95	0.723996
198	96	0.717768
198	97	0.738787
198	98	0.836194
198	99	0.744376
198	100	0.75045
198	101	0.752375
198	102	0.756751
198	103	0.709953
198	104	0.700381
198	105	0.761079
198	106	0.701972
198	107	0.666416
198	108	0.69229
198	109	0.693568
198	110	0.750775
198	111	0.759147
198	112	0.77074
198	113	0.727731
198	114	0.679667
198	115	0.781609
198	116	0.763174
198	117	0.78984
198	118	0.774007
198	119	0.7943
198	120	0.799869
198	121	0.800407
198	122	0.806137
198	123	0.798765
198	124	0.801138
198	125	0.821496
198	126	0.736311
198	127	0
198	128	0.832201
198	129	0.757984
198	130	0.766162
198	131	0.761179
198	132	0.766234
198	133	0.867276
198	134	0.866014
198	135	0.771532
198	136	0.778914
198	137	0.829356
198	138	0.956968
198	139	0.885621
198	140	0.936916
198	141	0.885223
198	142	0.834878
198	143	0.786084
198	144	0.81183
198	145	0.918304
198	146	0.800251
198	147	0.95798
198	148	0.844994
198	149	0.835674
198	150	0.797812
198	151	0.817602
198	152	0.824095
198	153	0.813184
198	154	0.932759
198	155	0.863578
198	156	0.95748
198	157	0.874987
198	158	0.82568
198	159	0.83814
198	160	0.946327
198	161	0.892992
198	162	0.792624
198	163	0.936326
198	164	0.913129
198	165	0.96171
198	166	0.778353
198	167	0.778669
198	168	0.922291
198	169	0.907843
198	170	0.935346
198	171	0.870289
198	172	0.770272
198	173	0.87681
198	174	0.929213
198	175	0.897555
198	176	0.904838
198	177	0.918776
198	178	0.677861
198	179	0.690437
198	180	0.68173
198	181	0.683956
198	182	0.66334
198	183	0.667915
198	184	0.669701
198	185	0.671968
198	186	0.665169
198	187	0
198	188	0
198	189	0
198	190	0
198	191	0
198	192	0
198	193	0
198	194	0
198	195	0
198	196	0
198	197	0
198	199	0
198	200	0
198	201	0
198	202	0
198	203	0
198	204	0
198	205	0
198	206	0
198	207	0.333359
198	208	0.323252
198	209	0.463614
198	210	0.336971
198	211	0.424615
198	212	0.391146
198	213	0.353399
198	214	0.319594
198	215	0.338471
198	216	0.335024
198	217	0.318511
198	218	0.153081
198	219	0.341957
198	220	0.162969
198	221	0.305576
198	222	0.304131
198	223	0.165101
198	224	0.179937
198	225	0.178337
198	226	0.174935
198	227	0.188771
198	228	0.165241
198	229	0.184419
198	230	0.17967
198	231	0.165912
198	232	0.166399
198	233	0.198955
198	234	0.182334
198	235	0.606269
198	236	0.212852
198	237	0.211314
198	238	0.228546
198	239	0.229407
198	240	0
198	241	0.697994
198	242	0.694971
198	243	0.753915
198	244	0.692211
198	245	0.74515
198	246	0.766714
198	247	0.772109
198	248	0.787512
198	249	0.696485
198	250	0
198	251	0.738077
198	252	0.794494
198	253	0.793125
198	254	0.719301
198	255	0.792749
198	256	0.78241
199	1	0.740716
199	2	0.723433
199	3	0.741179
199	4	0.6888
199	5	0.733589
199	6	0.753111
199	7	0.757601
199	8	0.765066
199	9	0.745008
199	10	0.762686
199	11	0.633674
199	12	0.73178
199	13	0.786792
199	14	0.643911
199	15	0.783509
199	16	0.755896
199	17	0.813179
199	18	0.809031
199	19	0.7375
199	20	0.737865
199	21	0
199	22	0.788834
199	23	0.648836
199	24	0.870435
199	25	0
199	26	0.763073
199	27	0.731713
199	28	0.758511
199	29	0.951459
199	30	0.750765
199	31	0.753784
199	32	0.76889
199	33	0
199	34	0.70677
199	35	0.778394
199	36	0.701011
199	37	0.758312
199	38	0.156322
199	39	0.771506
199	40	0.772441
199	41	0.76586
199	42	0.730996
199	43	0.774726
199	44	0.873896
199	45	0.860653
199	46	0.782418
199	47	0.848546
199	48	0.703719
199	49	0.83552
199	50	0.741575
199	51	0.789188
199	52	0.807353
199	53	0.789253
199	54	0.558871
199	55	0.545865
199	56	0.542611
199	57	0
199	58	0
199	59	0
199	60	0
199	61	0
199	62	0.402785
199	63	0.379908
199	64	0.411335
199	65	0.550807
199	66	0.559422
199	67	0.546947
199	68	0.556436
199	69	0.566783
199	70	0.556921
199	71	0.560001
199	72	0.553392
199	73	0.576906
199	74	0.572915
199	75	0.567483
199	76	0.581296
199	77	0.592688
199	78	0.579132
199	79	0.602209
199	80	0.591458
199	81	0.603164
199	82	0.59835
199	83	0.607449
199	84	0.616879
199	85	0.604997
199	86	0.648139
199	87	0.657917
199	88	0.657878
199	89	0.644093
199	90	0.645425
199	91	0.651665
199	92	0.670891
199	93	0.666349
199	94	0.668744
199	95	0.666027
199	96	0.660299
199	97	0.683201
199	98	0.771738
199	99	0.687154
199	100	0.69246
199	101	0.69462
199	102	0.696211
199	103	0.636247
199	104	0.623245
199	105	0.686894
199	106	0.62466
199	107	0.59302
199	108	0.616045
199	109	0.617182
199	110	0.675087
199	111	0.679726
199	112	0.686671
199	113	0.647583
199	114	0.604812
199	115	0.695527
199	116	0.679122
199	117	0.706355
199	118	0.688762
199	119	0.70682
199	120	0.720687
199	121	0.73632
199	122	0.722869
199	123	0.710793
199	124	0.713469
199	125	0.732652
199	126	0.632647
199	127	0
199	128	0.740546
199	129	0.651267
199	130	0.636634
199	131	0.632493
199	132	0.636694
199	133	0.771752
199	134	0.779347
199	135	0.641096
199	136	0.64723
199	137	0.786733
199	138	0.809987
199	139	0.796655
199	140	0.765101
199	141	0.794099
199	142	0.873809
199	143	0.949505
199	144	0.95151
199	145	0.732197
199	146	0.966616
199	147	0.770751
199	148	0.801984
199	149	0.810665
199	150	0.974159
199	151	0.958447
199	152	0.938906
199	153	0.965636
199	154	0.743722
199	155	0.894775
199	156	0.763433
199	157	0.888831
199	158	0.950833
199	159	0.933462
199	160	0.75454
199	161	0.716605
199	162	0.990969
199	163	0.81809
199	164	0.730909
199	165	0.769917
199	166	0.966267
199	167	0.990568
199	168	0.740318
199	169	0.728523
199	170	0.74995
199	171	0.698387
199	172	0.956235
199	173	0.70362
199	174	0.74769
199	175	0.720267
199	176	0.728076
199	177	0.834859
199	178	0.543968
199	179	0.55406
199	180	0.547073
199	181	0.548859
199	182	0.532315
199	183	0.535986
199	184	0.53742
199	185	0.539239
199	186	0.533783
199	187	0
199	188	0
199	189	0
199	190	0
199	191	0
199	192	0
199	193	0
199	194	0
199	195	0
199	196	0
199	197	0
199	198	0
199	200	0
199	201	0
199	202	0
199	203	0
199	204	0
199	205	0
199	206	0
199	207	0.306861
199	208	0.297497
199	209	0.426762
199	210	0.310186
199	211	0.390863
199	212	0.360054
199	213	0.325308
199	214	0.29413
199	215	0.311566
199	216	0.308394
199	217	0.293193
199	218	0.140824
199	219	0.314775
199	220	0.14992
199	221	0.281287
199	222	0.27978
199	223	0.151882
199	224	0.16553
199	225	0.164058
199	226	0.160929
199	227	0.173657
199	228	0.15201
199	229	0.169653
199	230	0.165284
199	231	0.152628
199	232	0.153076
199	233	0.183025
199	234	0.167735
199	235	0.557727
199	236	0.195809
199	237	0.194395
199	238	0.210247
199	239	0.211039
199	240	0
199	241	0.646444
199	242	0.643513
199	243	0.670883
199	244	0.615974
199	245	0.663083
199	246	0.682846
199	247	0.68748
199	248	0.726809
199	249	0.615727
199	250	0
199	251	0.656789
199	252	0.710329
199	253	0.718439
199	254	0.635898
199	255	0.709031
199	256	0.69694
200	1	0.725318
200	2	0.708468
200	3	0.725848
200	4	0.674552
200	5	0.718339
200	6	0.737455
200	7	0.741929
200	8	0.74924
200	9	0.729597
200	10	0.746909
200	11	0.620566
200	12	0.716643
200	13	0.770517
200	14	0.630591
200	15	0.767301
200	16	0.74026
200	17	0.796358
200	18	0.792296
200	19	0.722244
200	20	0.722602
200	21	0
200	22	0.772516
200	23	0.635219
200	24	0.85243
200	25	0
200	26	0.747058
200	27	0.716356
200	28	0.742592
200	29	0.934377
200	30	0.735009
200	31	0.737964
200	32	0.752753
200	33	0
200	34	0.691937
200	35	0.762057
200	36	0.686298
200	37	0.742397
200	38	0.1598
200	39	0.755314
200	40	0.756229
200	41	0.749786
200	42	0.715654
200	43	0.758466
200	44	0.855555
200	45	0.84259
200	46	0.765997
200	47	0.830737
200	48	0.68895
200	49	0.817985
200	50	0.726011
200	51	0.772625
200	52	0.790409
200	53	0.772688
200	54	0.547142
200	55	0.534409
200	56	0.531223
200	57	0
200	58	0
200	59	0
200	60	0
200	61	0
200	62	0.394363
200	63	0.371964
200	64	0.402734
200	65	0.53929
200	66	0.547724
200	67	0.53551
200	68	0.544801
200	69	0.554932
200	70	0.545276
200	71	0.548292
200	72	0.541821
200	73	0.564843
200	74	0.560935
200	75	0.555617
200	76	0.569141
200	77	0.580294
200	78	0.567022
200	79	0.589617
200	80	0.57909
200	81	0.590552
200	82	0.585838
200	83	0.594747
200	84	0.60398
200	85	0.592346
200	86	0.634586
200	87	0.64416
200	88	0.644122
200	89	0.630625
200	90	0.631929
200	91	0.638039
200	92	0.656863
200	93	0.652416
200	94	0.654761
200	95	0.6521
200	96	0.646491
200	97	0.668915
200	98	0.755601
200	99	0.672786
200	100	0.67798
200	101	0.680095
200	102	0.681653
200	103	0.622943
200	104	0.610212
200	105	0.672531
200	106	0.611598
200	107	0.58062
200	108	0.603163
200	109	0.604276
200	110	0.660971
200	111	0.665512
200	112	0.672312
200	113	0.634041
200	114	0.592165
200	115	0.680983
200	116	0.664921
200	117	0.691585
200	118	0.674359
200	119	0.69204
200	120	0.705617
200	121	0.720924
200	122	0.707753
200	123	0.69593
200	124	0.69855
200	125	0.717332
200	126	0.619419
200	127	0
200	128	0.725061
200	129	0.637649
200	130	0.623322
200	131	0.619268
200	132	0.62338
200	133	0.755615
200	134	0.763051
200	135	0.62769
200	136	0.633696
200	137	0.770282
200	138	0.792743
200	139	0.779997
200	140	0.748813
200	141	0.777494
200	142	0.855537
200	143	0.932128
200	144	0.931613
200	145	0.716609
200	146	0.948926
200	147	0.754343
200	148	0.78491
200	149	0.793407
200	150	0.963863
200	151	0.938406
200	152	0.919274
200	153	0.945078
200	154	0.727889
200	155	0.876065
200	156	0.74718
200	157	0.869909
200	158	0.930591
200	159	0.913589
200	160	0.738477
200	161	0.70135
200	162	0.959655
200	163	0.800673
200	164	0.715349
200	165	0.753526
200	166	0.987764
200	167	0.94608
200	168	0.724557
200	169	0.713014
200	170	0.733984
200	171	0.683519
200	172	0.975859
200	173	0.688641
200	174	0.731773
200	175	0.704933
200	176	0.712576
200	177	0.817085
200	178	0.532387
200	179	0.542264
200	180	0.535426
200	181	0.537174
200	182	0.520983
200	183	0.524576
200	184	0.525979
200	185	0.527759
200	186	0.522419
200	187	0
200	188	0
200	189	0
200	190	0
200	191	0
200	192	0
200	193	0
200	194	0
200	195	0
200	196	0
200	197	0
200	198	0
200	199	0
200	201	0
200	202	0
200	203	0
200	204	0
200	205	0
200	206	0
200	207	0.300482
200	208	0.291312
200	209	0.417891
200	210	0.303738
200	211	0.382738
200	212	0.35257
200	213	0.318546
200	214	0.288016
200	215	0.30509
200	216	0.301983
200	217	0.287098
200	218	0.137879
200	219	0.308232
200	220	0.146785
200	221	0.275439
200	222	0.27393
200	223	0.148706
200	224	0.162069
200	225	0.160627
200	226	0.157564
200	227	0.170025
200	228	0.148832
200	229	0.166105
200	230	0.161828
200	231	0.149436
200	232	0.149875
200	233	0.179198
200	234	0.164228
200	235	0.546085
200	236	0.191715
200	237	0.19033
200	238	0.20585
200	239	0.206626
200	240	0
200	241	0.633072
200	242	0.630202
200	243	0.656984
200	244	0.603213
200	245	0.649218
200	246	0.66872
200	247	0.673259
200	248	0.711701
200	249	0.60299
200	250	0
200	251	0.643182
200	252	0.695636
200	253	0.703505
200	254	0.622744
200	255	0.694271
200	256	0.682523
201	1	0.805697
201	2	0.848949
201	3	0.796739
201	4	0.774623
201	5	0.809244
201	6	0.819155
201	7	0.813298
201	8	0.828937
201	9	0.79978
201	10	0.818758
201	11	0.758231
201	12	0.773245
201	13	0.831375
201	14	0.77048
201	15	0.827905
201	16	0.869462
201	17	0.864296
201	18	0.84777
201	19	0.848302
201	20	0.883864
201	21	0
201	22	0.901962
201	23	0.797036
201	24	0.825449
201	25	0
201	26	0.928223
201	27	0.893965
201	28	0.9219
201	29	0.812297
201	30	0.911334
201	31	0.920276
201	32	0.926643
201	33	0
201	34	0.868202
201	35	0.927085
201	36	0.861127
201	37	0.927455
201	38	0.130571
201	39	0.926858
201	40	0.930493
201	41	0.937481
201	42	0.896966
201	43	0.939231
201	44	0.90637
201	45	0.921022
201	46	0.923156
201	47	0.930214
201	48	0.862749
201	49	0.947259
201	50	0.908438
201	51	0.908152
201	52	0.91057
201	53	0.887518
201	54	0.685168
201	55	0.669223
201	56	0.665233
201	57	0
201	58	0
201	59	0
201	60	0
201	61	0
201	62	0.438315
201	63	0.413419
201	64	0.447619
201	65	0.599394
201	66	0.608768
201	67	0.595193
201	68	0.605519
201	69	0.616779
201	70	0.606047
201	71	0.609399
201	72	0.602207
201	73	0.627795
201	74	0.623452
201	75	0.61754
201	76	0.632572
201	77	0.644968
201	78	0.630217
201	79	0.65533
201	80	0.64363
201	81	0.656369
201	82	0.65113
201	83	0.661031
201	84	0.671294
201	85	0.658363
201	86	0.701629
201	87	0.712214
201	88	0.712172
201	89	0.700909
201	90	0.69869
201	91	0.7079
201	92	0.726258
201	93	0.723851
201	94	0.723934
201	95	0.724777
201	96	0.718543
201	97	0.739584
201	98	0.837097
201	99	0.745179
201	100	0.75126
201	101	0.753187
201	102	0.757568
201	103	0.71072
201	104	0.701137
201	105	0.761901
201	106	0.702729
201	107	0.667135
201	108	0.693037
201	109	0.694317
201	110	0.751586
201	111	0.759966
201	112	0.771572
201	113	0.728517
201	114	0.6804
201	115	0.782453
201	116	0.763998
201	117	0.790693
201	118	0.774842
201	119	0.795158
201	120	0.800733
201	121	0.801271
201	122	0.807007
201	123	0.799627
201	124	0.802002
201	125	0.822383
201	126	0.732851
201	127	0
201	128	0.833099
201	129	0.754423
201	130	0.762562
201	131	0.757602
201	132	0.762634
201	133	0.868212
201	134	0.866948
201	135	0.767906
201	136	0.775254
201	137	0.831593
201	138	0.970441
201	139	0.88801
201	140	0.920839
201	141	0.887611
201	142	0.83713
201	143	0.811589
201	144	0.83817
201	145	0.898521
201	146	0.826215
201	147	0.938207
201	148	0.857988
201	149	0.852353
201	150	0.823697
201	151	0.844129
201	152	0.850833
201	153	0.839568
201	154	0.912665
201	155	0.891597
201	156	0.936046
201	157	0.903376
201	158	0.852469
201	159	0.865334
201	160	0.92594
201	161	0.879695
201	162	0.818341
201	163	0.956048
201	164	0.898164
201	165	0.946099
201	166	0.803607
201	167	0.803933
201	168	0.908804
201	169	0.894326
201	170	0.920752
201	171	0.85733
201	172	0.795264
201	173	0.863754
201	174	0.917855
201	175	0.88419
201	176	0.893777
201	177	0.949771
201	178	0.667767
201	179	0.680156
201	180	0.671579
201	181	0.673772
201	182	0.653463
201	183	0.65797
201	184	0.65973
201	185	0.661963
201	186	0.655264
201	187	0
201	188	0
201	189	0
201	190	0
201	191	0
201	192	0
201	193	0
201	194	0
201	195	0
201	196	0
201	197	0
201	198	0
201	199	0
201	200	0
201	202	0
201	203	0
201	204	0
201	205	0
201	206	0
201	207	0.333782
201	208	0.323601
201	209	0.464201
201	210	0.337398
201	211	0.425153
201	212	0.391641
201	213	0.353847
201	214	0.319939
201	215	0.3389
201	216	0.335449
201	217	0.318914
201	218	0.153246
201	219	0.34239
201	220	0.163145
201	221	0.305964
201	222	0.304459
201	223	0.165279
201	224	0.180131
201	225	0.178529
201	226	0.175124
201	227	0.188975
201	228	0.165419
201	229	0.184618
201	230	0.179863
201	231	0.166091
201	232	0.166579
201	233	0.19917
201	234	0.182531
201	235	0.606924
201	236	0.213082
201	237	0.211543
201	238	0.228793
201	239	0.229655
201	240	0
201	241	0.699557
201	242	0.696385
201	243	0.754729
201	244	0.692958
201	245	0.745955
201	246	0.767927
201	247	0.772943
201	248	0.790571
201	249	0.699858
201	250	0
201	251	0.738874
201	252	0.795351
201	253	0.793982
201	254	0.722785
201	255	0.793605
201	256	0.783777
202	1	0.731835
202	2	0.714759
202	3	0.732293
202	4	0.680542
202	5	0.724794
202	6	0.744081
202	7	0.748517
202	8	0.755894
202	9	0.736076
202	10	0.753542
202	11	0.626077
202	12	0.723006
202	13	0.777359
202	14	0.636191
202	15	0.774115
202	16	0.746833
202	17	0.803429
202	18	0.799331
202	19	0.728658
202	20	0.729019
202	21	0
202	22	0.779376
202	23	0.641057
202	24	0.859999
202	25	0
202	26	0.753924
202	27	0.72294
202	28	0.749417
202	29	0.940051
202	30	0.741764
202	31	0.744747
202	32	0.759672
202	33	0
202	34	0.698296
202	35	0.769061
202	36	0.692606
202	37	0.74922
202	38	0.154448
202	39	0.762256
202	40	0.76318
202	41	0.756677
202	42	0.722232
202	43	0.765437
202	44	0.863419
202	45	0.850334
202	46	0.773038
202	47	0.838373
202	48	0.695282
202	49	0.825503
202	50	0.732684
202	51	0.779727
202	52	0.797673
202	53	0.77979
202	54	0.552171
202	55	0.539321
202	56	0.536105
202	57	0
202	58	0
202	59	0
202	60	0
202	61	0
202	62	0.397956
202	63	0.375353
202	64	0.406403
202	65	0.544203
202	66	0.552714
202	67	0.540389
202	68	0.549765
202	69	0.559988
202	70	0.550244
202	71	0.553287
202	72	0.546757
202	73	0.569989
202	74	0.566046
202	75	0.560679
202	76	0.574327
202	77	0.585582
202	78	0.572189
202	79	0.594989
202	80	0.584367
202	81	0.595933
202	82	0.591176
202	83	0.600166
202	84	0.609483
202	85	0.597743
202	86	0.640368
202	87	0.650029
202	88	0.649991
202	89	0.636371
202	90	0.637686
202	91	0.643852
202	92	0.662847
202	93	0.65836
202	94	0.660726
202	95	0.658042
202	96	0.652382
202	97	0.67501
202	98	0.762486
202	99	0.678916
202	100	0.684157
202	101	0.686291
202	102	0.687864
202	103	0.628618
202	104	0.615772
202	105	0.678659
202	106	0.617171
202	107	0.58591
202	108	0.608659
202	109	0.609782
202	110	0.666993
202	111	0.671576
202	112	0.678438
202	113	0.639819
202	114	0.59756
202	115	0.687188
202	116	0.670979
202	117	0.697886
202	118	0.680504
202	119	0.698346
202	120	0.712046
202	121	0.727492
202	122	0.714202
202	123	0.702271
202	124	0.704915
202	125	0.723868
202	126	0.625062
202	127	0
202	128	0.731668
202	129	0.643459
202	130	0.629001
202	131	0.62491
202	132	0.62906
202	133	0.7625
202	134	0.770003
202	135	0.633409
202	136	0.63947
202	137	0.777301
202	138	0.800276
202	139	0.787104
202	140	0.755928
202	141	0.784578
202	142	0.863332
202	143	0.938121
202	144	0.940101
202	145	0.723418
202	146	0.955027
202	147	0.76151
202	148	0.792369
202	149	0.800946
202	150	0.962479
202	151	0.946956
202	152	0.927649
202	153	0.954059
202	154	0.734805
202	155	0.884047
202	156	0.754279
202	157	0.878175
202	158	0.939433
202	159	0.92227
202	160	0.745494
202	161	0.708014
202	162	0.979088
202	163	0.808281
202	164	0.722146
202	165	0.760686
202	166	0.954682
202	167	0.993232
202	168	0.731442
202	169	0.719789
202	170	0.740958
202	171	0.690013
202	172	0.94477
202	173	0.695184
202	174	0.738726
202	175	0.711632
202	176	0.719347
202	177	0.824849
202	178	0.537446
202	179	0.547417
202	180	0.540513
202	181	0.542279
202	182	0.525933
202	183	0.52956
202	184	0.530977
202	185	0.532774
202	186	0.527383
202	187	0
202	188	0
202	189	0
202	190	0
202	191	0
202	192	0
202	193	0
202	194	0
202	195	0
202	196	0
202	197	0
202	198	0
202	199	0
202	200	0
202	201	0
202	203	0
202	204	0
202	205	0
202	206	0
202	207	0.303182
202	208	0.29393
202	209	0.421645
202	210	0.306467
202	211	0.386177
202	212	0.355738
202	213	0.321408
202	214	0.290604
202	215	0.307831
202	216	0.304696
202	217	0.289678
202	218	0.139136
202	219	0.311001
202	220	0.148123
202	221	0.277914
202	222	0.276426
202	223	0.150061
202	224	0.163545
202	225	0.162091
202	226	0.158999
202	227	0.171575
202	228	0.150188
202	229	0.167619
202	230	0.163302
202	231	0.150798
202	232	0.151241
202	233	0.180831
202	234	0.165724
202	235	0.55104
202	236	0.193462
202	237	0.192064
202	238	0.207726
202	239	0.208509
202	240	0
202	241	0.638694
202	242	0.635798
202	243	0.662839
202	244	0.608589
202	245	0.655133
202	246	0.674659
202	247	0.679237
202	248	0.718095
202	249	0.608345
202	250	0
202	251	0.648915
202	252	0.701813
202	253	0.709826
202	254	0.628274
202	255	0.70053
202	256	0.688584
203	1	0.733961
203	2	0.783184
203	3	0.7258
203	4	0.708885
203	5	0.737862
203	6	0.74622
203	7	0.740885
203	8	0.756219
203	9	0.72857
203	10	0.745858
203	11	0.70395
203	12	0.703261
203	13	0.75613
203	14	0.715322
203	15	0.752974
203	16	0.792048
203	17	0.786071
203	18	0.771041
203	19	0.772772
203	20	0.810427
203	21	0
203	22	0.821654
203	23	0.854155
203	24	0.751821
203	25	0
203	26	0.885843
203	27	0.906874
203	28	0.892039
203	29	0.719965
203	30	0.899438
203	31	0.909944
203	32	0.902494
203	33	0
203	34	0.923705
203	35	0.900803
203	36	0.922839
203	37	0.915895
203	38	0.11573
203	39	0.904497
203	40	0.90779
203	41	0.917684
203	42	0.949405
203	43	0.920646
203	44	0.818116
203	45	0.830929
203	46	0.915766
203	47	0.840817
203	48	0.939772
203	49	0.846305
203	50	0.949812
203	51	0.878563
203	52	0.866615
203	53	0.840947
203	54	0.749794
203	55	0.732345
203	56	0.727979
203	57	0
203	58	0
203	59	0
203	60	0
203	61	0
203	62	0.399864
203	63	0.377152
203	64	0.408352
203	65	0.546812
203	66	0.555364
203	67	0.54298
203	68	0.5524
203	69	0.562672
203	70	0.552882
203	71	0.55594
203	72	0.549378
203	73	0.572722
203	74	0.56876
203	75	0.563367
203	76	0.57708
203	77	0.588389
203	78	0.574932
203	79	0.597842
203	80	0.587168
203	81	0.598789
203	82	0.59401
203	83	0.603043
203	84	0.612405
203	85	0.600609
203	86	0.640079
203	87	0.649735
203	88	0.649697
203	89	0.639422
203	90	0.637398
203	91	0.6458
203	92	0.662548
203	93	0.660351
203	94	0.660428
203	95	0.661197
203	96	0.655509
203	97	0.674705
203	98	0.763663
203	99	0.679809
203	100	0.685356
203	101	0.687114
203	102	0.691111
203	103	0.648372
203	104	0.63963
203	105	0.695063
203	106	0.641083
203	107	0.608611
203	108	0.632241
203	109	0.633408
203	110	0.685653
203	111	0.693298
203	112	0.703886
203	113	0.664608
203	114	0.622538
203	115	0.713813
203	116	0.696976
203	117	0.72133
203	118	0.70687
203	119	0.725403
203	120	0.730489
203	121	0.73098
203	122	0.736213
203	123	0.72948
203	124	0.731647
203	125	0.75024
203	126	0.675607
203	127	0
203	128	0.760016
203	129	0.695494
203	130	0.707078
203	131	0.702479
203	132	0.707144
203	133	0.792049
203	134	0.790896
203	135	0.712033
203	136	0.718847
203	137	0.757418
203	138	0.866121
203	139	0.808802
203	140	0.862104
203	141	0.808439
203	142	0.762461
203	143	0.719338
203	144	0.742897
203	145	0.911495
203	146	0.732301
203	147	0.892212
203	148	0.766375
203	149	0.757922
203	150	0.730069
203	151	0.748179
203	152	0.75412
203	153	0.744137
203	154	0.921424
203	155	0.790251
203	156	0.911651
203	157	0.800691
203	158	0.755571
203	159	0.766974
203	160	0.92259
203	161	0.95213
203	162	0.725322
203	163	0.847438
203	164	0.947597
203	165	0.920222
203	166	0.712263
203	167	0.712552
203	168	0.957189
203	169	0.967822
203	170	0.94713
203	171	0.92838
203	172	0.704868
203	173	0.936677
203	174	0.959658
203	175	0.968452
203	176	0.983352
203	177	0.845792
203	178	0.730706
203	179	0.744262
203	180	0.734876
203	181	0.737276
203	182	0.715053
203	183	0.719984
203	184	0.72191
203	185	0.724354
203	186	0.717024
203	187	0
203	188	0
203	189	0
203	190	0
203	191	0
203	192	0
203	193	0
203	194	0
203	195	0
203	196	0
203	197	0
203	198	0
203	199	0
203	200	0
203	201	0
203	202	0
203	204	0
203	205	0
203	206	0
203	207	0.304444
203	208	0.295213
203	209	0.4234
203	210	0.307743
203	211	0.387784
203	212	0.357218
203	213	0.322745
203	214	0.291872
203	215	0.309112
203	216	0.305964
203	217	0.290883
203	218	0.139803
203	219	0.312296
203	220	0.148833
203	221	0.279071
203	222	0.277751
203	223	0.15078
203	224	0.164329
203	225	0.162868
203	226	0.159762
203	227	0.172397
203	228	0.150908
203	229	0.168422
203	230	0.164085
203	231	0.151521
203	232	0.151966
203	233	0.181698
203	234	0.166518
203	235	0.553682
203	236	0.194389
203	237	0.192985
203	238	0.208722
203	239	0.209509
203	240	0
203	241	0.63745
203	242	0.634689
203	243	0.688521
203	244	0.632169
203	245	0.680516
203	246	0.70021
203	247	0.705137
203	248	0.720181
203	249	0.645608
203	250	0
203	251	0.678942
203	252	0.72558
203	253	0.72433
203	254	0.666759
203	255	0.723986
203	256	0.714544
204	1	0.783131
204	2	0.825172
204	3	0.774424
204	4	0.752928
204	5	0.786578
204	6	0.796212
204	7	0.79052
204	8	0.80572
204	9	0.77738
204	10	0.795826
204	11	0.736994
204	12	0.751588
204	13	0.80809
204	14	0.7489
204	15	0.804718
204	16	0.84511
204	17	0.840089
204	18	0.824025
204	19	0.824543
204	20	0.859108
204	21	0
204	22	0.8767
204	23	0.782699
204	24	0.80233
204	25	0
204	26	0.903451
204	27	0.877886
204	28	0.897296
204	29	0.818404
204	30	0.892738
204	31	0.903723
204	32	0.909976
204	33	0
204	34	0.852585
204	35	0.907201
204	36	0.845638
204	37	0.910773
204	38	0.131553
204	39	0.910187
204	40	0.913757
204	41	0.920619
204	42	0.880832
204	43	0.922337
204	44	0.923157
204	45	0.938081
204	46	0.906551
204	47	0.947443
204	48	0.848091
204	49	0.964804
204	50	0.893003
204	51	0.90041
204	52	0.924687
204	53	0.903957
204	54	0.673527
204	55	0.657852
204	56	0.65393
204	57	0
204	58	0
204	59	0
204	60	0
204	61	0
204	62	0.426038
204	63	0.40184
204	64	0.435082
204	65	0.582606
204	66	0.591718
204	67	0.578523
204	68	0.58856
204	69	0.599504
204	70	0.589073
204	71	0.592331
204	72	0.58534
204	73	0.610211
204	74	0.60599
204	75	0.600244
204	76	0.614855
204	77	0.626904
204	78	0.612566
204	79	0.636976
204	80	0.625603
204	81	0.637986
204	82	0.632893
204	83	0.642517
204	84	0.652493
204	85	0.639924
204	86	0.681978
204	87	0.692266
204	88	0.692225
204	89	0.681278
204	90	0.679122
204	91	0.688073
204	92	0.705918
204	93	0.703577
204	94	0.703659
204	95	0.704478
204	96	0.698418
204	97	0.71887
204	98	0.813651
204	99	0.724308
204	100	0.730219
204	101	0.732092
204	102	0.73635
204	103	0.690814
204	104	0.6815
204	105	0.740561
204	106	0.683047
204	107	0.64845
204	108	0.673627
204	109	0.67487
204	110	0.730535
204	111	0.738681
204	112	0.749962
204	113	0.708113
204	114	0.661344
204	115	0.760538
204	116	0.7426
204	117	0.768547
204	118	0.75314
204	119	0.772887
204	120	0.778306
204	121	0.778829
204	122	0.784405
204	123	0.777231
204	124	0.77954
204	125	0.799349
204	126	0.712325
204	127	0
204	128	0.809766
204	129	0.733293
204	130	0.741204
204	131	0.736383
204	132	0.741274
204	133	0.843895
204	134	0.842667
204	135	0.746399
204	136	0.753541
204	137	0.808302
204	138	0.943261
204	139	0.863138
204	140	0.895048
204	141	0.862751
204	142	0.813683
204	143	0.817691
204	144	0.844471
204	145	0.88236
204	146	0.832426
204	147	0.913168
204	148	0.84865
204	149	0.857837
204	150	0.829889
204	151	0.850475
204	152	0.857229
204	153	0.84588
204	154	0.896249
204	155	0.8983
204	156	0.919209
204	157	0.910167
204	158	0.858878
204	159	0.87184
204	160	0.909286
204	161	0.864749
204	162	0.824493
204	163	0.951849
204	164	0.882009
204	165	0.929081
204	166	0.809648
204	167	0.809977
204	168	0.893363
204	169	0.87913
204	170	0.904986
204	171	0.842764
204	172	0.801243
204	173	0.849079
204	174	0.90226
204	175	0.869167
204	176	0.878591
204	177	0.967363
204	178	0.656422
204	179	0.6686
204	180	0.660168
204	181	0.662324
204	182	0.64236
204	183	0.64679
204	184	0.64852
204	185	0.650716
204	186	0.644131
204	187	0
204	188	0
204	189	0
204	190	0
204	191	0
204	192	0
204	193	0
204	194	0
204	195	0
204	196	0
204	197	0
204	198	0
204	199	0
204	200	0
204	201	0
204	202	0
204	203	0
204	205	0
204	206	0
204	207	0.324433
204	208	0.314537
204	209	0.4512
204	210	0.327948
204	211	0.413246
204	212	0.380672
204	213	0.343936
204	214	0.310978
204	215	0.329408
204	216	0.326054
204	217	0.309982
204	218	0.148954
204	219	0.3328
204	220	0.158575
204	221	0.297394
204	222	0.295932
204	223	0.16065
204	224	0.175086
204	225	0.173529
204	226	0.170219
204	227	0.183682
204	228	0.160786
204	229	0.179447
204	230	0.174826
204	231	0.161439
204	232	0.161913
204	233	0.193592
204	234	0.177418
204	235	0.589925
204	236	0.207114
204	237	0.205618
204	238	0.222385
204	239	0.223223
204	240	0
204	241	0.679964
204	242	0.676881
204	243	0.73359
204	244	0.67355
204	245	0.725062
204	246	0.746419
204	247	0.751294
204	248	0.768429
204	249	0.680256
204	250	0
204	251	0.71818
204	252	0.773075
204	253	0.771744
204	254	0.702541
204	255	0.771378
204	256	0.761825
205	1	0.549195
205	2	0.588124
205	3	0.543088
205	4	0.532329
205	5	0.551612
205	6	0.558368
205	7	0.554376
205	8	0.565309
205	9	0.545161
205	10	0.558097
205	11	0.528623
205	12	0.526224
205	13	0.565783
205	14	0.537163
205	15	0.563422
205	16	0.592854
205	17	0.588187
205	18	0.57694
205	19	0.578236
205	20	0.606944
205	21	0
205	22	0.614812
205	23	0.654828
205	24	0.562021
205	25	0
205	26	0.665214
205	27	0.683991
205	28	0.669867
205	29	0.533713
205	30	0.676522
205	31	0.683312
205	32	0.677717
205	33	0
205	34	0.704735
205	35	0.674629
205	36	0.706334
205	37	0.687781
205	38	0.0857911
205	39	0.677933
205	40	0.679986
205	41	0.687271
205	42	0.714099
205	43	0.685451
205	44	0.607053
205	45	0.61656
205	46	0.67951
205	47	0.623897
205	48	0.737687
205	49	0.62797
205	50	0.698898
205	51	0.651905
205	52	0.64304
205	53	0.623994
205	54	0.951708
205	55	0.965131
205	56	0.980665
205	57	0
205	58	0
205	59	0
205	60	0
205	61	0
205	62	0.298917
205	63	0.281939
205	64	0.305262
205	65	0.408767
205	66	0.41516
205	67	0.405903
205	68	0.412945
205	69	0.420624
205	70	0.413305
205	71	0.415591
205	72	0.410686
205	73	0.428136
205	74	0.425174
205	75	0.421143
205	76	0.431394
205	77	0.439848
205	78	0.429788
205	79	0.446914
205	80	0.438935
205	81	0.447623
205	82	0.44405
205	83	0.450802
205	84	0.457801
205	85	0.448983
205	86	0.478489
205	87	0.485707
205	88	0.485679
205	89	0.477998
205	90	0.476485
205	91	0.482765
205	92	0.495285
205	93	0.493644
205	94	0.4937
205	95	0.494275
205	96	0.490024
205	97	0.504373
205	98	0.570873
205	99	0.508189
205	100	0.512336
205	101	0.51365
205	102	0.516637
205	103	0.485193
205	104	0.478651
205	105	0.519592
205	106	0.479738
205	107	0.455613
205	108	0.473302
205	109	0.474176
205	110	0.512558
205	111	0.518273
205	112	0.526188
205	113	0.498892
205	114	0.467488
205	115	0.534164
205	116	0.521565
205	117	0.539228
205	118	0.528968
205	119	0.542837
205	120	0.546075
205	121	0.546441
205	122	0.550354
205	123	0.545888
205	124	0.54694
205	125	0.560839
205	126	0.507339
205	127	0
205	128	0.568147
205	129	0.522273
205	130	0.530972
205	131	0.527519
205	132	0.531022
205	133	0.592093
205	134	0.591231
205	135	0.534694
205	136	0.53981
205	137	0.566205
205	138	0.645476
205	139	0.604617
205	140	0.647387
205	141	0.604346
205	142	0.569975
205	143	0.533248
205	144	0.550712
205	145	0.687477
205	146	0.542857
205	147	0.669996
205	148	0.572757
205	149	0.566439
205	150	0.541203
205	151	0.554628
205	152	0.559032
205	153	0.551631
205	154	0.694534
205	155	0.585816
205	156	0.684594
205	157	0.593555
205	158	0.560108
205	159	0.56856
205	160	0.692808
205	161	0.73368
205	162	0.537684
205	163	0.629909
205	164	0.714813
205	165	0.688818
205	166	0.528003
205	167	0.528217
205	168	0.71879
205	169	0.727952
205	170	0.709035
205	171	0.726182
205	172	0.522521
205	173	0.73274
205	174	0.706143
205	175	0.738141
205	176	0.720349
205	177	0.626989
205	178	0.976613
205	179	0.9609
205	180	0.971018
205	181	0.958191
205	182	0.990312
205	183	0.993335
205	184	0.976699
205	185	0.969
205	186	0.975031
205	187	0
205	188	0
205	189	0
205	190	0
205	191	0
205	192	0
205	193	0
205	194	0
205	195	0
205	196	0
205	197	0
205	198	0
205	199	0
205	200	0
205	201	0
205	202	0
205	203	0
205	204	0
205	206	0
205	207	0.227586
205	208	0.220685
205	209	0.316511
205	210	0.230052
205	211	0.289887
205	212	0.267037
205	213	0.241267
205	214	0.218188
205	215	0.231076
205	216	0.228723
205	217	0.217449
205	218	0.104509
205	219	0.233455
205	220	0.111259
205	221	0.208618
205	222	0.207632
205	223	0.112715
205	224	0.122844
205	225	0.121751
205	226	0.119429
205	227	0.128875
205	228	0.11281
205	229	0.125903
205	230	0.122661
205	231	0.113269
205	232	0.113601
205	233	0.135828
205	234	0.12448
205	235	0.413903
205	236	0.145315
205	237	0.144265
205	238	0.156029
205	239	0.156617
205	240	0
205	241	0.476846
205	242	0.474684
205	243	0.515337
205	244	0.47334
205	245	0.509247
205	246	0.524543
205	247	0.527225
205	248	0.538884
205	249	0.484812
205	250	0
205	251	0.509844
205	252	0.542405
205	253	0.54147
205	254	0.500695
205	255	0.541213
205	256	0.53537
206	1	0.548882
206	2	0.587174
206	3	0.542779
206	4	0.53147
206	5	0.551298
206	6	0.55805
206	7	0.554061
206	8	0.564486
206	9	0.544851
206	10	0.55778
206	11	0.527769
206	12	0.525924
206	13	0.565461
206	14	0.536295
206	15	0.563102
206	16	0.592322
206	17	0.587853
206	18	0.576612
206	19	0.577907
206	20	0.606599
206	21	0
206	22	0.614463
206	23	0.654193
206	24	0.561327
206	25	0
206	26	0.664114
206	27	0.682861
206	28	0.668759
206	29	0.533048
206	30	0.676137
206	31	0.682359
206	32	0.677284
206	33	0
206	34	0.704334
206	35	0.674245
206	36	0.705649
206	37	0.687163
206	38	0.0857003
206	39	0.677547
206	40	0.679599
206	41	0.68688
206	42	0.71369
206	43	0.685061
206	44	0.606707
206	45	0.616209
206	46	0.679124
206	47	0.623542
206	48	0.737268
206	49	0.627612
206	50	0.698494
206	51	0.651534
206	52	0.642674
206	53	0.623639
206	54	0.951166
206	55	0.971207
206	56	0.975265
206	57	0
206	58	0
206	59	0
206	60	0
206	61	0
206	62	0.298423
206	63	0.281473
206	64	0.304757
206	65	0.408092
206	66	0.414474
206	67	0.405232
206	68	0.412262
206	69	0.419928
206	70	0.412622
206	71	0.414904
206	72	0.410007
206	73	0.427428
206	74	0.424472
206	75	0.420447
206	76	0.430681
206	77	0.439121
206	78	0.429078
206	79	0.446175
206	80	0.43821
206	81	0.446883
206	82	0.443316
206	83	0.450057
206	84	0.457045
206	85	0.448241
206	86	0.477698
206	87	0.484904
206	88	0.484876
206	89	0.477207
206	90	0.475697
206	91	0.481967
206	92	0.494467
206	93	0.492827
206	94	0.492884
206	95	0.493458
206	96	0.489214
206	97	0.503539
206	98	0.56993
206	99	0.507348
206	100	0.511489
206	101	0.512801
206	102	0.515783
206	103	0.484391
206	104	0.47786
206	105	0.518733
206	106	0.478945
206	107	0.454859
206	108	0.47252
206	109	0.473392
206	110	0.51171
206	111	0.517416
206	112	0.525318
206	113	0.498067
206	114	0.466715
206	115	0.53328
206	116	0.520702
206	117	0.538336
206	118	0.528093
206	119	0.541939
206	120	0.545172
206	121	0.545538
206	122	0.549444
206	123	0.544986
206	124	0.546036
206	125	0.559912
206	126	0.5065
206	127	0
206	128	0.567208
206	129	0.52141
206	130	0.530095
206	131	0.526647
206	132	0.530144
206	133	0.591114
206	134	0.590254
206	135	0.53381
206	136	0.538917
206	137	0.565269
206	138	0.644409
206	139	0.603618
206	140	0.646317
206	141	0.603347
206	142	0.569032
206	143	0.532366
206	144	0.549802
206	145	0.686341
206	146	0.54196
206	147	0.668889
206	148	0.57181
206	149	0.565503
206	150	0.540308
206	151	0.553711
206	152	0.558108
206	153	0.550719
206	154	0.693386
206	155	0.584848
206	156	0.683462
206	157	0.592574
206	158	0.559182
206	159	0.56762
206	160	0.691663
206	161	0.732467
206	162	0.536795
206	163	0.628868
206	164	0.713631
206	165	0.687679
206	166	0.52713
206	167	0.527344
206	168	0.717602
206	169	0.726748
206	170	0.707863
206	171	0.724981
206	172	0.521657
206	173	0.731528
206	174	0.704976
206	175	0.736921
206	176	0.719158
206	177	0.625952
206	178	0.961527
206	179	0.956924
206	180	0.972558
206	181	0.962231
206	182	0.965715
206	183	0.976794
206	184	0.985584
206	185	0.977516
206	186	0.996869
206	187	0
206	188	0
206	189	0
206	190	0
206	191	0
206	192	0
206	193	0
206	194	0
206	195	0
206	196	0
206	197	0
206	198	0
206	199	0
206	200	0
206	201	0
206	202	0
206	203	0
206	204	0
206	205	0
206	207	0.227389
206	208	0.22045
206	209	0.316237
206	210	0.229853
206	211	0.289636
206	212	0.266806
206	213	0.241059
206	214	0.217955
206	215	0.230876
206	216	0.228525
206	217	0.217261
206	218	0.104336
206	219	0.233254
206	220	0.111075
206	221	0.208438
206	222	0.207288
206	223	0.112529
206	224	0.122641
206	225	0.12155
206	226	0.119232
206	227	0.128662
206	228	0.112624
206	229	0.125695
206	230	0.122458
206	231	0.113082
206	232	0.113413
206	233	0.135603
206	234	0.124274
206	235	0.413248
206	236	0.145075
206	237	0.144027
206	238	0.155771
206	239	0.156358
206	240	0
206	241	0.476574
206	242	0.474414
206	243	0.514504
206	244	0.472575
206	245	0.508405
206	246	0.523696
206	247	0.526354
206	248	0.538578
206	249	0.484029
206	250	0
206	251	0.50902
206	252	0.541508
206	253	0.54061
206	254	0.499886
206	255	0.540319
206	256	0.534505
207	1	0
207	2	0
207	3	0
207	4	0
207	5	0
207	6	0
207	7	0
207	8	0
207	9	0
207	10	0
207	11	0
207	12	0
207	13	0
207	14	0
207	15	0
207	16	0
207	17	0
207	18	0
207	19	0
207	20	0
207	21	0
207	22	0
207	23	0
207	24	0
207	25	0
207	26	0
207	27	0
207	28	0
207	29	0
207	30	0
207	31	0
207	32	0
207	33	0
207	34	0
207	35	0
207	36	0
207	37	0
207	38	0
207	39	0
207	40	0
207	41	0
207	42	0
207	43	0
207	44	0
207	45	0
207	46	0
207	47	0
207	48	0
207	49	0
207	50	0
207	51	0
207	52	0
207	53	0
207	54	0
207	55	0
207	56	0
207	57	0
207	58	0
207	59	0
207	60	0
207	61	0
207	62	0
207	63	0
207	64	0
207	65	0
207	66	0
207	67	0
207	68	0
207	69	0
207	70	0
207	71	0
207	72	0
207	73	0
207	74	0
207	75	0
207	76	0
207	77	0
207	78	0
207	79	0
207	80	0
207	81	0
207	82	0
207	83	0
207	84	0
207	85	0
207	86	0
207	87	0
207	88	0
207	89	0
207	90	0
207	91	0
207	92	0
207	93	0
207	94	0
207	95	0
207	96	0
207	97	0
207	98	0
207	99	0
207	100	0
207	101	0
207	102	0
207	103	0
207	104	0
207	105	0
207	106	0
207	107	0
207	108	0
207	109	0
207	110	0
207	111	0
207	112	0
207	113	0
207	114	0
207	115	0
207	116	0
207	117	0
207	118	0
207	119	0
207	120	0
207	121	0
207	122	0
207	123	0
207	124	0
207	125	0
207	126	0
207	127	0
207	128	0
207	129	0
207	130	0
207	131	0
207	132	0
207	133	0
207	134	0
207	135	0
207	136	0
207	137	0
207	138	0
207	139	0
207	140	0
207	141	0
207	142	0
207	143	0
207	144	0
207	145	0
207	146	0
207	147	0
207	148	0
207	149	0
207	150	0
207	151	0
207	152	0
207	153	0
207	154	0
207	155	0
207	156	0
207	157	0
207	158	0
207	159	0
207	160	0
207	161	0
207	162	0
207	163	0
207	164	0
207	165	0
207	166	0
207	167	0
207	168	0
207	169	0
207	170	0
207	171	0
207	172	0
207	173	0
207	174	0
207	175	0
207	176	0
207	177	0
207	178	0
207	179	0
207	180	0
207	181	0
207	182	0
207	183	0
207	184	0
207	185	0
207	186	0
207	187	0
207	188	0
207	189	0
207	190	0
207	191	0
207	192	0
207	193	0
207	194	0
207	195	0
207	196	0
207	197	0
207	198	0
207	199	0
207	200	0
207	201	0
207	202	0
207	203	0
207	204	0
207	205	0
207	206	0
207	208	0
207	209	0
207	210	0
207	211	0
207	212	0
207	213	0
207	214	0
207	215	0
207	216	0
207	217	0
207	218	0
207	219	0
207	220	0
207	221	0
207	222	0
207	223	0
207	224	0
207	225	0
207	226	0
207	227	0
207	228	0
207	229	0
207	230	0
207	231	0
207	232	0
207	233	0
207	234	0
207	235	0
207	236	0
207	237	0
207	238	0
207	239	0
207	240	0
207	241	0
207	242	0
207	243	0
207	244	0
207	245	0
207	246	0
207	247	0
207	248	0
207	249	0
207	250	0
207	251	0
207	252	0
207	253	0
207	254	0
207	255	0
207	256	0
208	1	0
208	2	0
208	3	0
208	4	0
208	5	0
208	6	0
208	7	0
208	8	0
208	9	0
208	10	0
208	11	0
208	12	0
208	13	0
208	14	0
208	15	0
208	16	0
208	17	0
208	18	0
208	19	0
208	20	0
208	21	0
208	22	0
208	23	0
208	24	0
208	25	0
208	26	0
208	27	0
208	28	0
208	29	0
208	30	0
208	31	0
208	32	0
208	33	0
208	34	0
208	35	0
208	36	0
208	37	0
208	38	0
208	39	0
208	40	0
208	41	0
208	42	0
208	43	0
208	44	0
208	45	0
208	46	0
208	47	0
208	48	0
208	49	0
208	50	0
208	51	0
208	52	0
208	53	0
208	54	0
208	55	0
208	56	0
208	57	0
208	58	0
208	59	0
208	60	0
208	61	0
208	62	0
208	63	0
208	64	0
208	65	0
208	66	0
208	67	0
208	68	0
208	69	0
208	70	0
208	71	0
208	72	0
208	73	0
208	74	0
208	75	0
208	76	0
208	77	0
208	78	0
208	79	0
208	80	0
208	81	0
208	82	0
208	83	0
208	84	0
208	85	0
208	86	0
208	87	0
208	88	0
208	89	0
208	90	0
208	91	0
208	92	0
208	93	0
208	94	0
208	95	0
208	96	0
208	97	0
208	98	0
208	99	0
208	100	0
208	101	0
208	102	0
208	103	0
208	104	0
208	105	0
208	106	0
208	107	0
208	108	0
208	109	0
208	110	0
208	111	0
208	112	0
208	113	0
208	114	0
208	115	0
208	116	0
208	117	0
208	118	0
208	119	0
208	120	0
208	121	0
208	122	0
208	123	0
208	124	0
208	125	0
208	126	0
208	127	0
208	128	0
208	129	0
208	130	0
208	131	0
208	132	0
208	133	0
208	134	0
208	135	0
208	136	0
208	137	0
208	138	0
208	139	0
208	140	0
208	141	0
208	142	0
208	143	0
208	144	0
208	145	0
208	146	0
208	147	0
208	148	0
208	149	0
208	150	0
208	151	0
208	152	0
208	153	0
208	154	0
208	155	0
208	156	0
208	157	0
208	158	0
208	159	0
208	160	0
208	161	0
208	162	0
208	163	0
208	164	0
208	165	0
208	166	0
208	167	0
208	168	0
208	169	0
208	170	0
208	171	0
208	172	0
208	173	0
208	174	0
208	175	0
208	176	0
208	177	0
208	178	0
208	179	0
208	180	0
208	181	0
208	182	0
208	183	0
208	184	0
208	185	0
208	186	0
208	187	0
208	188	0
208	189	0
208	190	0
208	191	0
208	192	0
208	193	0
208	194	0
208	195	0
208	196	0
208	197	0
208	198	0
208	199	0
208	200	0
208	201	0
208	202	0
208	203	0
208	204	0
208	205	0
208	206	0
208	207	0
208	209	0
208	210	0
208	211	0
208	212	0
208	213	0
208	214	0
208	215	0
208	216	0
208	217	0
208	218	0
208	219	0
208	220	0
208	221	0
208	222	0
208	223	0
208	224	0
208	225	0
208	226	0
208	227	0
208	228	0
208	229	0
208	230	0
208	231	0
208	232	0
208	233	0
208	234	0
208	235	0
208	236	0
208	237	0
208	238	0
208	239	0
208	240	0
208	241	0
208	242	0
208	243	0
208	244	0
208	245	0
208	246	0
208	247	0
208	248	0
208	249	0
208	250	0
208	251	0
208	252	0
208	253	0
208	254	0
208	255	0
208	256	0
209	1	0
209	2	0
209	3	0
209	4	0
209	5	0
209	6	0
209	7	0
209	8	0
209	9	0
209	10	0
209	11	0
209	12	0
209	13	0
209	14	0
209	15	0
209	16	0
209	17	0
209	18	0
209	19	0
209	20	0
209	21	0
209	22	0
209	23	0
209	24	0
209	25	0
209	26	0
209	27	0
209	28	0
209	29	0
209	30	0
209	31	0
209	32	0
209	33	0
209	34	0
209	35	0
209	36	0
209	37	0
209	38	0
209	39	0
209	40	0
209	41	0
209	42	0
209	43	0
209	44	0
209	45	0
209	46	0
209	47	0
209	48	0
209	49	0
209	50	0
209	51	0
209	52	0
209	53	0
209	54	0
209	55	0
209	56	0
209	57	0
209	58	0
209	59	0
209	60	0
209	61	0
209	62	0
209	63	0
209	64	0
209	65	0
209	66	0
209	67	0
209	68	0
209	69	0
209	70	0
209	71	0
209	72	0
209	73	0
209	74	0
209	75	0
209	76	0
209	77	0
209	78	0
209	79	0
209	80	0
209	81	0
209	82	0
209	83	0
209	84	0
209	85	0
209	86	0
209	87	0
209	88	0
209	89	0
209	90	0
209	91	0
209	92	0
209	93	0
209	94	0
209	95	0
209	96	0
209	97	0
209	98	0
209	99	0
209	100	0
209	101	0
209	102	0
209	103	0
209	104	0
209	105	0
209	106	0
209	107	0
209	108	0
209	109	0
209	110	0
209	111	0
209	112	0
209	113	0
209	114	0
209	115	0
209	116	0
209	117	0
209	118	0
209	119	0
209	120	0
209	121	0
209	122	0
209	123	0
209	124	0
209	125	0
209	126	0
209	127	0
209	128	0
209	129	0
209	130	0
209	131	0
209	132	0
209	133	0
209	134	0
209	135	0
209	136	0
209	137	0
209	138	0
209	139	0
209	140	0
209	141	0
209	142	0
209	143	0
209	144	0
209	145	0
209	146	0
209	147	0
209	148	0
209	149	0
209	150	0
209	151	0
209	152	0
209	153	0
209	154	0
209	155	0
209	156	0
209	157	0
209	158	0
209	159	0
209	160	0
209	161	0
209	162	0
209	163	0
209	164	0
209	165	0
209	166	0
209	167	0
209	168	0
209	169	0
209	170	0
209	171	0
209	172	0
209	173	0
209	174	0
209	175	0
209	176	0
209	177	0
209	178	0
209	179	0
209	180	0
209	181	0
209	182	0
209	183	0
209	184	0
209	185	0
209	186	0
209	187	0
209	188	0
209	189	0
209	190	0
209	191	0
209	192	0
209	193	0
209	194	0
209	195	0
209	196	0
209	197	0
209	198	0
209	199	0
209	200	0
209	201	0
209	202	0
209	203	0
209	204	0
209	205	0
209	206	0
209	207	0
209	208	0
209	210	0
209	211	0
209	212	0
209	213	0
209	214	0
209	215	0
209	216	0
209	217	0
209	218	0
209	219	0
209	220	0
209	221	0
209	222	0
209	223	0
209	224	0
209	225	0
209	226	0
209	227	0
209	228	0
209	229	0
209	230	0
209	231	0
209	232	0
209	233	0
209	234	0
209	235	0
209	236	0
209	237	0
209	238	0
209	239	0
209	240	0
209	241	0
209	242	0
209	243	0
209	244	0
209	245	0
209	246	0
209	247	0
209	248	0
209	249	0
209	250	0
209	251	0
209	252	0
209	253	0
209	254	0
209	255	0
209	256	0
210	1	0
210	2	0
210	3	0
210	4	0
210	5	0
210	6	0
210	7	0
210	8	0
210	9	0
210	10	0
210	11	0
210	12	0
210	13	0
210	14	0
210	15	0
210	16	0
210	17	0
210	18	0
210	19	0
210	20	0
210	21	0
210	22	0
210	23	0
210	24	0
210	25	0
210	26	0
210	27	0
210	28	0
210	29	0
210	30	0
210	31	0
210	32	0
210	33	0
210	34	0
210	35	0
210	36	0
210	37	0
210	38	0
210	39	0
210	40	0
210	41	0
210	42	0
210	43	0
210	44	0
210	45	0
210	46	0
210	47	0
210	48	0
210	49	0
210	50	0
210	51	0
210	52	0
210	53	0
210	54	0
210	55	0
210	56	0
210	57	0
210	58	0
210	59	0
210	60	0
210	61	0
210	62	0
210	63	0
210	64	0
210	65	0
210	66	0
210	67	0
210	68	0
210	69	0
210	70	0
210	71	0
210	72	0
210	73	0
210	74	0
210	75	0
210	76	0
210	77	0
210	78	0
210	79	0
210	80	0
210	81	0
210	82	0
210	83	0
210	84	0
210	85	0
210	86	0
210	87	0
210	88	0
210	89	0
210	90	0
210	91	0
210	92	0
210	93	0
210	94	0
210	95	0
210	96	0
210	97	0
210	98	0
210	99	0
210	100	0
210	101	0
210	102	0
210	103	0
210	104	0
210	105	0
210	106	0
210	107	0
210	108	0
210	109	0
210	110	0
210	111	0
210	112	0
210	113	0
210	114	0
210	115	0
210	116	0
210	117	0
210	118	0
210	119	0
210	120	0
210	121	0
210	122	0
210	123	0
210	124	0
210	125	0
210	126	0
210	127	0
210	128	0
210	129	0
210	130	0
210	131	0
210	132	0
210	133	0
210	134	0
210	135	0
210	136	0
210	137	0
210	138	0
210	139	0
210	140	0
210	141	0
210	142	0
210	143	0
210	144	0
210	145	0
210	146	0
210	147	0
210	148	0
210	149	0
210	150	0
210	151	0
210	152	0
210	153	0
210	154	0
210	155	0
210	156	0
210	157	0
210	158	0
210	159	0
210	160	0
210	161	0
210	162	0
210	163	0
210	164	0
210	165	0
210	166	0
210	167	0
210	168	0
210	169	0
210	170	0
210	171	0
210	172	0
210	173	0
210	174	0
210	175	0
210	176	0
210	177	0
210	178	0
210	179	0
210	180	0
210	181	0
210	182	0
210	183	0
210	184	0
210	185	0
210	186	0
210	187	0
210	188	0
210	189	0
210	190	0
210	191	0
210	192	0
210	193	0
210	194	0
210	195	0
210	196	0
210	197	0
210	198	0
210	199	0
210	200	0
210	201	0
210	202	0
210	203	0
210	204	0
210	205	0
210	206	0
210	207	0
210	208	0
210	209	0
210	211	0
210	212	0
210	213	0
210	214	0
210	215	0
210	216	0
210	217	0
210	218	0
210	219	0
210	220	0
210	221	0
210	222	0
210	223	0
210	224	0
210	225	0
210	226	0
210	227	0
210	228	0
210	229	0
210	230	0
210	231	0
210	232	0
210	233	0
210	234	0
210	235	0
210	236	0
210	237	0
210	238	0
210	239	0
210	240	0
210	241	0
210	242	0
210	243	0
210	244	0
210	245	0
210	246	0
210	247	0
210	248	0
210	249	0
210	250	0
210	251	0
210	252	0
210	253	0
210	254	0
210	255	0
210	256	0
211	1	0
211	2	0
211	3	0
211	4	0
211	5	0
211	6	0
211	7	0
211	8	0
211	9	0
211	10	0
211	11	0
211	12	0
211	13	0
211	14	0
211	15	0
211	16	0
211	17	0
211	18	0
211	19	0
211	20	0
211	21	0
211	22	0
211	23	0
211	24	0
211	25	0
211	26	0
211	27	0
211	28	0
211	29	0
211	30	0
211	31	0
211	32	0
211	33	0
211	34	0
211	35	0
211	36	0
211	37	0
211	38	0
211	39	0
211	40	0
211	41	0
211	42	0
211	43	0
211	44	0
211	45	0
211	46	0
211	47	0
211	48	0
211	49	0
211	50	0
211	51	0
211	52	0
211	53	0
211	54	0
211	55	0
211	56	0
211	57	0
211	58	0
211	59	0
211	60	0
211	61	0
211	62	0
211	63	0
211	64	0
211	65	0
211	66	0
211	67	0
211	68	0
211	69	0
211	70	0
211	71	0
211	72	0
211	73	0
211	74	0
211	75	0
211	76	0
211	77	0
211	78	0
211	79	0
211	80	0
211	81	0
211	82	0
211	83	0
211	84	0
211	85	0
211	86	0
211	87	0
211	88	0
211	89	0
211	90	0
211	91	0
211	92	0
211	93	0
211	94	0
211	95	0
211	96	0
211	97	0
211	98	0
211	99	0
211	100	0
211	101	0
211	102	0
211	103	0
211	104	0
211	105	0
211	106	0
211	107	0
211	108	0
211	109	0
211	110	0
211	111	0
211	112	0
211	113	0
211	114	0
211	115	0
211	116	0
211	117	0
211	118	0
211	119	0
211	120	0
211	121	0
211	122	0
211	123	0
211	124	0
211	125	0
211	126	0
211	127	0
211	128	0
211	129	0
211	130	0
211	131	0
211	132	0
211	133	0
211	134	0
211	135	0
211	136	0
211	137	0
211	138	0
211	139	0
211	140	0
211	141	0
211	142	0
211	143	0
211	144	0
211	145	0
211	146	0
211	147	0
211	148	0
211	149	0
211	150	0
211	151	0
211	152	0
211	153	0
211	154	0
211	155	0
211	156	0
211	157	0
211	158	0
211	159	0
211	160	0
211	161	0
211	162	0
211	163	0
211	164	0
211	165	0
211	166	0
211	167	0
211	168	0
211	169	0
211	170	0
211	171	0
211	172	0
211	173	0
211	174	0
211	175	0
211	176	0
211	177	0
211	178	0
211	179	0
211	180	0
211	181	0
211	182	0
211	183	0
211	184	0
211	185	0
211	186	0
211	187	0
211	188	0
211	189	0
211	190	0
211	191	0
211	192	0
211	193	0
211	194	0
211	195	0
211	196	0
211	197	0
211	198	0
211	199	0
211	200	0
211	201	0
211	202	0
211	203	0
211	204	0
211	205	0
211	206	0
211	207	0
211	208	0
211	209	0
211	210	0
211	212	0
211	213	0
211	214	0
211	215	0
211	216	0
211	217	0
211	218	0
211	219	0
211	220	0
211	221	0
211	222	0
211	223	0
211	224	0
211	225	0
211	226	0
211	227	0
211	228	0
211	229	0
211	230	0
211	231	0
211	232	0
211	233	0
211	234	0
211	235	0
211	236	0
211	237	0
211	238	0
211	239	0
211	240	0
211	241	0
211	242	0
211	243	0
211	244	0
211	245	0
211	246	0
211	247	0
211	248	0
211	249	0
211	250	0
211	251	0
211	252	0
211	253	0
211	254	0
211	255	0
211	256	0
212	1	0
212	2	0
212	3	0
212	4	0
212	5	0
212	6	0
212	7	0
212	8	0
212	9	0
212	10	0
212	11	0
212	12	0
212	13	0
212	14	0
212	15	0
212	16	0
212	17	0
212	18	0
212	19	0
212	20	0
212	21	0
212	22	0
212	23	0
212	24	0
212	25	0
212	26	0
212	27	0
212	28	0
212	29	0
212	30	0
212	31	0
212	32	0
212	33	0
212	34	0
212	35	0
212	36	0
212	37	0
212	38	0
212	39	0
212	40	0
212	41	0
212	42	0
212	43	0
212	44	0
212	45	0
212	46	0
212	47	0
212	48	0
212	49	0
212	50	0
212	51	0
212	52	0
212	53	0
212	54	0
212	55	0
212	56	0
212	57	0
212	58	0
212	59	0
212	60	0
212	61	0
212	62	0
212	63	0
212	64	0
212	65	0
212	66	0
212	67	0
212	68	0
212	69	0
212	70	0
212	71	0
212	72	0
212	73	0
212	74	0
212	75	0
212	76	0
212	77	0
212	78	0
212	79	0
212	80	0
212	81	0
212	82	0
212	83	0
212	84	0
212	85	0
212	86	0
212	87	0
212	88	0
212	89	0
212	90	0
212	91	0
212	92	0
212	93	0
212	94	0
212	95	0
212	96	0
212	97	0
212	98	0
212	99	0
212	100	0
212	101	0
212	102	0
212	103	0
212	104	0
212	105	0
212	106	0
212	107	0
212	108	0
212	109	0
212	110	0
212	111	0
212	112	0
212	113	0
212	114	0
212	115	0
212	116	0
212	117	0
212	118	0
212	119	0
212	120	0
212	121	0
212	122	0
212	123	0
212	124	0
212	125	0
212	126	0
212	127	0
212	128	0
212	129	0
212	130	0
212	131	0
212	132	0
212	133	0
212	134	0
212	135	0
212	136	0
212	137	0
212	138	0
212	139	0
212	140	0
212	141	0
212	142	0
212	143	0
212	144	0
212	145	0
212	146	0
212	147	0
212	148	0
212	149	0
212	150	0
212	151	0
212	152	0
212	153	0
212	154	0
212	155	0
212	156	0
212	157	0
212	158	0
212	159	0
212	160	0
212	161	0
212	162	0
212	163	0
212	164	0
212	165	0
212	166	0
212	167	0
212	168	0
212	169	0
212	170	0
212	171	0
212	172	0
212	173	0
212	174	0
212	175	0
212	176	0
212	177	0
212	178	0
212	179	0
212	180	0
212	181	0
212	182	0
212	183	0
212	184	0
212	185	0
212	186	0
212	187	0
212	188	0
212	189	0
212	190	0
212	191	0
212	192	0
212	193	0
212	194	0
212	195	0
212	196	0
212	197	0
212	198	0
212	199	0
212	200	0
212	201	0
212	202	0
212	203	0
212	204	0
212	205	0
212	206	0
212	207	0
212	208	0
212	209	0
212	210	0
212	211	0
212	213	0
212	214	0
212	215	0
212	216	0
212	217	0
212	218	0
212	219	0
212	220	0
212	221	0
212	222	0
212	223	0
212	224	0
212	225	0
212	226	0
212	227	0
212	228	0
212	229	0
212	230	0
212	231	0
212	232	0
212	233	0
212	234	0
212	235	0
212	236	0
212	237	0
212	238	0
212	239	0
212	240	0
212	241	0
212	242	0
212	243	0
212	244	0
212	245	0
212	246	0
212	247	0
212	248	0
212	249	0
212	250	0
212	251	0
212	252	0
212	253	0
212	254	0
212	255	0
212	256	0
213	1	0
213	2	0
213	3	0
213	4	0
213	5	0
213	6	0
213	7	0
213	8	0
213	9	0
213	10	0
213	11	0
213	12	0
213	13	0
213	14	0
213	15	0
213	16	0
213	17	0
213	18	0
213	19	0
213	20	0
213	21	0
213	22	0
213	23	0
213	24	0
213	25	0
213	26	0
213	27	0
213	28	0
213	29	0
213	30	0
213	31	0
213	32	0
213	33	0
213	34	0
213	35	0
213	36	0
213	37	0
213	38	0
213	39	0
213	40	0
213	41	0
213	42	0
213	43	0
213	44	0
213	45	0
213	46	0
213	47	0
213	48	0
213	49	0
213	50	0
213	51	0
213	52	0
213	53	0
213	54	0
213	55	0
213	56	0
213	57	0
213	58	0
213	59	0
213	60	0
213	61	0
213	62	0
213	63	0
213	64	0
213	65	0
213	66	0
213	67	0
213	68	0
213	69	0
213	70	0
213	71	0
213	72	0
213	73	0
213	74	0
213	75	0
213	76	0
213	77	0
213	78	0
213	79	0
213	80	0
213	81	0
213	82	0
213	83	0
213	84	0
213	85	0
213	86	0
213	87	0
213	88	0
213	89	0
213	90	0
213	91	0
213	92	0
213	93	0
213	94	0
213	95	0
213	96	0
213	97	0
213	98	0
213	99	0
213	100	0
213	101	0
213	102	0
213	103	0
213	104	0
213	105	0
213	106	0
213	107	0
213	108	0
213	109	0
213	110	0
213	111	0
213	112	0
213	113	0
213	114	0
213	115	0
213	116	0
213	117	0
213	118	0
213	119	0
213	120	0
213	121	0
213	122	0
213	123	0
213	124	0
213	125	0
213	126	0
213	127	0
213	128	0
213	129	0
213	130	0
213	131	0
213	132	0
213	133	0
213	134	0
213	135	0
213	136	0
213	137	0
213	138	0
213	139	0
213	140	0
213	141	0
213	142	0
213	143	0
213	144	0
213	145	0
213	146	0
213	147	0
213	148	0
213	149	0
213	150	0
213	151	0
213	152	0
213	153	0
213	154	0
213	155	0
213	156	0
213	157	0
213	158	0
213	159	0
213	160	0
213	161	0
213	162	0
213	163	0
213	164	0
213	165	0
213	166	0
213	167	0
213	168	0
213	169	0
213	170	0
213	171	0
213	172	0
213	173	0
213	174	0
213	175	0
213	176	0
213	177	0
213	178	0
213	179	0
213	180	0
213	181	0
213	182	0
213	183	0
213	184	0
213	185	0
213	186	0
213	187	0
213	188	0
213	189	0
213	190	0
213	191	0
213	192	0
213	193	0
213	194	0
213	195	0
213	196	0
213	197	0
213	198	0
213	199	0
213	200	0
213	201	0
213	202	0
213	203	0
213	204	0
213	205	0
213	206	0
213	207	0
213	208	0
213	209	0
213	210	0
213	211	0
213	212	0
213	214	0
213	215	0
213	216	0
213	217	0
213	218	0
213	219	0
213	220	0
213	221	0
213	222	0
213	223	0
213	224	0
213	225	0
213	226	0
213	227	0
213	228	0
213	229	0
213	230	0
213	231	0
213	232	0
213	233	0
213	234	0
213	235	0
213	236	0
213	237	0
213	238	0
213	239	0
213	240	0
213	241	0
213	242	0
213	243	0
213	244	0
213	245	0
213	246	0
213	247	0
213	248	0
213	249	0
213	250	0
213	251	0
213	252	0
213	253	0
213	254	0
213	255	0
213	256	0
214	1	0
214	2	0
214	3	0
214	4	0
214	5	0
214	6	0
214	7	0
214	8	0
214	9	0
214	10	0
214	11	0
214	12	0
214	13	0
214	14	0
214	15	0
214	16	0
214	17	0
214	18	0
214	19	0
214	20	0
214	21	0
214	22	0
214	23	0
214	24	0
214	25	0
214	26	0
214	27	0
214	28	0
214	29	0
214	30	0
214	31	0
214	32	0
214	33	0
214	34	0
214	35	0
214	36	0
214	37	0
214	38	0
214	39	0
214	40	0
214	41	0
214	42	0
214	43	0
214	44	0
214	45	0
214	46	0
214	47	0
214	48	0
214	49	0
214	50	0
214	51	0
214	52	0
214	53	0
214	54	0
214	55	0
214	56	0
214	57	0
214	58	0
214	59	0
214	60	0
214	61	0
214	62	0
214	63	0
214	64	0
214	65	0
214	66	0
214	67	0
214	68	0
214	69	0
214	70	0
214	71	0
214	72	0
214	73	0
214	74	0
214	75	0
214	76	0
214	77	0
214	78	0
214	79	0
214	80	0
214	81	0
214	82	0
214	83	0
214	84	0
214	85	0
214	86	0
214	87	0
214	88	0
214	89	0
214	90	0
214	91	0
214	92	0
214	93	0
214	94	0
214	95	0
214	96	0
214	97	0
214	98	0
214	99	0
214	100	0
214	101	0
214	102	0
214	103	0
214	104	0
214	105	0
214	106	0
214	107	0
214	108	0
214	109	0
214	110	0
214	111	0
214	112	0
214	113	0
214	114	0
214	115	0
214	116	0
214	117	0
214	118	0
214	119	0
214	120	0
214	121	0
214	122	0
214	123	0
214	124	0
214	125	0
214	126	0
214	127	0
214	128	0
214	129	0
214	130	0
214	131	0
214	132	0
214	133	0
214	134	0
214	135	0
214	136	0
214	137	0
214	138	0
214	139	0
214	140	0
214	141	0
214	142	0
214	143	0
214	144	0
214	145	0
214	146	0
214	147	0
214	148	0
214	149	0
214	150	0
214	151	0
214	152	0
214	153	0
214	154	0
214	155	0
214	156	0
214	157	0
214	158	0
214	159	0
214	160	0
214	161	0
214	162	0
214	163	0
214	164	0
214	165	0
214	166	0
214	167	0
214	168	0
214	169	0
214	170	0
214	171	0
214	172	0
214	173	0
214	174	0
214	175	0
214	176	0
214	177	0
214	178	0
214	179	0
214	180	0
214	181	0
214	182	0
214	183	0
214	184	0
214	185	0
214	186	0
214	187	0
214	188	0
214	189	0
214	190	0
214	191	0
214	192	0
214	193	0
214	194	0
214	195	0
214	196	0
214	197	0
214	198	0
214	199	0
214	200	0
214	201	0
214	202	0
214	203	0
214	204	0
214	205	0
214	206	0
214	207	0
214	208	0
214	209	0
214	210	0
214	211	0
214	212	0
214	213	0
214	215	0
214	216	0
214	217	0
214	218	0
214	219	0
214	220	0
214	221	0
214	222	0
214	223	0
214	224	0
214	225	0
214	226	0
214	227	0
214	228	0
214	229	0
214	230	0
214	231	0
214	232	0
214	233	0
214	234	0
214	235	0
214	236	0
214	237	0
214	238	0
214	239	0
214	240	0
214	241	0
214	242	0
214	243	0
214	244	0
214	245	0
214	246	0
214	247	0
214	248	0
214	249	0
214	250	0
214	251	0
214	252	0
214	253	0
214	254	0
214	255	0
214	256	0
215	1	0
215	2	0
215	3	0
215	4	0
215	5	0
215	6	0
215	7	0
215	8	0
215	9	0
215	10	0
215	11	0
215	12	0
215	13	0
215	14	0
215	15	0
215	16	0
215	17	0
215	18	0
215	19	0
215	20	0
215	21	0
215	22	0
215	23	0
215	24	0
215	25	0
215	26	0
215	27	0
215	28	0
215	29	0
215	30	0
215	31	0
215	32	0
215	33	0
215	34	0
215	35	0
215	36	0
215	37	0
215	38	0
215	39	0
215	40	0
215	41	0
215	42	0
215	43	0
215	44	0
215	45	0
215	46	0
215	47	0
215	48	0
215	49	0
215	50	0
215	51	0
215	52	0
215	53	0
215	54	0
215	55	0
215	56	0
215	57	0
215	58	0
215	59	0
215	60	0
215	61	0
215	62	0
215	63	0
215	64	0
215	65	0
215	66	0
215	67	0
215	68	0
215	69	0
215	70	0
215	71	0
215	72	0
215	73	0
215	74	0
215	75	0
215	76	0
215	77	0
215	78	0
215	79	0
215	80	0
215	81	0
215	82	0
215	83	0
215	84	0
215	85	0
215	86	0
215	87	0
215	88	0
215	89	0
215	90	0
215	91	0
215	92	0
215	93	0
215	94	0
215	95	0
215	96	0
215	97	0
215	98	0
215	99	0
215	100	0
215	101	0
215	102	0
215	103	0
215	104	0
215	105	0
215	106	0
215	107	0
215	108	0
215	109	0
215	110	0
215	111	0
215	112	0
215	113	0
215	114	0
215	115	0
215	116	0
215	117	0
215	118	0
215	119	0
215	120	0
215	121	0
215	122	0
215	123	0
215	124	0
215	125	0
215	126	0
215	127	0
215	128	0
215	129	0
215	130	0
215	131	0
215	132	0
215	133	0
215	134	0
215	135	0
215	136	0
215	137	0
215	138	0
215	139	0
215	140	0
215	141	0
215	142	0
215	143	0
215	144	0
215	145	0
215	146	0
215	147	0
215	148	0
215	149	0
215	150	0
215	151	0
215	152	0
215	153	0
215	154	0
215	155	0
215	156	0
215	157	0
215	158	0
215	159	0
215	160	0
215	161	0
215	162	0
215	163	0
215	164	0
215	165	0
215	166	0
215	167	0
215	168	0
215	169	0
215	170	0
215	171	0
215	172	0
215	173	0
215	174	0
215	175	0
215	176	0
215	177	0
215	178	0
215	179	0
215	180	0
215	181	0
215	182	0
215	183	0
215	184	0
215	185	0
215	186	0
215	187	0
215	188	0
215	189	0
215	190	0
215	191	0
215	192	0
215	193	0
215	194	0
215	195	0
215	196	0
215	197	0
215	198	0
215	199	0
215	200	0
215	201	0
215	202	0
215	203	0
215	204	0
215	205	0
215	206	0
215	207	0
215	208	0
215	209	0
215	210	0
215	211	0
215	212	0
215	213	0
215	214	0
215	216	0
215	217	0
215	218	0
215	219	0
215	220	0
215	221	0
215	222	0
215	223	0
215	224	0
215	225	0
215	226	0
215	227	0
215	228	0
215	229	0
215	230	0
215	231	0
215	232	0
215	233	0
215	234	0
215	235	0
215	236	0
215	237	0
215	238	0
215	239	0
215	240	0
215	241	0
215	242	0
215	243	0
215	244	0
215	245	0
215	246	0
215	247	0
215	248	0
215	249	0
215	250	0
215	251	0
215	252	0
215	253	0
215	254	0
215	255	0
215	256	0
216	1	0
216	2	0
216	3	0
216	4	0
216	5	0
216	6	0
216	7	0
216	8	0
216	9	0
216	10	0
216	11	0
216	12	0
216	13	0
216	14	0
216	15	0
216	16	0
216	17	0
216	18	0
216	19	0
216	20	0
216	21	0
216	22	0
216	23	0
216	24	0
216	25	0
216	26	0
216	27	0
216	28	0
216	29	0
216	30	0
216	31	0
216	32	0
216	33	0
216	34	0
216	35	0
216	36	0
216	37	0
216	38	0
216	39	0
216	40	0
216	41	0
216	42	0
216	43	0
216	44	0
216	45	0
216	46	0
216	47	0
216	48	0
216	49	0
216	50	0
216	51	0
216	52	0
216	53	0
216	54	0
216	55	0
216	56	0
216	57	0
216	58	0
216	59	0
216	60	0
216	61	0
216	62	0
216	63	0
216	64	0
216	65	0
216	66	0
216	67	0
216	68	0
216	69	0
216	70	0
216	71	0
216	72	0
216	73	0
216	74	0
216	75	0
216	76	0
216	77	0
216	78	0
216	79	0
216	80	0
216	81	0
216	82	0
216	83	0
216	84	0
216	85	0
216	86	0
216	87	0
216	88	0
216	89	0
216	90	0
216	91	0
216	92	0
216	93	0
216	94	0
216	95	0
216	96	0
216	97	0
216	98	0
216	99	0
216	100	0
216	101	0
216	102	0
216	103	0
216	104	0
216	105	0
216	106	0
216	107	0
216	108	0
216	109	0
216	110	0
216	111	0
216	112	0
216	113	0
216	114	0
216	115	0
216	116	0
216	117	0
216	118	0
216	119	0
216	120	0
216	121	0
216	122	0
216	123	0
216	124	0
216	125	0
216	126	0
216	127	0
216	128	0
216	129	0
216	130	0
216	131	0
216	132	0
216	133	0
216	134	0
216	135	0
216	136	0
216	137	0
216	138	0
216	139	0
216	140	0
216	141	0
216	142	0
216	143	0
216	144	0
216	145	0
216	146	0
216	147	0
216	148	0
216	149	0
216	150	0
216	151	0
216	152	0
216	153	0
216	154	0
216	155	0
216	156	0
216	157	0
216	158	0
216	159	0
216	160	0
216	161	0
216	162	0
216	163	0
216	164	0
216	165	0
216	166	0
216	167	0
216	168	0
216	169	0
216	170	0
216	171	0
216	172	0
216	173	0
216	174	0
216	175	0
216	176	0
216	177	0
216	178	0
216	179	0
216	180	0
216	181	0
216	182	0
216	183	0
216	184	0
216	185	0
216	186	0
216	187	0
216	188	0
216	189	0
216	190	0
216	191	0
216	192	0
216	193	0
216	194	0
216	195	0
216	196	0
216	197	0
216	198	0
216	199	0
216	200	0
216	201	0
216	202	0
216	203	0
216	204	0
216	205	0
216	206	0
216	207	0
216	208	0
216	209	0
216	210	0
216	211	0
216	212	0
216	213	0
216	214	0
216	215	0
216	217	0
216	218	0
216	219	0
216	220	0
216	221	0
216	222	0
216	223	0
216	224	0
216	225	0
216	226	0
216	227	0
216	228	0
216	229	0
216	230	0
216	231	0
216	232	0
216	233	0
216	234	0
216	235	0
216	236	0
216	237	0
216	238	0
216	239	0
216	240	0
216	241	0
216	242	0
216	243	0
216	244	0
216	245	0
216	246	0
216	247	0
216	248	0
216	249	0
216	250	0
216	251	0
216	252	0
216	253	0
216	254	0
216	255	0
216	256	0
217	1	0
217	2	0
217	3	0
217	4	0
217	5	0
217	6	0
217	7	0
217	8	0
217	9	0
217	10	0
217	11	0
217	12	0
217	13	0
217	14	0
217	15	0
217	16	0
217	17	0
217	18	0
217	19	0
217	20	0
217	21	0
217	22	0
217	23	0
217	24	0
217	25	0
217	26	0
217	27	0
217	28	0
217	29	0
217	30	0
217	31	0
217	32	0
217	33	0
217	34	0
217	35	0
217	36	0
217	37	0
217	38	0
217	39	0
217	40	0
217	41	0
217	42	0
217	43	0
217	44	0
217	45	0
217	46	0
217	47	0
217	48	0
217	49	0
217	50	0
217	51	0
217	52	0
217	53	0
217	54	0
217	55	0
217	56	0
217	57	0
217	58	0
217	59	0
217	60	0
217	61	0
217	62	0
217	63	0
217	64	0
217	65	0
217	66	0
217	67	0
217	68	0
217	69	0
217	70	0
217	71	0
217	72	0
217	73	0
217	74	0
217	75	0
217	76	0
217	77	0
217	78	0
217	79	0
217	80	0
217	81	0
217	82	0
217	83	0
217	84	0
217	85	0
217	86	0
217	87	0
217	88	0
217	89	0
217	90	0
217	91	0
217	92	0
217	93	0
217	94	0
217	95	0
217	96	0
217	97	0
217	98	0
217	99	0
217	100	0
217	101	0
217	102	0
217	103	0
217	104	0
217	105	0
217	106	0
217	107	0
217	108	0
217	109	0
217	110	0
217	111	0
217	112	0
217	113	0
217	114	0
217	115	0
217	116	0
217	117	0
217	118	0
217	119	0
217	120	0
217	121	0
217	122	0
217	123	0
217	124	0
217	125	0
217	126	0
217	127	0
217	128	0
217	129	0
217	130	0
217	131	0
217	132	0
217	133	0
217	134	0
217	135	0
217	136	0
217	137	0
217	138	0
217	139	0
217	140	0
217	141	0
217	142	0
217	143	0
217	144	0
217	145	0
217	146	0
217	147	0
217	148	0
217	149	0
217	150	0
217	151	0
217	152	0
217	153	0
217	154	0
217	155	0
217	156	0
217	157	0
217	158	0
217	159	0
217	160	0
217	161	0
217	162	0
217	163	0
217	164	0
217	165	0
217	166	0
217	167	0
217	168	0
217	169	0
217	170	0
217	171	0
217	172	0
217	173	0
217	174	0
217	175	0
217	176	0
217	177	0
217	178	0
217	179	0
217	180	0
217	181	0
217	182	0
217	183	0
217	184	0
217	185	0
217	186	0
217	187	0
217	188	0
217	189	0
217	190	0
217	191	0
217	192	0
217	193	0
217	194	0
217	195	0
217	196	0
217	197	0
217	198	0
217	199	0
217	200	0
217	201	0
217	202	0
217	203	0
217	204	0
217	205	0
217	206	0
217	207	0
217	208	0
217	209	0
217	210	0
217	211	0
217	212	0
217	213	0
217	214	0
217	215	0
217	216	0
217	218	0
217	219	0
217	220	0
217	221	0
217	222	0
217	223	0
217	224	0
217	225	0
217	226	0
217	227	0
217	228	0
217	229	0
217	230	0
217	231	0
217	232	0
217	233	0
217	234	0
217	235	0
217	236	0
217	237	0
217	238	0
217	239	0
217	240	0
217	241	0
217	242	0
217	243	0
217	244	0
217	245	0
217	246	0
217	247	0
217	248	0
217	249	0
217	250	0
217	251	0
217	252	0
217	253	0
217	254	0
217	255	0
217	256	0
218	1	0
218	2	0
218	3	0
218	4	0
218	5	0
218	6	0
218	7	0
218	8	0
218	9	0
218	10	0
218	11	0
218	12	0
218	13	0
218	14	0
218	15	0
218	16	0
218	17	0
218	18	0
218	19	0
218	20	0
218	21	0
218	22	0
218	23	0
218	24	0
218	25	0
218	26	0
218	27	0
218	28	0
218	29	0
218	30	0
218	31	0
218	32	0
218	33	0
218	34	0
218	35	0
218	36	0
218	37	0
218	38	0
218	39	0
218	40	0
218	41	0
218	42	0
218	43	0
218	44	0
218	45	0
218	46	0
218	47	0
218	48	0
218	49	0
218	50	0
218	51	0
218	52	0
218	53	0
218	54	0
218	55	0
218	56	0
218	57	0
218	58	0
218	59	0
218	60	0
218	61	0
218	62	0
218	63	0
218	64	0
218	65	0
218	66	0
218	67	0
218	68	0
218	69	0
218	70	0
218	71	0
218	72	0
218	73	0
218	74	0
218	75	0
218	76	0
218	77	0
218	78	0
218	79	0
218	80	0
218	81	0
218	82	0
218	83	0
218	84	0
218	85	0
218	86	0
218	87	0
218	88	0
218	89	0
218	90	0
218	91	0
218	92	0
218	93	0
218	94	0
218	95	0
218	96	0
218	97	0
218	98	0
218	99	0
218	100	0
218	101	0
218	102	0
218	103	0
218	104	0
218	105	0
218	106	0
218	107	0
218	108	0
218	109	0
218	110	0
218	111	0
218	112	0
218	113	0
218	114	0
218	115	0
218	116	0
218	117	0
218	118	0
218	119	0
218	120	0
218	121	0
218	122	0
218	123	0
218	124	0
218	125	0
218	126	0
218	127	0
218	128	0
218	129	0
218	130	0
218	131	0
218	132	0
218	133	0
218	134	0
218	135	0
218	136	0
218	137	0
218	138	0
218	139	0
218	140	0
218	141	0
218	142	0
218	143	0
218	144	0
218	145	0
218	146	0
218	147	0
218	148	0
218	149	0
218	150	0
218	151	0
218	152	0
218	153	0
218	154	0
218	155	0
218	156	0
218	157	0
218	158	0
218	159	0
218	160	0
218	161	0
218	162	0
218	163	0
218	164	0
218	165	0
218	166	0
218	167	0
218	168	0
218	169	0
218	170	0
218	171	0
218	172	0
218	173	0
218	174	0
218	175	0
218	176	0
218	177	0
218	178	0
218	179	0
218	180	0
218	181	0
218	182	0
218	183	0
218	184	0
218	185	0
218	186	0
218	187	0
218	188	0
218	189	0
218	190	0
218	191	0
218	192	0
218	193	0
218	194	0
218	195	0
218	196	0
218	197	0
218	198	0
218	199	0
218	200	0
218	201	0
218	202	0
218	203	0
218	204	0
218	205	0
218	206	0
218	207	0
218	208	0
218	209	0
218	210	0
218	211	0
218	212	0
218	213	0
218	214	0
218	215	0
218	216	0
218	217	0
218	219	0
218	220	0
218	221	0
218	222	0
218	223	0
218	224	0
218	225	0
218	226	0
218	227	0
218	228	0
218	229	0
218	230	0
218	231	0
218	232	0
218	233	0
218	234	0
218	235	0
218	236	0
218	237	0
218	238	0
218	239	0
218	240	0
218	241	0
218	242	0
218	243	0
218	244	0
218	245	0
218	246	0
218	247	0
218	248	0
218	249	0
218	250	0
218	251	0
218	252	0
218	253	0
218	254	0
218	255	0
218	256	0
219	1	0
219	2	0
219	3	0
219	4	0
219	5	0
219	6	0
219	7	0
219	8	0
219	9	0
219	10	0
219	11	0
219	12	0
219	13	0
219	14	0
219	15	0
219	16	0
219	17	0
219	18	0
219	19	0
219	20	0
219	21	0
219	22	0
219	23	0
219	24	0
219	25	0
219	26	0
219	27	0
219	28	0
219	29	0
219	30	0
219	31	0
219	32	0
219	33	0
219	34	0
219	35	0
219	36	0
219	37	0
219	38	0
219	39	0
219	40	0
219	41	0
219	42	0
219	43	0
219	44	0
219	45	0
219	46	0
219	47	0
219	48	0
219	49	0
219	50	0
219	51	0
219	52	0
219	53	0
219	54	0
219	55	0
219	56	0
219	57	0
219	58	0
219	59	0
219	60	0
219	61	0
219	62	0
219	63	0
219	64	0
219	65	0
219	66	0
219	67	0
219	68	0
219	69	0
219	70	0
219	71	0
219	72	0
219	73	0
219	74	0
219	75	0
219	76	0
219	77	0
219	78	0
219	79	0
219	80	0
219	81	0
219	82	0
219	83	0
219	84	0
219	85	0
219	86	0
219	87	0
219	88	0
219	89	0
219	90	0
219	91	0
219	92	0
219	93	0
219	94	0
219	95	0
219	96	0
219	97	0
219	98	0
219	99	0
219	100	0
219	101	0
219	102	0
219	103	0
219	104	0
219	105	0
219	106	0
219	107	0
219	108	0
219	109	0
219	110	0
219	111	0
219	112	0
219	113	0
219	114	0
219	115	0
219	116	0
219	117	0
219	118	0
219	119	0
219	120	0
219	121	0
219	122	0
219	123	0
219	124	0
219	125	0
219	126	0
219	127	0
219	128	0
219	129	0
219	130	0
219	131	0
219	132	0
219	133	0
219	134	0
219	135	0
219	136	0
219	137	0
219	138	0
219	139	0
219	140	0
219	141	0
219	142	0
219	143	0
219	144	0
219	145	0
219	146	0
219	147	0
219	148	0
219	149	0
219	150	0
219	151	0
219	152	0
219	153	0
219	154	0
219	155	0
219	156	0
219	157	0
219	158	0
219	159	0
219	160	0
219	161	0
219	162	0
219	163	0
219	164	0
219	165	0
219	166	0
219	167	0
219	168	0
219	169	0
219	170	0
219	171	0
219	172	0
219	173	0
219	174	0
219	175	0
219	176	0
219	177	0
219	178	0
219	179	0
219	180	0
219	181	0
219	182	0
219	183	0
219	184	0
219	185	0
219	186	0
219	187	0
219	188	0
219	189	0
219	190	0
219	191	0
219	192	0
219	193	0
219	194	0
219	195	0
219	196	0
219	197	0
219	198	0
219	199	0
219	200	0
219	201	0
219	202	0
219	203	0
219	204	0
219	205	0
219	206	0
219	207	0
219	208	0
219	209	0
219	210	0
219	211	0
219	212	0
219	213	0
219	214	0
219	215	0
219	216	0
219	217	0
219	218	0
219	220	0
219	221	0
219	222	0
219	223	0
219	224	0
219	225	0
219	226	0
219	227	0
219	228	0
219	229	0
219	230	0
219	231	0
219	232	0
219	233	0
219	234	0
219	235	0
219	236	0
219	237	0
219	238	0
219	239	0
219	240	0
219	241	0
219	242	0
219	243	0
219	244	0
219	245	0
219	246	0
219	247	0
219	248	0
219	249	0
219	250	0
219	251	0
219	252	0
219	253	0
219	254	0
219	255	0
219	256	0
220	1	0
220	2	0
220	3	0
220	4	0
220	5	0
220	6	0
220	7	0
220	8	0
220	9	0
220	10	0
220	11	0
220	12	0
220	13	0
220	14	0
220	15	0
220	16	0
220	17	0
220	18	0
220	19	0
220	20	0
220	21	0
220	22	0
220	23	0
220	24	0
220	25	0
220	26	0
220	27	0
220	28	0
220	29	0
220	30	0
220	31	0
220	32	0
220	33	0
220	34	0
220	35	0
220	36	0
220	37	0
220	38	0
220	39	0
220	40	0
220	41	0
220	42	0
220	43	0
220	44	0
220	45	0
220	46	0
220	47	0
220	48	0
220	49	0
220	50	0
220	51	0
220	52	0
220	53	0
220	54	0
220	55	0
220	56	0
220	57	0
220	58	0
220	59	0
220	60	0
220	61	0
220	62	0
220	63	0
220	64	0
220	65	0
220	66	0
220	67	0
220	68	0
220	69	0
220	70	0
220	71	0
220	72	0
220	73	0
220	74	0
220	75	0
220	76	0
220	77	0
220	78	0
220	79	0
220	80	0
220	81	0
220	82	0
220	83	0
220	84	0
220	85	0
220	86	0
220	87	0
220	88	0
220	89	0
220	90	0
220	91	0
220	92	0
220	93	0
220	94	0
220	95	0
220	96	0
220	97	0
220	98	0
220	99	0
220	100	0
220	101	0
220	102	0
220	103	0
220	104	0
220	105	0
220	106	0
220	107	0
220	108	0
220	109	0
220	110	0
220	111	0
220	112	0
220	113	0
220	114	0
220	115	0
220	116	0
220	117	0
220	118	0
220	119	0
220	120	0
220	121	0
220	122	0
220	123	0
220	124	0
220	125	0
220	126	0
220	127	0
220	128	0
220	129	0
220	130	0
220	131	0
220	132	0
220	133	0
220	134	0
220	135	0
220	136	0
220	137	0
220	138	0
220	139	0
220	140	0
220	141	0
220	142	0
220	143	0
220	144	0
220	145	0
220	146	0
220	147	0
220	148	0
220	149	0
220	150	0
220	151	0
220	152	0
220	153	0
220	154	0
220	155	0
220	156	0
220	157	0
220	158	0
220	159	0
220	160	0
220	161	0
220	162	0
220	163	0
220	164	0
220	165	0
220	166	0
220	167	0
220	168	0
220	169	0
220	170	0
220	171	0
220	172	0
220	173	0
220	174	0
220	175	0
220	176	0
220	177	0
220	178	0
220	179	0
220	180	0
220	181	0
220	182	0
220	183	0
220	184	0
220	185	0
220	186	0
220	187	0
220	188	0
220	189	0
220	190	0
220	191	0
220	192	0
220	193	0
220	194	0
220	195	0
220	196	0
220	197	0
220	198	0
220	199	0
220	200	0
220	201	0
220	202	0
220	203	0
220	204	0
220	205	0
220	206	0
220	207	0
220	208	0
220	209	0
220	210	0
220	211	0
220	212	0
220	213	0
220	214	0
220	215	0
220	216	0
220	217	0
220	218	0
220	219	0
220	221	0
220	222	0
220	223	0
220	224	0
220	225	0
220	226	0
220	227	0
220	228	0
220	229	0
220	230	0
220	231	0
220	232	0
220	233	0
220	234	0
220	235	0
220	236	0
220	237	0
220	238	0
220	239	0
220	240	0
220	241	0
220	242	0
220	243	0
220	244	0
220	245	0
220	246	0
220	247	0
220	248	0
220	249	0
220	250	0
220	251	0
220	252	0
220	253	0
220	254	0
220	255	0
220	256	0
221	1	0
221	2	0
221	3	0
221	4	0
221	5	0
221	6	0
221	7	0
221	8	0
221	9	0
221	10	0
221	11	0
221	12	0
221	13	0
221	14	0
221	15	0
221	16	0
221	17	0
221	18	0
221	19	0
221	20	0
221	21	0
221	22	0
221	23	0
221	24	0
221	25	0
221	26	0
221	27	0
221	28	0
221	29	0
221	30	0
221	31	0
221	32	0
221	33	0
221	34	0
221	35	0
221	36	0
221	37	0
221	38	0
221	39	0
221	40	0
221	41	0
221	42	0
221	43	0
221	44	0
221	45	0
221	46	0
221	47	0
221	48	0
221	49	0
221	50	0
221	51	0
221	52	0
221	53	0
221	54	0
221	55	0
221	56	0
221	57	0
221	58	0
221	59	0
221	60	0
221	61	0
221	62	0
221	63	0
221	64	0
221	65	0
221	66	0
221	67	0
221	68	0
221	69	0
221	70	0
221	71	0
221	72	0
221	73	0
221	74	0
221	75	0
221	76	0
221	77	0
221	78	0
221	79	0
221	80	0
221	81	0
221	82	0
221	83	0
221	84	0
221	85	0
221	86	0
221	87	0
221	88	0
221	89	0
221	90	0
221	91	0
221	92	0
221	93	0
221	94	0
221	95	0
221	96	0
221	97	0
221	98	0
221	99	0
221	100	0
221	101	0
221	102	0
221	103	0
221	104	0
221	105	0
221	106	0
221	107	0
221	108	0
221	109	0
221	110	0
221	111	0
221	112	0
221	113	0
221	114	0
221	115	0
221	116	0
221	117	0
221	118	0
221	119	0
221	120	0
221	121	0
221	122	0
221	123	0
221	124	0
221	125	0
221	126	0
221	127	0
221	128	0
221	129	0
221	130	0
221	131	0
221	132	0
221	133	0
221	134	0
221	135	0
221	136	0
221	137	0
221	138	0
221	139	0
221	140	0
221	141	0
221	142	0
221	143	0
221	144	0
221	145	0
221	146	0
221	147	0
221	148	0
221	149	0
221	150	0
221	151	0
221	152	0
221	153	0
221	154	0
221	155	0
221	156	0
221	157	0
221	158	0
221	159	0
221	160	0
221	161	0
221	162	0
221	163	0
221	164	0
221	165	0
221	166	0
221	167	0
221	168	0
221	169	0
221	170	0
221	171	0
221	172	0
221	173	0
221	174	0
221	175	0
221	176	0
221	177	0
221	178	0
221	179	0
221	180	0
221	181	0
221	182	0
221	183	0
221	184	0
221	185	0
221	186	0
221	187	0
221	188	0
221	189	0
221	190	0
221	191	0
221	192	0
221	193	0
221	194	0
221	195	0
221	196	0
221	197	0
221	198	0
221	199	0
221	200	0
221	201	0
221	202	0
221	203	0
221	204	0
221	205	0
221	206	0
221	207	0
221	208	0
221	209	0
221	210	0
221	211	0
221	212	0
221	213	0
221	214	0
221	215	0
221	216	0
221	217	0
221	218	0
221	219	0
221	220	0
221	222	0
221	223	0
221	224	0
221	225	0
221	226	0
221	227	0
221	228	0
221	229	0
221	230	0
221	231	0
221	232	0
221	233	0
221	234	0
221	235	0
221	236	0
221	237	0
221	238	0
221	239	0
221	240	0
221	241	0
221	242	0
221	243	0
221	244	0
221	245	0
221	246	0
221	247	0
221	248	0
221	249	0
221	250	0
221	251	0
221	252	0
221	253	0
221	254	0
221	255	0
221	256	0
222	1	0
222	2	0
222	3	0
222	4	0
222	5	0
222	6	0
222	7	0
222	8	0
222	9	0
222	10	0
222	11	0
222	12	0
222	13	0
222	14	0
222	15	0
222	16	0
222	17	0
222	18	0
222	19	0
222	20	0
222	21	0
222	22	0
222	23	0
222	24	0
222	25	0
222	26	0
222	27	0
222	28	0
222	29	0
222	30	0
222	31	0
222	32	0
222	33	0
222	34	0
222	35	0
222	36	0
222	37	0
222	38	0
222	39	0
222	40	0
222	41	0
222	42	0
222	43	0
222	44	0
222	45	0
222	46	0
222	47	0
222	48	0
222	49	0
222	50	0
222	51	0
222	52	0
222	53	0
222	54	0
222	55	0
222	56	0
222	57	0
222	58	0
222	59	0
222	60	0
222	61	0
222	62	0
222	63	0
222	64	0
222	65	0
222	66	0
222	67	0
222	68	0
222	69	0
222	70	0
222	71	0
222	72	0
222	73	0
222	74	0
222	75	0
222	76	0
222	77	0
222	78	0
222	79	0
222	80	0
222	81	0
222	82	0
222	83	0
222	84	0
222	85	0
222	86	0
222	87	0
222	88	0
222	89	0
222	90	0
222	91	0
222	92	0
222	93	0
222	94	0
222	95	0
222	96	0
222	97	0
222	98	0
222	99	0
222	100	0
222	101	0
222	102	0
222	103	0
222	104	0
222	105	0
222	106	0
222	107	0
222	108	0
222	109	0
222	110	0
222	111	0
222	112	0
222	113	0
222	114	0
222	115	0
222	116	0
222	117	0
222	118	0
222	119	0
222	120	0
222	121	0
222	122	0
222	123	0
222	124	0
222	125	0
222	126	0
222	127	0
222	128	0
222	129	0
222	130	0
222	131	0
222	132	0
222	133	0
222	134	0
222	135	0
222	136	0
222	137	0
222	138	0
222	139	0
222	140	0
222	141	0
222	142	0
222	143	0
222	144	0
222	145	0
222	146	0
222	147	0
222	148	0
222	149	0
222	150	0
222	151	0
222	152	0
222	153	0
222	154	0
222	155	0
222	156	0
222	157	0
222	158	0
222	159	0
222	160	0
222	161	0
222	162	0
222	163	0
222	164	0
222	165	0
222	166	0
222	167	0
222	168	0
222	169	0
222	170	0
222	171	0
222	172	0
222	173	0
222	174	0
222	175	0
222	176	0
222	177	0
222	178	0
222	179	0
222	180	0
222	181	0
222	182	0
222	183	0
222	184	0
222	185	0
222	186	0
222	187	0
222	188	0
222	189	0
222	190	0
222	191	0
222	192	0
222	193	0
222	194	0
222	195	0
222	196	0
222	197	0
222	198	0
222	199	0
222	200	0
222	201	0
222	202	0
222	203	0
222	204	0
222	205	0
222	206	0
222	207	0
222	208	0
222	209	0
222	210	0
222	211	0
222	212	0
222	213	0
222	214	0
222	215	0
222	216	0
222	217	0
222	218	0
222	219	0
222	220	0
222	221	0
222	223	0
222	224	0
222	225	0
222	226	0
222	227	0
222	228	0
222	229	0
222	230	0
222	231	0
222	232	0
222	233	0
222	234	0
222	235	0
222	236	0
222	237	0
222	238	0
222	239	0
222	240	0
222	241	0
222	242	0
222	243	0
222	244	0
222	245	0
222	246	0
222	247	0
222	248	0
222	249	0
222	250	0
222	251	0
222	252	0
222	253	0
222	254	0
222	255	0
222	256	0
223	1	0
223	2	0
223	3	0
223	4	0
223	5	0
223	6	0
223	7	0
223	8	0
223	9	0
223	10	0
223	11	0
223	12	0
223	13	0
223	14	0
223	15	0
223	16	0
223	17	0
223	18	0
223	19	0
223	20	0
223	21	0
223	22	0
223	23	0
223	24	0
223	25	0
223	26	0
223	27	0
223	28	0
223	29	0
223	30	0
223	31	0
223	32	0
223	33	0
223	34	0
223	35	0
223	36	0
223	37	0
223	38	0
223	39	0
223	40	0
223	41	0
223	42	0
223	43	0
223	44	0
223	45	0
223	46	0
223	47	0
223	48	0
223	49	0
223	50	0
223	51	0
223	52	0
223	53	0
223	54	0
223	55	0
223	56	0
223	57	0
223	58	0
223	59	0
223	60	0
223	61	0
223	62	0
223	63	0
223	64	0
223	65	0
223	66	0
223	67	0
223	68	0
223	69	0
223	70	0
223	71	0
223	72	0
223	73	0
223	74	0
223	75	0
223	76	0
223	77	0
223	78	0
223	79	0
223	80	0
223	81	0
223	82	0
223	83	0
223	84	0
223	85	0
223	86	0
223	87	0
223	88	0
223	89	0
223	90	0
223	91	0
223	92	0
223	93	0
223	94	0
223	95	0
223	96	0
223	97	0
223	98	0
223	99	0
223	100	0
223	101	0
223	102	0
223	103	0
223	104	0
223	105	0
223	106	0
223	107	0
223	108	0
223	109	0
223	110	0
223	111	0
223	112	0
223	113	0
223	114	0
223	115	0
223	116	0
223	117	0
223	118	0
223	119	0
223	120	0
223	121	0
223	122	0
223	123	0
223	124	0
223	125	0
223	126	0
223	127	0
223	128	0
223	129	0
223	130	0
223	131	0
223	132	0
223	133	0
223	134	0
223	135	0
223	136	0
223	137	0
223	138	0
223	139	0
223	140	0
223	141	0
223	142	0
223	143	0
223	144	0
223	145	0
223	146	0
223	147	0
223	148	0
223	149	0
223	150	0
223	151	0
223	152	0
223	153	0
223	154	0
223	155	0
223	156	0
223	157	0
223	158	0
223	159	0
223	160	0
223	161	0
223	162	0
223	163	0
223	164	0
223	165	0
223	166	0
223	167	0
223	168	0
223	169	0
223	170	0
223	171	0
223	172	0
223	173	0
223	174	0
223	175	0
223	176	0
223	177	0
223	178	0
223	179	0
223	180	0
223	181	0
223	182	0
223	183	0
223	184	0
223	185	0
223	186	0
223	187	0
223	188	0
223	189	0
223	190	0
223	191	0
223	192	0
223	193	0
223	194	0
223	195	0
223	196	0
223	197	0
223	198	0
223	199	0
223	200	0
223	201	0
223	202	0
223	203	0
223	204	0
223	205	0
223	206	0
223	207	0
223	208	0
223	209	0
223	210	0
223	211	0
223	212	0
223	213	0
223	214	0
223	215	0
223	216	0
223	217	0
223	218	0
223	219	0
223	220	0
223	221	0
223	222	0
223	224	0
223	225	0
223	226	0
223	227	0
223	228	0
223	229	0
223	230	0
223	231	0
223	232	0
223	233	0
223	234	0
223	235	0
223	236	0
223	237	0
223	238	0
223	239	0
223	240	0
223	241	0
223	242	0
223	243	0
223	244	0
223	245	0
223	246	0
223	247	0
223	248	0
223	249	0
223	250	0
223	251	0
223	252	0
223	253	0
223	254	0
223	255	0
223	256	0
224	1	0
224	2	0
224	3	0
224	4	0
224	5	0
224	6	0
224	7	0
224	8	0
224	9	0
224	10	0
224	11	0
224	12	0
224	13	0
224	14	0
224	15	0
224	16	0
224	17	0
224	18	0
224	19	0
224	20	0
224	21	0
224	22	0
224	23	0
224	24	0
224	25	0
224	26	0
224	27	0
224	28	0
224	29	0
224	30	0
224	31	0
224	32	0
224	33	0
224	34	0
224	35	0
224	36	0
224	37	0
224	38	0
224	39	0
224	40	0
224	41	0
224	42	0
224	43	0
224	44	0
224	45	0
224	46	0
224	47	0
224	48	0
224	49	0
224	50	0
224	51	0
224	52	0
224	53	0
224	54	0
224	55	0
224	56	0
224	57	0
224	58	0
224	59	0
224	60	0
224	61	0
224	62	0
224	63	0
224	64	0
224	65	0
224	66	0
224	67	0
224	68	0
224	69	0
224	70	0
224	71	0
224	72	0
224	73	0
224	74	0
224	75	0
224	76	0
224	77	0
224	78	0
224	79	0
224	80	0
224	81	0
224	82	0
224	83	0
224	84	0
224	85	0
224	86	0
224	87	0
224	88	0
224	89	0
224	90	0
224	91	0
224	92	0
224	93	0
224	94	0
224	95	0
224	96	0
224	97	0
224	98	0
224	99	0
224	100	0
224	101	0
224	102	0
224	103	0
224	104	0
224	105	0
224	106	0
224	107	0
224	108	0
224	109	0
224	110	0
224	111	0
224	112	0
224	113	0
224	114	0
224	115	0
224	116	0
224	117	0
224	118	0
224	119	0
224	120	0
224	121	0
224	122	0
224	123	0
224	124	0
224	125	0
224	126	0
224	127	0
224	128	0
224	129	0
224	130	0
224	131	0
224	132	0
224	133	0
224	134	0
224	135	0
224	136	0
224	137	0
224	138	0
224	139	0
224	140	0
224	141	0
224	142	0
224	143	0
224	144	0
224	145	0
224	146	0
224	147	0
224	148	0
224	149	0
224	150	0
224	151	0
224	152	0
224	153	0
224	154	0
224	155	0
224	156	0
224	157	0
224	158	0
224	159	0
224	160	0
224	161	0
224	162	0
224	163	0
224	164	0
224	165	0
224	166	0
224	167	0
224	168	0
224	169	0
224	170	0
224	171	0
224	172	0
224	173	0
224	174	0
224	175	0
224	176	0
224	177	0
224	178	0
224	179	0
224	180	0
224	181	0
224	182	0
224	183	0
224	184	0
224	185	0
224	186	0
224	187	0
224	188	0
224	189	0
224	190	0
224	191	0
224	192	0
224	193	0
224	194	0
224	195	0
224	196	0
224	197	0
224	198	0
224	199	0
224	200	0
224	201	0
224	202	0
224	203	0
224	204	0
224	205	0
224	206	0
224	207	0
224	208	0
224	209	0
224	210	0
224	211	0
224	212	0
224	213	0
224	214	0
224	215	0
224	216	0
224	217	0
224	218	0
224	219	0
224	220	0
224	221	0
224	222	0
224	223	0
224	225	0
224	226	0
224	227	0
224	228	0
224	229	0
224	230	0
224	231	0
224	232	0
224	233	0
224	234	0
224	235	0
224	236	0
224	237	0
224	238	0
224	239	0
224	240	0
224	241	0
224	242	0
224	243	0
224	244	0
224	245	0
224	246	0
224	247	0
224	248	0
224	249	0
224	250	0
224	251	0
224	252	0
224	253	0
224	254	0
224	255	0
224	256	0
225	1	0
225	2	0
225	3	0
225	4	0
225	5	0
225	6	0
225	7	0
225	8	0
225	9	0
225	10	0
225	11	0
225	12	0
225	13	0
225	14	0
225	15	0
225	16	0
225	17	0
225	18	0
225	19	0
225	20	0
225	21	0
225	22	0
225	23	0
225	24	0
225	25	0
225	26	0
225	27	0
225	28	0
225	29	0
225	30	0
225	31	0
225	32	0
225	33	0
225	34	0
225	35	0
225	36	0
225	37	0
225	38	0
225	39	0
225	40	0
225	41	0
225	42	0
225	43	0
225	44	0
225	45	0
225	46	0
225	47	0
225	48	0
225	49	0
225	50	0
225	51	0
225	52	0
225	53	0
225	54	0
225	55	0
225	56	0
225	57	0
225	58	0
225	59	0
225	60	0
225	61	0
225	62	0
225	63	0
225	64	0
225	65	0
225	66	0
225	67	0
225	68	0
225	69	0
225	70	0
225	71	0
225	72	0
225	73	0
225	74	0
225	75	0
225	76	0
225	77	0
225	78	0
225	79	0
225	80	0
225	81	0
225	82	0
225	83	0
225	84	0
225	85	0
225	86	0
225	87	0
225	88	0
225	89	0
225	90	0
225	91	0
225	92	0
225	93	0
225	94	0
225	95	0
225	96	0
225	97	0
225	98	0
225	99	0
225	100	0
225	101	0
225	102	0
225	103	0
225	104	0
225	105	0
225	106	0
225	107	0
225	108	0
225	109	0
225	110	0
225	111	0
225	112	0
225	113	0
225	114	0
225	115	0
225	116	0
225	117	0
225	118	0
225	119	0
225	120	0
225	121	0
225	122	0
225	123	0
225	124	0
225	125	0
225	126	0
225	127	0
225	128	0
225	129	0
225	130	0
225	131	0
225	132	0
225	133	0
225	134	0
225	135	0
225	136	0
225	137	0
225	138	0
225	139	0
225	140	0
225	141	0
225	142	0
225	143	0
225	144	0
225	145	0
225	146	0
225	147	0
225	148	0
225	149	0
225	150	0
225	151	0
225	152	0
225	153	0
225	154	0
225	155	0
225	156	0
225	157	0
225	158	0
225	159	0
225	160	0
225	161	0
225	162	0
225	163	0
225	164	0
225	165	0
225	166	0
225	167	0
225	168	0
225	169	0
225	170	0
225	171	0
225	172	0
225	173	0
225	174	0
225	175	0
225	176	0
225	177	0
225	178	0
225	179	0
225	180	0
225	181	0
225	182	0
225	183	0
225	184	0
225	185	0
225	186	0
225	187	0
225	188	0
225	189	0
225	190	0
225	191	0
225	192	0
225	193	0
225	194	0
225	195	0
225	196	0
225	197	0
225	198	0
225	199	0
225	200	0
225	201	0
225	202	0
225	203	0
225	204	0
225	205	0
225	206	0
225	207	0
225	208	0
225	209	0
225	210	0
225	211	0
225	212	0
225	213	0
225	214	0
225	215	0
225	216	0
225	217	0
225	218	0
225	219	0
225	220	0
225	221	0
225	222	0
225	223	0
225	224	0
225	226	0
225	227	0
225	228	0
225	229	0
225	230	0
225	231	0
225	232	0
225	233	0
225	234	0
225	235	0
225	236	0
225	237	0
225	238	0
225	239	0
225	240	0
225	241	0
225	242	0
225	243	0
225	244	0
225	245	0
225	246	0
225	247	0
225	248	0
225	249	0
225	250	0
225	251	0
225	252	0
225	253	0
225	254	0
225	255	0
225	256	0
226	1	0
226	2	0
226	3	0
226	4	0
226	5	0
226	6	0
226	7	0
226	8	0
226	9	0
226	10	0
226	11	0
226	12	0
226	13	0
226	14	0
226	15	0
226	16	0
226	17	0
226	18	0
226	19	0
226	20	0
226	21	0
226	22	0
226	23	0
226	24	0
226	25	0
226	26	0
226	27	0
226	28	0
226	29	0
226	30	0
226	31	0
226	32	0
226	33	0
226	34	0
226	35	0
226	36	0
226	37	0
226	38	0
226	39	0
226	40	0
226	41	0
226	42	0
226	43	0
226	44	0
226	45	0
226	46	0
226	47	0
226	48	0
226	49	0
226	50	0
226	51	0
226	52	0
226	53	0
226	54	0
226	55	0
226	56	0
226	57	0
226	58	0
226	59	0
226	60	0
226	61	0
226	62	0
226	63	0
226	64	0
226	65	0
226	66	0
226	67	0
226	68	0
226	69	0
226	70	0
226	71	0
226	72	0
226	73	0
226	74	0
226	75	0
226	76	0
226	77	0
226	78	0
226	79	0
226	80	0
226	81	0
226	82	0
226	83	0
226	84	0
226	85	0
226	86	0
226	87	0
226	88	0
226	89	0
226	90	0
226	91	0
226	92	0
226	93	0
226	94	0
226	95	0
226	96	0
226	97	0
226	98	0
226	99	0
226	100	0
226	101	0
226	102	0
226	103	0
226	104	0
226	105	0
226	106	0
226	107	0
226	108	0
226	109	0
226	110	0
226	111	0
226	112	0
226	113	0
226	114	0
226	115	0
226	116	0
226	117	0
226	118	0
226	119	0
226	120	0
226	121	0
226	122	0
226	123	0
226	124	0
226	125	0
226	126	0
226	127	0
226	128	0
226	129	0
226	130	0
226	131	0
226	132	0
226	133	0
226	134	0
226	135	0
226	136	0
226	137	0
226	138	0
226	139	0
226	140	0
226	141	0
226	142	0
226	143	0
226	144	0
226	145	0
226	146	0
226	147	0
226	148	0
226	149	0
226	150	0
226	151	0
226	152	0
226	153	0
226	154	0
226	155	0
226	156	0
226	157	0
226	158	0
226	159	0
226	160	0
226	161	0
226	162	0
226	163	0
226	164	0
226	165	0
226	166	0
226	167	0
226	168	0
226	169	0
226	170	0
226	171	0
226	172	0
226	173	0
226	174	0
226	175	0
226	176	0
226	177	0
226	178	0
226	179	0
226	180	0
226	181	0
226	182	0
226	183	0
226	184	0
226	185	0
226	186	0
226	187	0
226	188	0
226	189	0
226	190	0
226	191	0
226	192	0
226	193	0
226	194	0
226	195	0
226	196	0
226	197	0
226	198	0
226	199	0
226	200	0
226	201	0
226	202	0
226	203	0
226	204	0
226	205	0
226	206	0
226	207	0
226	208	0
226	209	0
226	210	0
226	211	0
226	212	0
226	213	0
226	214	0
226	215	0
226	216	0
226	217	0
226	218	0
226	219	0
226	220	0
226	221	0
226	222	0
226	223	0
226	224	0
226	225	0
226	227	0
226	228	0
226	229	0
226	230	0
226	231	0
226	232	0
226	233	0
226	234	0
226	235	0
226	236	0
226	237	0
226	238	0
226	239	0
226	240	0
226	241	0
226	242	0
226	243	0
226	244	0
226	245	0
226	246	0
226	247	0
226	248	0
226	249	0
226	250	0
226	251	0
226	252	0
226	253	0
226	254	0
226	255	0
226	256	0
227	1	0
227	2	0
227	3	0
227	4	0
227	5	0
227	6	0
227	7	0
227	8	0
227	9	0
227	10	0
227	11	0
227	12	0
227	13	0
227	14	0
227	15	0
227	16	0
227	17	0
227	18	0
227	19	0
227	20	0
227	21	0
227	22	0
227	23	0
227	24	0
227	25	0
227	26	0
227	27	0
227	28	0
227	29	0
227	30	0
227	31	0
227	32	0
227	33	0
227	34	0
227	35	0
227	36	0
227	37	0
227	38	0
227	39	0
227	40	0
227	41	0
227	42	0
227	43	0
227	44	0
227	45	0
227	46	0
227	47	0
227	48	0
227	49	0
227	50	0
227	51	0
227	52	0
227	53	0
227	54	0
227	55	0
227	56	0
227	57	0
227	58	0
227	59	0
227	60	0
227	61	0
227	62	0
227	63	0
227	64	0
227	65	0
227	66	0
227	67	0
227	68	0
227	69	0
227	70	0
227	71	0
227	72	0
227	73	0
227	74	0
227	75	0
227	76	0
227	77	0
227	78	0
227	79	0
227	80	0
227	81	0
227	82	0
227	83	0
227	84	0
227	85	0
227	86	0
227	87	0
227	88	0
227	89	0
227	90	0
227	91	0
227	92	0
227	93	0
227	94	0
227	95	0
227	96	0
227	97	0
227	98	0
227	99	0
227	100	0
227	101	0
227	102	0
227	103	0
227	104	0
227	105	0
227	106	0
227	107	0
227	108	0
227	109	0
227	110	0
227	111	0
227	112	0
227	113	0
227	114	0
227	115	0
227	116	0
227	117	0
227	118	0
227	119	0
227	120	0
227	121	0
227	122	0
227	123	0
227	124	0
227	125	0
227	126	0
227	127	0
227	128	0
227	129	0
227	130	0
227	131	0
227	132	0
227	133	0
227	134	0
227	135	0
227	136	0
227	137	0
227	138	0
227	139	0
227	140	0
227	141	0
227	142	0
227	143	0
227	144	0
227	145	0
227	146	0
227	147	0
227	148	0
227	149	0
227	150	0
227	151	0
227	152	0
227	153	0
227	154	0
227	155	0
227	156	0
227	157	0
227	158	0
227	159	0
227	160	0
227	161	0
227	162	0
227	163	0
227	164	0
227	165	0
227	166	0
227	167	0
227	168	0
227	169	0
227	170	0
227	171	0
227	172	0
227	173	0
227	174	0
227	175	0
227	176	0
227	177	0
227	178	0
227	179	0
227	180	0
227	181	0
227	182	0
227	183	0
227	184	0
227	185	0
227	186	0
227	187	0
227	188	0
227	189	0
227	190	0
227	191	0
227	192	0
227	193	0
227	194	0
227	195	0
227	196	0
227	197	0
227	198	0
227	199	0
227	200	0
227	201	0
227	202	0
227	203	0
227	204	0
227	205	0
227	206	0
227	207	0
227	208	0
227	209	0
227	210	0
227	211	0
227	212	0
227	213	0
227	214	0
227	215	0
227	216	0
227	217	0
227	218	0
227	219	0
227	220	0
227	221	0
227	222	0
227	223	0
227	224	0
227	225	0
227	226	0
227	228	0
227	229	0
227	230	0
227	231	0
227	232	0
227	233	0
227	234	0
227	235	0
227	236	0
227	237	0
227	238	0
227	239	0
227	240	0
227	241	0
227	242	0
227	243	0
227	244	0
227	245	0
227	246	0
227	247	0
227	248	0
227	249	0
227	250	0
227	251	0
227	252	0
227	253	0
227	254	0
227	255	0
227	256	0
228	1	0
228	2	0
228	3	0
228	4	0
228	5	0
228	6	0
228	7	0
228	8	0
228	9	0
228	10	0
228	11	0
228	12	0
228	13	0
228	14	0
228	15	0
228	16	0
228	17	0
228	18	0
228	19	0
228	20	0
228	21	0
228	22	0
228	23	0
228	24	0
228	25	0
228	26	0
228	27	0
228	28	0
228	29	0
228	30	0
228	31	0
228	32	0
228	33	0
228	34	0
228	35	0
228	36	0
228	37	0
228	38	0
228	39	0
228	40	0
228	41	0
228	42	0
228	43	0
228	44	0
228	45	0
228	46	0
228	47	0
228	48	0
228	49	0
228	50	0
228	51	0
228	52	0
228	53	0
228	54	0
228	55	0
228	56	0
228	57	0
228	58	0
228	59	0
228	60	0
228	61	0
228	62	0
228	63	0
228	64	0
228	65	0
228	66	0
228	67	0
228	68	0
228	69	0
228	70	0
228	71	0
228	72	0
228	73	0
228	74	0
228	75	0
228	76	0
228	77	0
228	78	0
228	79	0
228	80	0
228	81	0
228	82	0
228	83	0
228	84	0
228	85	0
228	86	0
228	87	0
228	88	0
228	89	0
228	90	0
228	91	0
228	92	0
228	93	0
228	94	0
228	95	0
228	96	0
228	97	0
228	98	0
228	99	0
228	100	0
228	101	0
228	102	0
228	103	0
228	104	0
228	105	0
228	106	0
228	107	0
228	108	0
228	109	0
228	110	0
228	111	0
228	112	0
228	113	0
228	114	0
228	115	0
228	116	0
228	117	0
228	118	0
228	119	0
228	120	0
228	121	0
228	122	0
228	123	0
228	124	0
228	125	0
228	126	0
228	127	0
228	128	0
228	129	0
228	130	0
228	131	0
228	132	0
228	133	0
228	134	0
228	135	0
228	136	0
228	137	0
228	138	0
228	139	0
228	140	0
228	141	0
228	142	0
228	143	0
228	144	0
228	145	0
228	146	0
228	147	0
228	148	0
228	149	0
228	150	0
228	151	0
228	152	0
228	153	0
228	154	0
228	155	0
228	156	0
228	157	0
228	158	0
228	159	0
228	160	0
228	161	0
228	162	0
228	163	0
228	164	0
228	165	0
228	166	0
228	167	0
228	168	0
228	169	0
228	170	0
228	171	0
228	172	0
228	173	0
228	174	0
228	175	0
228	176	0
228	177	0
228	178	0
228	179	0
228	180	0
228	181	0
228	182	0
228	183	0
228	184	0
228	185	0
228	186	0
228	187	0
228	188	0
228	189	0
228	190	0
228	191	0
228	192	0
228	193	0
228	194	0
228	195	0
228	196	0
228	197	0
228	198	0
228	199	0
228	200	0
228	201	0
228	202	0
228	203	0
228	204	0
228	205	0
228	206	0
228	207	0
228	208	0
228	209	0
228	210	0
228	211	0
228	212	0
228	213	0
228	214	0
228	215	0
228	216	0
228	217	0
228	218	0
228	219	0
228	220	0
228	221	0
228	222	0
228	223	0
228	224	0
228	225	0
228	226	0
228	227	0
228	229	0
228	230	0
228	231	0
228	232	0
228	233	0
228	234	0
228	235	0
228	236	0
228	237	0
228	238	0
228	239	0
228	240	0
228	241	0
228	242	0
228	243	0
228	244	0
228	245	0
228	246	0
228	247	0
228	248	0
228	249	0
228	250	0
228	251	0
228	252	0
228	253	0
228	254	0
228	255	0
228	256	0
229	1	0
229	2	0
229	3	0
229	4	0
229	5	0
229	6	0
229	7	0
229	8	0
229	9	0
229	10	0
229	11	0
229	12	0
229	13	0
229	14	0
229	15	0
229	16	0
229	17	0
229	18	0
229	19	0
229	20	0
229	21	0
229	22	0
229	23	0
229	24	0
229	25	0
229	26	0
229	27	0
229	28	0
229	29	0
229	30	0
229	31	0
229	32	0
229	33	0
229	34	0
229	35	0
229	36	0
229	37	0
229	38	0
229	39	0
229	40	0
229	41	0
229	42	0
229	43	0
229	44	0
229	45	0
229	46	0
229	47	0
229	48	0
229	49	0
229	50	0
229	51	0
229	52	0
229	53	0
229	54	0
229	55	0
229	56	0
229	57	0
229	58	0
229	59	0
229	60	0
229	61	0
229	62	0
229	63	0
229	64	0
229	65	0
229	66	0
229	67	0
229	68	0
229	69	0
229	70	0
229	71	0
229	72	0
229	73	0
229	74	0
229	75	0
229	76	0
229	77	0
229	78	0
229	79	0
229	80	0
229	81	0
229	82	0
229	83	0
229	84	0
229	85	0
229	86	0
229	87	0
229	88	0
229	89	0
229	90	0
229	91	0
229	92	0
229	93	0
229	94	0
229	95	0
229	96	0
229	97	0
229	98	0
229	99	0
229	100	0
229	101	0
229	102	0
229	103	0
229	104	0
229	105	0
229	106	0
229	107	0
229	108	0
229	109	0
229	110	0
229	111	0
229	112	0
229	113	0
229	114	0
229	115	0
229	116	0
229	117	0
229	118	0
229	119	0
229	120	0
229	121	0
229	122	0
229	123	0
229	124	0
229	125	0
229	126	0
229	127	0
229	128	0
229	129	0
229	130	0
229	131	0
229	132	0
229	133	0
229	134	0
229	135	0
229	136	0
229	137	0
229	138	0
229	139	0
229	140	0
229	141	0
229	142	0
229	143	0
229	144	0
229	145	0
229	146	0
229	147	0
229	148	0
229	149	0
229	150	0
229	151	0
229	152	0
229	153	0
229	154	0
229	155	0
229	156	0
229	157	0
229	158	0
229	159	0
229	160	0
229	161	0
229	162	0
229	163	0
229	164	0
229	165	0
229	166	0
229	167	0
229	168	0
229	169	0
229	170	0
229	171	0
229	172	0
229	173	0
229	174	0
229	175	0
229	176	0
229	177	0
229	178	0
229	179	0
229	180	0
229	181	0
229	182	0
229	183	0
229	184	0
229	185	0
229	186	0
229	187	0
229	188	0
229	189	0
229	190	0
229	191	0
229	192	0
229	193	0
229	194	0
229	195	0
229	196	0
229	197	0
229	198	0
229	199	0
229	200	0
229	201	0
229	202	0
229	203	0
229	204	0
229	205	0
229	206	0
229	207	0
229	208	0
229	209	0
229	210	0
229	211	0
229	212	0
229	213	0
229	214	0
229	215	0
229	216	0
229	217	0
229	218	0
229	219	0
229	220	0
229	221	0
229	222	0
229	223	0
229	224	0
229	225	0
229	226	0
229	227	0
229	228	0
229	230	0
229	231	0
229	232	0
229	233	0
229	234	0
229	235	0
229	236	0
229	237	0
229	238	0
229	239	0
229	240	0
229	241	0
229	242	0
229	243	0
229	244	0
229	245	0
229	246	0
229	247	0
229	248	0
229	249	0
229	250	0
229	251	0
229	252	0
229	253	0
229	254	0
229	255	0
229	256	0
230	1	0
230	2	0
230	3	0
230	4	0
230	5	0
230	6	0
230	7	0
230	8	0
230	9	0
230	10	0
230	11	0
230	12	0
230	13	0
230	14	0
230	15	0
230	16	0
230	17	0
230	18	0
230	19	0
230	20	0
230	21	0
230	22	0
230	23	0
230	24	0
230	25	0
230	26	0
230	27	0
230	28	0
230	29	0
230	30	0
230	31	0
230	32	0
230	33	0
230	34	0
230	35	0
230	36	0
230	37	0
230	38	0
230	39	0
230	40	0
230	41	0
230	42	0
230	43	0
230	44	0
230	45	0
230	46	0
230	47	0
230	48	0
230	49	0
230	50	0
230	51	0
230	52	0
230	53	0
230	54	0
230	55	0
230	56	0
230	57	0
230	58	0
230	59	0
230	60	0
230	61	0
230	62	0
230	63	0
230	64	0
230	65	0
230	66	0
230	67	0
230	68	0
230	69	0
230	70	0
230	71	0
230	72	0
230	73	0
230	74	0
230	75	0
230	76	0
230	77	0
230	78	0
230	79	0
230	80	0
230	81	0
230	82	0
230	83	0
230	84	0
230	85	0
230	86	0
230	87	0
230	88	0
230	89	0
230	90	0
230	91	0
230	92	0
230	93	0
230	94	0
230	95	0
230	96	0
230	97	0
230	98	0
230	99	0
230	100	0
230	101	0
230	102	0
230	103	0
230	104	0
230	105	0
230	106	0
230	107	0
230	108	0
230	109	0
230	110	0
230	111	0
230	112	0
230	113	0
230	114	0
230	115	0
230	116	0
230	117	0
230	118	0
230	119	0
230	120	0
230	121	0
230	122	0
230	123	0
230	124	0
230	125	0
230	126	0
230	127	0
230	128	0
230	129	0
230	130	0
230	131	0
230	132	0
230	133	0
230	134	0
230	135	0
230	136	0
230	137	0
230	138	0
230	139	0
230	140	0
230	141	0
230	142	0
230	143	0
230	144	0
230	145	0
230	146	0
230	147	0
230	148	0
230	149	0
230	150	0
230	151	0
230	152	0
230	153	0
230	154	0
230	155	0
230	156	0
230	157	0
230	158	0
230	159	0
230	160	0
230	161	0
230	162	0
230	163	0
230	164	0
230	165	0
230	166	0
230	167	0
230	168	0
230	169	0
230	170	0
230	171	0
230	172	0
230	173	0
230	174	0
230	175	0
230	176	0
230	177	0
230	178	0
230	179	0
230	180	0
230	181	0
230	182	0
230	183	0
230	184	0
230	185	0
230	186	0
230	187	0
230	188	0
230	189	0
230	190	0
230	191	0
230	192	0
230	193	0
230	194	0
230	195	0
230	196	0
230	197	0
230	198	0
230	199	0
230	200	0
230	201	0
230	202	0
230	203	0
230	204	0
230	205	0
230	206	0
230	207	0
230	208	0
230	209	0
230	210	0
230	211	0
230	212	0
230	213	0
230	214	0
230	215	0
230	216	0
230	217	0
230	218	0
230	219	0
230	220	0
230	221	0
230	222	0
230	223	0
230	224	0
230	225	0
230	226	0
230	227	0
230	228	0
230	229	0
230	231	0
230	232	0
230	233	0
230	234	0
230	235	0
230	236	0
230	237	0
230	238	0
230	239	0
230	240	0
230	241	0
230	242	0
230	243	0
230	244	0
230	245	0
230	246	0
230	247	0
230	248	0
230	249	0
230	250	0
230	251	0
230	252	0
230	253	0
230	254	0
230	255	0
230	256	0
231	1	0
231	2	0
231	3	0
231	4	0
231	5	0
231	6	0
231	7	0
231	8	0
231	9	0
231	10	0
231	11	0
231	12	0
231	13	0
231	14	0
231	15	0
231	16	0
231	17	0
231	18	0
231	19	0
231	20	0
231	21	0
231	22	0
231	23	0
231	24	0
231	25	0
231	26	0
231	27	0
231	28	0
231	29	0
231	30	0
231	31	0
231	32	0
231	33	0
231	34	0
231	35	0
231	36	0
231	37	0
231	38	0
231	39	0
231	40	0
231	41	0
231	42	0
231	43	0
231	44	0
231	45	0
231	46	0
231	47	0
231	48	0
231	49	0
231	50	0
231	51	0
231	52	0
231	53	0
231	54	0
231	55	0
231	56	0
231	57	0
231	58	0
231	59	0
231	60	0
231	61	0
231	62	0
231	63	0
231	64	0
231	65	0
231	66	0
231	67	0
231	68	0
231	69	0
231	70	0
231	71	0
231	72	0
231	73	0
231	74	0
231	75	0
231	76	0
231	77	0
231	78	0
231	79	0
231	80	0
231	81	0
231	82	0
231	83	0
231	84	0
231	85	0
231	86	0
231	87	0
231	88	0
231	89	0
231	90	0
231	91	0
231	92	0
231	93	0
231	94	0
231	95	0
231	96	0
231	97	0
231	98	0
231	99	0
231	100	0
231	101	0
231	102	0
231	103	0
231	104	0
231	105	0
231	106	0
231	107	0
231	108	0
231	109	0
231	110	0
231	111	0
231	112	0
231	113	0
231	114	0
231	115	0
231	116	0
231	117	0
231	118	0
231	119	0
231	120	0
231	121	0
231	122	0
231	123	0
231	124	0
231	125	0
231	126	0
231	127	0
231	128	0
231	129	0
231	130	0
231	131	0
231	132	0
231	133	0
231	134	0
231	135	0
231	136	0
231	137	0
231	138	0
231	139	0
231	140	0
231	141	0
231	142	0
231	143	0
231	144	0
231	145	0
231	146	0
231	147	0
231	148	0
231	149	0
231	150	0
231	151	0
231	152	0
231	153	0
231	154	0
231	155	0
231	156	0
231	157	0
231	158	0
231	159	0
231	160	0
231	161	0
231	162	0
231	163	0
231	164	0
231	165	0
231	166	0
231	167	0
231	168	0
231	169	0
231	170	0
231	171	0
231	172	0
231	173	0
231	174	0
231	175	0
231	176	0
231	177	0
231	178	0
231	179	0
231	180	0
231	181	0
231	182	0
231	183	0
231	184	0
231	185	0
231	186	0
231	187	0
231	188	0
231	189	0
231	190	0
231	191	0
231	192	0
231	193	0
231	194	0
231	195	0
231	196	0
231	197	0
231	198	0
231	199	0
231	200	0
231	201	0
231	202	0
231	203	0
231	204	0
231	205	0
231	206	0
231	207	0
231	208	0
231	209	0
231	210	0
231	211	0
231	212	0
231	213	0
231	214	0
231	215	0
231	216	0
231	217	0
231	218	0
231	219	0
231	220	0
231	221	0
231	222	0
231	223	0
231	224	0
231	225	0
231	226	0
231	227	0
231	228	0
231	229	0
231	230	0
231	232	0
231	233	0
231	234	0
231	235	0
231	236	0
231	237	0
231	238	0
231	239	0
231	240	0
231	241	0
231	242	0
231	243	0
231	244	0
231	245	0
231	246	0
231	247	0
231	248	0
231	249	0
231	250	0
231	251	0
231	252	0
231	253	0
231	254	0
231	255	0
231	256	0
232	1	0
232	2	0
232	3	0
232	4	0
232	5	0
232	6	0
232	7	0
232	8	0
232	9	0
232	10	0
232	11	0
232	12	0
232	13	0
232	14	0
232	15	0
232	16	0
232	17	0
232	18	0
232	19	0
232	20	0
232	21	0
232	22	0
232	23	0
232	24	0
232	25	0
232	26	0
232	27	0
232	28	0
232	29	0
232	30	0
232	31	0
232	32	0
232	33	0
232	34	0
232	35	0
232	36	0
232	37	0
232	38	0
232	39	0
232	40	0
232	41	0
232	42	0
232	43	0
232	44	0
232	45	0
232	46	0
232	47	0
232	48	0
232	49	0
232	50	0
232	51	0
232	52	0
232	53	0
232	54	0
232	55	0
232	56	0
232	57	0
232	58	0
232	59	0
232	60	0
232	61	0
232	62	0
232	63	0
232	64	0
232	65	0
232	66	0
232	67	0
232	68	0
232	69	0
232	70	0
232	71	0
232	72	0
232	73	0
232	74	0
232	75	0
232	76	0
232	77	0
232	78	0
232	79	0
232	80	0
232	81	0
232	82	0
232	83	0
232	84	0
232	85	0
232	86	0
232	87	0
232	88	0
232	89	0
232	90	0
232	91	0
232	92	0
232	93	0
232	94	0
232	95	0
232	96	0
232	97	0
232	98	0
232	99	0
232	100	0
232	101	0
232	102	0
232	103	0
232	104	0
232	105	0
232	106	0
232	107	0
232	108	0
232	109	0
232	110	0
232	111	0
232	112	0
232	113	0
232	114	0
232	115	0
232	116	0
232	117	0
232	118	0
232	119	0
232	120	0
232	121	0
232	122	0
232	123	0
232	124	0
232	125	0
232	126	0
232	127	0
232	128	0
232	129	0
232	130	0
232	131	0
232	132	0
232	133	0
232	134	0
232	135	0
232	136	0
232	137	0
232	138	0
232	139	0
232	140	0
232	141	0
232	142	0
232	143	0
232	144	0
232	145	0
232	146	0
232	147	0
232	148	0
232	149	0
232	150	0
232	151	0
232	152	0
232	153	0
232	154	0
232	155	0
232	156	0
232	157	0
232	158	0
232	159	0
232	160	0
232	161	0
232	162	0
232	163	0
232	164	0
232	165	0
232	166	0
232	167	0
232	168	0
232	169	0
232	170	0
232	171	0
232	172	0
232	173	0
232	174	0
232	175	0
232	176	0
232	177	0
232	178	0
232	179	0
232	180	0
232	181	0
232	182	0
232	183	0
232	184	0
232	185	0
232	186	0
232	187	0
232	188	0
232	189	0
232	190	0
232	191	0
232	192	0
232	193	0
232	194	0
232	195	0
232	196	0
232	197	0
232	198	0
232	199	0
232	200	0
232	201	0
232	202	0
232	203	0
232	204	0
232	205	0
232	206	0
232	207	0
232	208	0
232	209	0
232	210	0
232	211	0
232	212	0
232	213	0
232	214	0
232	215	0
232	216	0
232	217	0
232	218	0
232	219	0
232	220	0
232	221	0
232	222	0
232	223	0
232	224	0
232	225	0
232	226	0
232	227	0
232	228	0
232	229	0
232	230	0
232	231	0
232	233	0
232	234	0
232	235	0
232	236	0
232	237	0
232	238	0
232	239	0
232	240	0
232	241	0
232	242	0
232	243	0
232	244	0
232	245	0
232	246	0
232	247	0
232	248	0
232	249	0
232	250	0
232	251	0
232	252	0
232	253	0
232	254	0
232	255	0
232	256	0
233	1	0
233	2	0
233	3	0
233	4	0
233	5	0
233	6	0
233	7	0
233	8	0
233	9	0
233	10	0
233	11	0
233	12	0
233	13	0
233	14	0
233	15	0
233	16	0
233	17	0
233	18	0
233	19	0
233	20	0
233	21	0
233	22	0
233	23	0
233	24	0
233	25	0
233	26	0
233	27	0
233	28	0
233	29	0
233	30	0
233	31	0
233	32	0
233	33	0
233	34	0
233	35	0
233	36	0
233	37	0
233	38	0
233	39	0
233	40	0
233	41	0
233	42	0
233	43	0
233	44	0
233	45	0
233	46	0
233	47	0
233	48	0
233	49	0
233	50	0
233	51	0
233	52	0
233	53	0
233	54	0
233	55	0
233	56	0
233	57	0
233	58	0
233	59	0
233	60	0
233	61	0
233	62	0
233	63	0
233	64	0
233	65	0
233	66	0
233	67	0
233	68	0
233	69	0
233	70	0
233	71	0
233	72	0
233	73	0
233	74	0
233	75	0
233	76	0
233	77	0
233	78	0
233	79	0
233	80	0
233	81	0
233	82	0
233	83	0
233	84	0
233	85	0
233	86	0
233	87	0
233	88	0
233	89	0
233	90	0
233	91	0
233	92	0
233	93	0
233	94	0
233	95	0
233	96	0
233	97	0
233	98	0
233	99	0
233	100	0
233	101	0
233	102	0
233	103	0
233	104	0
233	105	0
233	106	0
233	107	0
233	108	0
233	109	0
233	110	0
233	111	0
233	112	0
233	113	0
233	114	0
233	115	0
233	116	0
233	117	0
233	118	0
233	119	0
233	120	0
233	121	0
233	122	0
233	123	0
233	124	0
233	125	0
233	126	0
233	127	0
233	128	0
233	129	0
233	130	0
233	131	0
233	132	0
233	133	0
233	134	0
233	135	0
233	136	0
233	137	0
233	138	0
233	139	0
233	140	0
233	141	0
233	142	0
233	143	0
233	144	0
233	145	0
233	146	0
233	147	0
233	148	0
233	149	0
233	150	0
233	151	0
233	152	0
233	153	0
233	154	0
233	155	0
233	156	0
233	157	0
233	158	0
233	159	0
233	160	0
233	161	0
233	162	0
233	163	0
233	164	0
233	165	0
233	166	0
233	167	0
233	168	0
233	169	0
233	170	0
233	171	0
233	172	0
233	173	0
233	174	0
233	175	0
233	176	0
233	177	0
233	178	0
233	179	0
233	180	0
233	181	0
233	182	0
233	183	0
233	184	0
233	185	0
233	186	0
233	187	0
233	188	0
233	189	0
233	190	0
233	191	0
233	192	0
233	193	0
233	194	0
233	195	0
233	196	0
233	197	0
233	198	0
233	199	0
233	200	0
233	201	0
233	202	0
233	203	0
233	204	0
233	205	0
233	206	0
233	207	0
233	208	0
233	209	0
233	210	0
233	211	0
233	212	0
233	213	0
233	214	0
233	215	0
233	216	0
233	217	0
233	218	0
233	219	0
233	220	0
233	221	0
233	222	0
233	223	0
233	224	0
233	225	0
233	226	0
233	227	0
233	228	0
233	229	0
233	230	0
233	231	0
233	232	0
233	234	0
233	235	0
233	236	0
233	237	0
233	238	0
233	239	0
233	240	0
233	241	0
233	242	0
233	243	0
233	244	0
233	245	0
233	246	0
233	247	0
233	248	0
233	249	0
233	250	0
233	251	0
233	252	0
233	253	0
233	254	0
233	255	0
233	256	0
234	1	0
234	2	0
234	3	0
234	4	0
234	5	0
234	6	0
234	7	0
234	8	0
234	9	0
234	10	0
234	11	0
234	12	0
234	13	0
234	14	0
234	15	0
234	16	0
234	17	0
234	18	0
234	19	0
234	20	0
234	21	0
234	22	0
234	23	0
234	24	0
234	25	0
234	26	0
234	27	0
234	28	0
234	29	0
234	30	0
234	31	0
234	32	0
234	33	0
234	34	0
234	35	0
234	36	0
234	37	0
234	38	0
234	39	0
234	40	0
234	41	0
234	42	0
234	43	0
234	44	0
234	45	0
234	46	0
234	47	0
234	48	0
234	49	0
234	50	0
234	51	0
234	52	0
234	53	0
234	54	0
234	55	0
234	56	0
234	57	0
234	58	0
234	59	0
234	60	0
234	61	0
234	62	0
234	63	0
234	64	0
234	65	0
234	66	0
234	67	0
234	68	0
234	69	0
234	70	0
234	71	0
234	72	0
234	73	0
234	74	0
234	75	0
234	76	0
234	77	0
234	78	0
234	79	0
234	80	0
234	81	0
234	82	0
234	83	0
234	84	0
234	85	0
234	86	0
234	87	0
234	88	0
234	89	0
234	90	0
234	91	0
234	92	0
234	93	0
234	94	0
234	95	0
234	96	0
234	97	0
234	98	0
234	99	0
234	100	0
234	101	0
234	102	0
234	103	0
234	104	0
234	105	0
234	106	0
234	107	0
234	108	0
234	109	0
234	110	0
234	111	0
234	112	0
234	113	0
234	114	0
234	115	0
234	116	0
234	117	0
234	118	0
234	119	0
234	120	0
234	121	0
234	122	0
234	123	0
234	124	0
234	125	0
234	126	0
234	127	0
234	128	0
234	129	0
234	130	0
234	131	0
234	132	0
234	133	0
234	134	0
234	135	0
234	136	0
234	137	0
234	138	0
234	139	0
234	140	0
234	141	0
234	142	0
234	143	0
234	144	0
234	145	0
234	146	0
234	147	0
234	148	0
234	149	0
234	150	0
234	151	0
234	152	0
234	153	0
234	154	0
234	155	0
234	156	0
234	157	0
234	158	0
234	159	0
234	160	0
234	161	0
234	162	0
234	163	0
234	164	0
234	165	0
234	166	0
234	167	0
234	168	0
234	169	0
234	170	0
234	171	0
234	172	0
234	173	0
234	174	0
234	175	0
234	176	0
234	177	0
234	178	0
234	179	0
234	180	0
234	181	0
234	182	0
234	183	0
234	184	0
234	185	0
234	186	0
234	187	0
234	188	0
234	189	0
234	190	0
234	191	0
234	192	0
234	193	0
234	194	0
234	195	0
234	196	0
234	197	0
234	198	0
234	199	0
234	200	0
234	201	0
234	202	0
234	203	0
234	204	0
234	205	0
234	206	0
234	207	0
234	208	0
234	209	0
234	210	0
234	211	0
234	212	0
234	213	0
234	214	0
234	215	0
234	216	0
234	217	0
234	218	0
234	219	0
234	220	0
234	221	0
234	222	0
234	223	0
234	224	0
234	225	0
234	226	0
234	227	0
234	228	0
234	229	0
234	230	0
234	231	0
234	232	0
234	233	0
234	235	0
234	236	0
234	237	0
234	238	0
234	239	0
234	240	0
234	241	0
234	242	0
234	243	0
234	244	0
234	245	0
234	246	0
234	247	0
234	248	0
234	249	0
234	250	0
234	251	0
234	252	0
234	253	0
234	254	0
234	255	0
234	256	0
235	1	0
235	2	0
235	3	0
235	4	0
235	5	0
235	6	0
235	7	0
235	8	0
235	9	0
235	10	0
235	11	0
235	12	0
235	13	0
235	14	0
235	15	0
235	16	0
235	17	0
235	18	0
235	19	0
235	20	0
235	21	0
235	22	0
235	23	0
235	24	0
235	25	0
235	26	0
235	27	0
235	28	0
235	29	0
235	30	0
235	31	0
235	32	0
235	33	0
235	34	0
235	35	0
235	36	0
235	37	0
235	38	0
235	39	0
235	40	0
235	41	0
235	42	0
235	43	0
235	44	0
235	45	0
235	46	0
235	47	0
235	48	0
235	49	0
235	50	0
235	51	0
235	52	0
235	53	0
235	54	0
235	55	0
235	56	0
235	57	0
235	58	0
235	59	0
235	60	0
235	61	0
235	62	0
235	63	0
235	64	0
235	65	0
235	66	0
235	67	0
235	68	0
235	69	0
235	70	0
235	71	0
235	72	0
235	73	0
235	74	0
235	75	0
235	76	0
235	77	0
235	78	0
235	79	0
235	80	0
235	81	0
235	82	0
235	83	0
235	84	0
235	85	0
235	86	0
235	87	0
235	88	0
235	89	0
235	90	0
235	91	0
235	92	0
235	93	0
235	94	0
235	95	0
235	96	0
235	97	0
235	98	0
235	99	0
235	100	0
235	101	0
235	102	0
235	103	0
235	104	0
235	105	0
235	106	0
235	107	0
235	108	0
235	109	0
235	110	0
235	111	0
235	112	0
235	113	0
235	114	0
235	115	0
235	116	0
235	117	0
235	118	0
235	119	0
235	120	0
235	121	0
235	122	0
235	123	0
235	124	0
235	125	0
235	126	0
235	127	0
235	128	0
235	129	0
235	130	0
235	131	0
235	132	0
235	133	0
235	134	0
235	135	0
235	136	0
235	137	0
235	138	0
235	139	0
235	140	0
235	141	0
235	142	0
235	143	0
235	144	0
235	145	0
235	146	0
235	147	0
235	148	0
235	149	0
235	150	0
235	151	0
235	152	0
235	153	0
235	154	0
235	155	0
235	156	0
235	157	0
235	158	0
235	159	0
235	160	0
235	161	0
235	162	0
235	163	0
235	164	0
235	165	0
235	166	0
235	167	0
235	168	0
235	169	0
235	170	0
235	171	0
235	172	0
235	173	0
235	174	0
235	175	0
235	176	0
235	177	0
235	178	0
235	179	0
235	180	0
235	181	0
235	182	0
235	183	0
235	184	0
235	185	0
235	186	0
235	187	0
235	188	0
235	189	0
235	190	0
235	191	0
235	192	0
235	193	0
235	194	0
235	195	0
235	196	0
235	197	0
235	198	0
235	199	0
235	200	0
235	201	0
235	202	0
235	203	0
235	204	0
235	205	0
235	206	0
235	207	0
235	208	0
235	209	0
235	210	0
235	211	0
235	212	0
235	213	0
235	214	0
235	215	0
235	216	0
235	217	0
235	218	0
235	219	0
235	220	0
235	221	0
235	222	0
235	223	0
235	224	0
235	225	0
235	226	0
235	227	0
235	228	0
235	229	0
235	230	0
235	231	0
235	232	0
235	233	0
235	234	0
235	236	0
235	237	0
235	238	0
235	239	0
235	240	0
235	241	0
235	242	0
235	243	0
235	244	0
235	245	0
235	246	0
235	247	0
235	248	0
235	249	0
235	250	0
235	251	0
235	252	0
235	253	0
235	254	0
235	255	0
235	256	0
236	1	0
236	2	0
236	3	0
236	4	0
236	5	0
236	6	0
236	7	0
236	8	0
236	9	0
236	10	0
236	11	0
236	12	0
236	13	0
236	14	0
236	15	0
236	16	0
236	17	0
236	18	0
236	19	0
236	20	0
236	21	0
236	22	0
236	23	0
236	24	0
236	25	0
236	26	0
236	27	0
236	28	0
236	29	0
236	30	0
236	31	0
236	32	0
236	33	0
236	34	0
236	35	0
236	36	0
236	37	0
236	38	0
236	39	0
236	40	0
236	41	0
236	42	0
236	43	0
236	44	0
236	45	0
236	46	0
236	47	0
236	48	0
236	49	0
236	50	0
236	51	0
236	52	0
236	53	0
236	54	0
236	55	0
236	56	0
236	57	0
236	58	0
236	59	0
236	60	0
236	61	0
236	62	0
236	63	0
236	64	0
236	65	0
236	66	0
236	67	0
236	68	0
236	69	0
236	70	0
236	71	0
236	72	0
236	73	0
236	74	0
236	75	0
236	76	0
236	77	0
236	78	0
236	79	0
236	80	0
236	81	0
236	82	0
236	83	0
236	84	0
236	85	0
236	86	0
236	87	0
236	88	0
236	89	0
236	90	0
236	91	0
236	92	0
236	93	0
236	94	0
236	95	0
236	96	0
236	97	0
236	98	0
236	99	0
236	100	0
236	101	0
236	102	0
236	103	0
236	104	0
236	105	0
236	106	0
236	107	0
236	108	0
236	109	0
236	110	0
236	111	0
236	112	0
236	113	0
236	114	0
236	115	0
236	116	0
236	117	0
236	118	0
236	119	0
236	120	0
236	121	0
236	122	0
236	123	0
236	124	0
236	125	0
236	126	0
236	127	0
236	128	0
236	129	0
236	130	0
236	131	0
236	132	0
236	133	0
236	134	0
236	135	0
236	136	0
236	137	0
236	138	0
236	139	0
236	140	0
236	141	0
236	142	0
236	143	0
236	144	0
236	145	0
236	146	0
236	147	0
236	148	0
236	149	0
236	150	0
236	151	0
236	152	0
236	153	0
236	154	0
236	155	0
236	156	0
236	157	0
236	158	0
236	159	0
236	160	0
236	161	0
236	162	0
236	163	0
236	164	0
236	165	0
236	166	0
236	167	0
236	168	0
236	169	0
236	170	0
236	171	0
236	172	0
236	173	0
236	174	0
236	175	0
236	176	0
236	177	0
236	178	0
236	179	0
236	180	0
236	181	0
236	182	0
236	183	0
236	184	0
236	185	0
236	186	0
236	187	0
236	188	0
236	189	0
236	190	0
236	191	0
236	192	0
236	193	0
236	194	0
236	195	0
236	196	0
236	197	0
236	198	0
236	199	0
236	200	0
236	201	0
236	202	0
236	203	0
236	204	0
236	205	0
236	206	0
236	207	0
236	208	0
236	209	0
236	210	0
236	211	0
236	212	0
236	213	0
236	214	0
236	215	0
236	216	0
236	217	0
236	218	0
236	219	0
236	220	0
236	221	0
236	222	0
236	223	0
236	224	0
236	225	0
236	226	0
236	227	0
236	228	0
236	229	0
236	230	0
236	231	0
236	232	0
236	233	0
236	234	0
236	235	0
236	237	0
236	238	0
236	239	0
236	240	0
236	241	0
236	242	0
236	243	0
236	244	0
236	245	0
236	246	0
236	247	0
236	248	0
236	249	0
236	250	0
236	251	0
236	252	0
236	253	0
236	254	0
236	255	0
236	256	0
237	1	0
237	2	0
237	3	0
237	4	0
237	5	0
237	6	0
237	7	0
237	8	0
237	9	0
237	10	0
237	11	0
237	12	0
237	13	0
237	14	0
237	15	0
237	16	0
237	17	0
237	18	0
237	19	0
237	20	0
237	21	0
237	22	0
237	23	0
237	24	0
237	25	0
237	26	0
237	27	0
237	28	0
237	29	0
237	30	0
237	31	0
237	32	0
237	33	0
237	34	0
237	35	0
237	36	0
237	37	0
237	38	0
237	39	0
237	40	0
237	41	0
237	42	0
237	43	0
237	44	0
237	45	0
237	46	0
237	47	0
237	48	0
237	49	0
237	50	0
237	51	0
237	52	0
237	53	0
237	54	0
237	55	0
237	56	0
237	57	0
237	58	0
237	59	0
237	60	0
237	61	0
237	62	0
237	63	0
237	64	0
237	65	0
237	66	0
237	67	0
237	68	0
237	69	0
237	70	0
237	71	0
237	72	0
237	73	0
237	74	0
237	75	0
237	76	0
237	77	0
237	78	0
237	79	0
237	80	0
237	81	0
237	82	0
237	83	0
237	84	0
237	85	0
237	86	0
237	87	0
237	88	0
237	89	0
237	90	0
237	91	0
237	92	0
237	93	0
237	94	0
237	95	0
237	96	0
237	97	0
237	98	0
237	99	0
237	100	0
237	101	0
237	102	0
237	103	0
237	104	0
237	105	0
237	106	0
237	107	0
237	108	0
237	109	0
237	110	0
237	111	0
237	112	0
237	113	0
237	114	0
237	115	0
237	116	0
237	117	0
237	118	0
237	119	0
237	120	0
237	121	0
237	122	0
237	123	0
237	124	0
237	125	0
237	126	0
237	127	0
237	128	0
237	129	0
237	130	0
237	131	0
237	132	0
237	133	0
237	134	0
237	135	0
237	136	0
237	137	0
237	138	0
237	139	0
237	140	0
237	141	0
237	142	0
237	143	0
237	144	0
237	145	0
237	146	0
237	147	0
237	148	0
237	149	0
237	150	0
237	151	0
237	152	0
237	153	0
237	154	0
237	155	0
237	156	0
237	157	0
237	158	0
237	159	0
237	160	0
237	161	0
237	162	0
237	163	0
237	164	0
237	165	0
237	166	0
237	167	0
237	168	0
237	169	0
237	170	0
237	171	0
237	172	0
237	173	0
237	174	0
237	175	0
237	176	0
237	177	0
237	178	0
237	179	0
237	180	0
237	181	0
237	182	0
237	183	0
237	184	0
237	185	0
237	186	0
237	187	0
237	188	0
237	189	0
237	190	0
237	191	0
237	192	0
237	193	0
237	194	0
237	195	0
237	196	0
237	197	0
237	198	0
237	199	0
237	200	0
237	201	0
237	202	0
237	203	0
237	204	0
237	205	0
237	206	0
237	207	0
237	208	0
237	209	0
237	210	0
237	211	0
237	212	0
237	213	0
237	214	0
237	215	0
237	216	0
237	217	0
237	218	0
237	219	0
237	220	0
237	221	0
237	222	0
237	223	0
237	224	0
237	225	0
237	226	0
237	227	0
237	228	0
237	229	0
237	230	0
237	231	0
237	232	0
237	233	0
237	234	0
237	235	0
237	236	0
237	238	0
237	239	0
237	240	0
237	241	0
237	242	0
237	243	0
237	244	0
237	245	0
237	246	0
237	247	0
237	248	0
237	249	0
237	250	0
237	251	0
237	252	0
237	253	0
237	254	0
237	255	0
237	256	0
238	1	0
238	2	0
238	3	0
238	4	0
238	5	0
238	6	0
238	7	0
238	8	0
238	9	0
238	10	0
238	11	0
238	12	0
238	13	0
238	14	0
238	15	0
238	16	0
238	17	0
238	18	0
238	19	0
238	20	0
238	21	0
238	22	0
238	23	0
238	24	0
238	25	0
238	26	0
238	27	0
238	28	0
238	29	0
238	30	0
238	31	0
238	32	0
238	33	0
238	34	0
238	35	0
238	36	0
238	37	0
238	38	0
238	39	0
238	40	0
238	41	0
238	42	0
238	43	0
238	44	0
238	45	0
238	46	0
238	47	0
238	48	0
238	49	0
238	50	0
238	51	0
238	52	0
238	53	0
238	54	0
238	55	0
238	56	0
238	57	0
238	58	0
238	59	0
238	60	0
238	61	0
238	62	0
238	63	0
238	64	0
238	65	0
238	66	0
238	67	0
238	68	0
238	69	0
238	70	0
238	71	0
238	72	0
238	73	0
238	74	0
238	75	0
238	76	0
238	77	0
238	78	0
238	79	0
238	80	0
238	81	0
238	82	0
238	83	0
238	84	0
238	85	0
238	86	0
238	87	0
238	88	0
238	89	0
238	90	0
238	91	0
238	92	0
238	93	0
238	94	0
238	95	0
238	96	0
238	97	0
238	98	0
238	99	0
238	100	0
238	101	0
238	102	0
238	103	0
238	104	0
238	105	0
238	106	0
238	107	0
238	108	0
238	109	0
238	110	0
238	111	0
238	112	0
238	113	0
238	114	0
238	115	0
238	116	0
238	117	0
238	118	0
238	119	0
238	120	0
238	121	0
238	122	0
238	123	0
238	124	0
238	125	0
238	126	0
238	127	0
238	128	0
238	129	0
238	130	0
238	131	0
238	132	0
238	133	0
238	134	0
238	135	0
238	136	0
238	137	0
238	138	0
238	139	0
238	140	0
238	141	0
238	142	0
238	143	0
238	144	0
238	145	0
238	146	0
238	147	0
238	148	0
238	149	0
238	150	0
238	151	0
238	152	0
238	153	0
238	154	0
238	155	0
238	156	0
238	157	0
238	158	0
238	159	0
238	160	0
238	161	0
238	162	0
238	163	0
238	164	0
238	165	0
238	166	0
238	167	0
238	168	0
238	169	0
238	170	0
238	171	0
238	172	0
238	173	0
238	174	0
238	175	0
238	176	0
238	177	0
238	178	0
238	179	0
238	180	0
238	181	0
238	182	0
238	183	0
238	184	0
238	185	0
238	186	0
238	187	0
238	188	0
238	189	0
238	190	0
238	191	0
238	192	0
238	193	0
238	194	0
238	195	0
238	196	0
238	197	0
238	198	0
238	199	0
238	200	0
238	201	0
238	202	0
238	203	0
238	204	0
238	205	0
238	206	0
238	207	0
238	208	0
238	209	0
238	210	0
238	211	0
238	212	0
238	213	0
238	214	0
238	215	0
238	216	0
238	217	0
238	218	0
238	219	0
238	220	0
238	221	0
238	222	0
238	223	0
238	224	0
238	225	0
238	226	0
238	227	0
238	228	0
238	229	0
238	230	0
238	231	0
238	232	0
238	233	0
238	234	0
238	235	0
238	236	0
238	237	0
238	239	0
238	240	0
238	241	0
238	242	0
238	243	0
238	244	0
238	245	0
238	246	0
238	247	0
238	248	0
238	249	0
238	250	0
238	251	0
238	252	0
238	253	0
238	254	0
238	255	0
238	256	0
239	1	0
239	2	0
239	3	0
239	4	0
239	5	0
239	6	0
239	7	0
239	8	0
239	9	0
239	10	0
239	11	0
239	12	0
239	13	0
239	14	0
239	15	0
239	16	0
239	17	0
239	18	0
239	19	0
239	20	0
239	21	0
239	22	0
239	23	0
239	24	0
239	25	0
239	26	0
239	27	0
239	28	0
239	29	0
239	30	0
239	31	0
239	32	0
239	33	0
239	34	0
239	35	0
239	36	0
239	37	0
239	38	0
239	39	0
239	40	0
239	41	0
239	42	0
239	43	0
239	44	0
239	45	0
239	46	0
239	47	0
239	48	0
239	49	0
239	50	0
239	51	0
239	52	0
239	53	0
239	54	0
239	55	0
239	56	0
239	57	0
239	58	0
239	59	0
239	60	0
239	61	0
239	62	0
239	63	0
239	64	0
239	65	0
239	66	0
239	67	0
239	68	0
239	69	0
239	70	0
239	71	0
239	72	0
239	73	0
239	74	0
239	75	0
239	76	0
239	77	0
239	78	0
239	79	0
239	80	0
239	81	0
239	82	0
239	83	0
239	84	0
239	85	0
239	86	0
239	87	0
239	88	0
239	89	0
239	90	0
239	91	0
239	92	0
239	93	0
239	94	0
239	95	0
239	96	0
239	97	0
239	98	0
239	99	0
239	100	0
239	101	0
239	102	0
239	103	0
239	104	0
239	105	0
239	106	0
239	107	0
239	108	0
239	109	0
239	110	0
239	111	0
239	112	0
239	113	0
239	114	0
239	115	0
239	116	0
239	117	0
239	118	0
239	119	0
239	120	0
239	121	0
239	122	0
239	123	0
239	124	0
239	125	0
239	126	0
239	127	0
239	128	0
239	129	0
239	130	0
239	131	0
239	132	0
239	133	0
239	134	0
239	135	0
239	136	0
239	137	0
239	138	0
239	139	0
239	140	0
239	141	0
239	142	0
239	143	0
239	144	0
239	145	0
239	146	0
239	147	0
239	148	0
239	149	0
239	150	0
239	151	0
239	152	0
239	153	0
239	154	0
239	155	0
239	156	0
239	157	0
239	158	0
239	159	0
239	160	0
239	161	0
239	162	0
239	163	0
239	164	0
239	165	0
239	166	0
239	167	0
239	168	0
239	169	0
239	170	0
239	171	0
239	172	0
239	173	0
239	174	0
239	175	0
239	176	0
239	177	0
239	178	0
239	179	0
239	180	0
239	181	0
239	182	0
239	183	0
239	184	0
239	185	0
239	186	0
239	187	0
239	188	0
239	189	0
239	190	0
239	191	0
239	192	0
239	193	0
239	194	0
239	195	0
239	196	0
239	197	0
239	198	0
239	199	0
239	200	0
239	201	0
239	202	0
239	203	0
239	204	0
239	205	0
239	206	0
239	207	0
239	208	0
239	209	0
239	210	0
239	211	0
239	212	0
239	213	0
239	214	0
239	215	0
239	216	0
239	217	0
239	218	0
239	219	0
239	220	0
239	221	0
239	222	0
239	223	0
239	224	0
239	225	0
239	226	0
239	227	0
239	228	0
239	229	0
239	230	0
239	231	0
239	232	0
239	233	0
239	234	0
239	235	0
239	236	0
239	237	0
239	238	0
239	240	0
239	241	0
239	242	0
239	243	0
239	244	0
239	245	0
239	246	0
239	247	0
239	248	0
239	249	0
239	250	0
239	251	0
239	252	0
239	253	0
239	254	0
239	255	0
239	256	0
240	1	0.732982
240	2	0.673598
240	3	0.725107
240	4	0.708554
240	5	0.734687
240	6	0.733038
240	7	0.711212
240	8	0.721092
240	9	0.687511
240	10	0.697198
240	11	0.619302
240	12	0.630446
240	13	0.669771
240	14	0.611369
240	15	0.666976
240	16	0.676395
240	17	0.680694
240	18	0.664536
240	19	0.653821
240	20	0.63808
240	21	0
240	22	0.665084
240	23	0.506356
240	24	0.626159
240	25	0
240	26	0.607359
240	27	0.577628
240	28	0.601106
240	29	0.556713
240	30	0.592
240	31	0.592227
240	32	0.603939
240	33	0
240	34	0.553082
240	35	0.609153
240	36	0.547076
240	37	0.594683
240	38	0.0894395
240	39	0.603354
240	40	0.60316
240	41	0.595681
240	42	0.569875
240	43	0.596079
240	44	0.572952
240	45	0.581179
240	46	0.59316
240	47	0.588068
240	48	0.543586
240	49	0.586336
240	50	0.567843
240	51	0.582029
240	52	0.583579
240	53	0.566456
240	54	0.431699
240	55	0.421652
240	56	0.419138
240	57	0
240	58	0
240	59	0
240	60	0
240	61	0
240	62	0.668084
240	63	0.630138
240	64	0.682265
240	65	0.913602
240	66	0.94335
240	67	0.944548
240	68	0.952273
240	69	0.932352
240	70	0.963126
240	71	0.967092
240	72	0.897055
240	73	0.933409
240	74	0.967738
240	75	0.868108
240	76	0.954074
240	77	0.935049
240	78	0.85094
240	79	0.914932
240	80	0.856201
240	81	0.885338
240	82	0.866178
240	83	0.911418
240	84	0.897715
240	85	0.874083
240	86	0.803993
240	87	0.798878
240	88	0.825175
240	89	0.860066
240	90	0.819246
240	91	0.848821
240	92	0.807769
240	93	0.826261
240	94	0.803354
240	95	0.823906
240	96	0.820845
240	97	0.798825
240	98	0.719008
240	99	0.804798
240	100	0.797667
240	101	0.789569
240	102	0.79318
240	103	0.725312
240	104	0.695417
240	105	0.773256
240	106	0.679597
240	107	0.61669
240	108	0.640634
240	109	0.650241
240	110	0.756716
240	111	0.75937
240	112	0.758935
240	113	0.67195
240	114	0.62757
240	115	0.725623
240	116	0.704676
240	117	0.746163
240	118	0.714678
240	119	0.737521
240	120	0.748673
240	121	0.741778
240	122	0.744432
240	123	0.725161
240	124	0.733893
240	125	0.730201
240	126	0.625325
240	127	0
240	128	0.721075
240	129	0.643729
240	130	0.618925
240	131	0.617904
240	132	0.61425
240	133	0.689789
240	134	0.691271
240	135	0.611906
240	136	0.608931
240	137	0.66965
240	138	0.62195
240	139	0.666758
240	140	0.621785
240	141	0.644332
240	142	0.634856
240	143	0.55609
240	144	0.583103
240	145	0.577525
240	146	0.566111
240	147	0.608032
240	148	0.597886
240	149	0.603826
240	150	0.563723
240	151	0.578529
240	152	0.573692
240	153	0.569469
240	154	0.582905
240	155	0.554228
240	156	0.599649
240	157	0.561549
240	158	0.568174
240	159	0.56366
240	160	0.591384
240	161	0.555032
240	162	0.55986
240	163	0.601922
240	164	0.570017
240	165	0.595475
240	166	0.549993
240	167	0.550003
240	168	0.571913
240	169	0.562954
240	170	0.580008
240	171	0.541901
240	172	0.544283
240	173	0.545624
240	174	0.57294
240	175	0.556574
240	176	0.55791
240	177	0.585391
240	178	0.420341
240	179	0.42814
240	180	0.422741
240	181	0.424121
240	182	0.411337
240	183	0.414174
240	184	0.415282
240	185	0.416688
240	186	0.412471
240	187	0
240	188	0
240	189	0
240	190	0
240	191	0
240	192	0
240	193	0
240	194	0
240	195	0
240	196	0
240	197	0
240	198	0
240	199	0
240	200	0
240	201	0
240	202	0
240	203	0
240	204	0
240	205	0
240	206	0
240	207	0.50906
240	208	0.493525
240	209	0.707967
240	210	0.514576
240	211	0.648414
240	212	0.597304
240	213	0.539662
240	214	0.487941
240	215	0.516866
240	216	0.511603
240	217	0.486385
240	218	0.20713
240	219	0.522189
240	220	0.220508
240	221	0.466634
240	222	0.457261
240	223	0.223394
240	224	0.243468
240	225	0.241303
240	226	0.2367
240	227	0.255421
240	228	0.223583
240	229	0.249532
240	230	0.243106
240	231	0.224491
240	232	0.22515
240	233	0.269201
240	234	0.246711
240	235	0.963164
240	236	0.288004
240	237	0.285924
240	238	0.309239
240	239	0.310405
240	241	0.799252
240	242	0.793356
240	243	0.703406
240	244	0.639682
240	245	0.720333
240	246	0.736579
240	247	0.750591
240	248	0.751858
240	249	0.638969
240	250	0
240	251	0.681559
240	252	0.745234
240	253	0.749697
240	254	0.659901
240	255	0.754357
240	256	0.731517
241	1	0
241	2	0
241	3	0
241	4	0
241	5	0
241	6	0
241	7	0
241	8	0
241	9	0
241	10	0
241	11	0
241	12	0
241	13	0
241	14	0
241	15	0
241	16	0
241	17	0
241	18	0
241	19	0
241	20	0
241	21	0
241	22	0
241	23	0
241	24	0
241	25	0
241	26	0
241	27	0
241	28	0
241	29	0
241	30	0
241	31	0
241	32	0
241	33	0
241	34	0
241	35	0
241	36	0
241	37	0
241	38	0
241	39	0
241	40	0
241	41	0
241	42	0
241	43	0
241	44	0
241	45	0
241	46	0
241	47	0
241	48	0
241	49	0
241	50	0
241	51	0
241	52	0
241	53	0
241	54	0
241	55	0
241	56	0
241	57	0
241	58	0
241	59	0
241	60	0
241	61	0
241	62	0
241	63	0
241	64	0
241	65	0
241	66	0
241	67	0
241	68	0
241	69	0
241	70	0
241	71	0
241	72	0
241	73	0
241	74	0
241	75	0
241	76	0
241	77	0
241	78	0
241	79	0
241	80	0
241	81	0
241	82	0
241	83	0
241	84	0
241	85	0
241	86	0
241	87	0
241	88	0
241	89	0
241	90	0
241	91	0
241	92	0
241	93	0
241	94	0
241	95	0
241	96	0
241	97	0
241	98	0
241	99	0
241	100	0
241	101	0
241	102	0
241	103	0
241	104	0
241	105	0
241	106	0
241	107	0
241	108	0
241	109	0
241	110	0
241	111	0
241	112	0
241	113	0
241	114	0
241	115	0
241	116	0
241	117	0
241	118	0
241	119	0
241	120	0
241	121	0
241	122	0
241	123	0
241	124	0
241	125	0
241	126	0
241	127	0
241	128	0
241	129	0
241	130	0
241	131	0
241	132	0
241	133	0
241	134	0
241	135	0
241	136	0
241	137	0
241	138	0
241	139	0
241	140	0
241	141	0
241	142	0
241	143	0
241	144	0
241	145	0
241	146	0
241	147	0
241	148	0
241	149	0
241	150	0
241	151	0
241	152	0
241	153	0
241	154	0
241	155	0
241	156	0
241	157	0
241	158	0
241	159	0
241	160	0
241	161	0
241	162	0
241	163	0
241	164	0
241	165	0
241	166	0
241	167	0
241	168	0
241	169	0
241	170	0
241	171	0
241	172	0
241	173	0
241	174	0
241	175	0
241	176	0
241	177	0
241	178	0
241	179	0
241	180	0
241	181	0
241	182	0
241	183	0
241	184	0
241	185	0
241	186	0
241	187	0
241	188	0
241	189	0
241	190	0
241	191	0
241	192	0
241	193	0
241	194	0
241	195	0
241	196	0
241	197	0
241	198	0
241	199	0
241	200	0
241	201	0
241	202	0
241	203	0
241	204	0
241	205	0
241	206	0
241	207	0
241	208	0
241	209	0
241	210	0
241	211	0
241	212	0
241	213	0
241	214	0
241	215	0
241	216	0
241	217	0
241	218	0
241	219	0
241	220	0
241	221	0
241	222	0
241	223	0
241	224	0
241	225	0
241	226	0
241	227	0
241	228	0
241	229	0
241	230	0
241	231	0
241	232	0
241	233	0
241	234	0
241	235	0
241	236	0
241	237	0
241	238	0
241	239	0
241	240	0
241	242	0
241	243	0
241	244	0
241	245	0
241	246	0
241	247	0
241	248	0
241	249	0
241	250	0
241	251	0
241	252	0
241	253	0
241	254	0
241	255	0
241	256	0
242	1	0
242	2	0
242	3	0
242	4	0
242	5	0
242	6	0
242	7	0
242	8	0
242	9	0
242	10	0
242	11	0
242	12	0
242	13	0
242	14	0
242	15	0
242	16	0
242	17	0
242	18	0
242	19	0
242	20	0
242	21	0
242	22	0
242	23	0
242	24	0
242	25	0
242	26	0
242	27	0
242	28	0
242	29	0
242	30	0
242	31	0
242	32	0
242	33	0
242	34	0
242	35	0
242	36	0
242	37	0
242	38	0
242	39	0
242	40	0
242	41	0
242	42	0
242	43	0
242	44	0
242	45	0
242	46	0
242	47	0
242	48	0
242	49	0
242	50	0
242	51	0
242	52	0
242	53	0
242	54	0
242	55	0
242	56	0
242	57	0
242	58	0
242	59	0
242	60	0
242	61	0
242	62	0
242	63	0
242	64	0
242	65	0
242	66	0
242	67	0
242	68	0
242	69	0
242	70	0
242	71	0
242	72	0
242	73	0
242	74	0
242	75	0
242	76	0
242	77	0
242	78	0
242	79	0
242	80	0
242	81	0
242	82	0
242	83	0
242	84	0
242	85	0
242	86	0
242	87	0
242	88	0
242	89	0
242	90	0
242	91	0
242	92	0
242	93	0
242	94	0
242	95	0
242	96	0
242	97	0
242	98	0
242	99	0
242	100	0
242	101	0
242	102	0
242	103	0
242	104	0
242	105	0
242	106	0
242	107	0
242	108	0
242	109	0
242	110	0
242	111	0
242	112	0
242	113	0
242	114	0
242	115	0
242	116	0
242	117	0
242	118	0
242	119	0
242	120	0
242	121	0
242	122	0
242	123	0
242	124	0
242	125	0
242	126	0
242	127	0
242	128	0
242	129	0
242	130	0
242	131	0
242	132	0
242	133	0
242	134	0
242	135	0
242	136	0
242	137	0
242	138	0
242	139	0
242	140	0
242	141	0
242	142	0
242	143	0
242	144	0
242	145	0
242	146	0
242	147	0
242	148	0
242	149	0
242	150	0
242	151	0
242	152	0
242	153	0
242	154	0
242	155	0
242	156	0
242	157	0
242	158	0
242	159	0
242	160	0
242	161	0
242	162	0
242	163	0
242	164	0
242	165	0
242	166	0
242	167	0
242	168	0
242	169	0
242	170	0
242	171	0
242	172	0
242	173	0
242	174	0
242	175	0
242	176	0
242	177	0
242	178	0
242	179	0
242	180	0
242	181	0
242	182	0
242	183	0
242	184	0
242	185	0
242	186	0
242	187	0
242	188	0
242	189	0
242	190	0
242	191	0
242	192	0
242	193	0
242	194	0
242	195	0
242	196	0
242	197	0
242	198	0
242	199	0
242	200	0
242	201	0
242	202	0
242	203	0
242	204	0
242	205	0
242	206	0
242	207	0
242	208	0
242	209	0
242	210	0
242	211	0
242	212	0
242	213	0
242	214	0
242	215	0
242	216	0
242	217	0
242	218	0
242	219	0
242	220	0
242	221	0
242	222	0
242	223	0
242	224	0
242	225	0
242	226	0
242	227	0
242	228	0
242	229	0
242	230	0
242	231	0
242	232	0
242	233	0
242	234	0
242	235	0
242	236	0
242	237	0
242	238	0
242	239	0
242	240	0
242	241	0
242	243	0
242	244	0
242	245	0
242	246	0
242	247	0
242	248	0
242	249	0
242	250	0
242	251	0
242	252	0
242	253	0
242	254	0
242	255	0
242	256	0
243	1	0
243	2	0
243	3	0
243	4	0
243	5	0
243	6	0
243	7	0
243	8	0
243	9	0
243	10	0
243	11	0
243	12	0
243	13	0
243	14	0
243	15	0
243	16	0
243	17	0
243	18	0
243	19	0
243	20	0
243	21	0
243	22	0
243	23	0
243	24	0
243	25	0
243	26	0
243	27	0
243	28	0
243	29	0
243	30	0
243	31	0
243	32	0
243	33	0
243	34	0
243	35	0
243	36	0
243	37	0
243	38	0
243	39	0
243	40	0
243	41	0
243	42	0
243	43	0
243	44	0
243	45	0
243	46	0
243	47	0
243	48	0
243	49	0
243	50	0
243	51	0
243	52	0
243	53	0
243	54	0
243	55	0
243	56	0
243	57	0
243	58	0
243	59	0
243	60	0
243	61	0
243	62	0
243	63	0
243	64	0
243	65	0
243	66	0
243	67	0
243	68	0
243	69	0
243	70	0
243	71	0
243	72	0
243	73	0
243	74	0
243	75	0
243	76	0
243	77	0
243	78	0
243	79	0
243	80	0
243	81	0
243	82	0
243	83	0
243	84	0
243	85	0
243	86	0
243	87	0
243	88	0
243	89	0
243	90	0
243	91	0
243	92	0
243	93	0
243	94	0
243	95	0
243	96	0
243	97	0
243	98	0
243	99	0
243	100	0
243	101	0
243	102	0
243	103	0
243	104	0
243	105	0
243	106	0
243	107	0
243	108	0
243	109	0
243	110	0
243	111	0
243	112	0
243	113	0
243	114	0
243	115	0
243	116	0
243	117	0
243	118	0
243	119	0
243	120	0
243	121	0
243	122	0
243	123	0
243	124	0
243	125	0
243	126	0
243	127	0
243	128	0
243	129	0
243	130	0
243	131	0
243	132	0
243	133	0
243	134	0
243	135	0
243	136	0
243	137	0
243	138	0
243	139	0
243	140	0
243	141	0
243	142	0
243	143	0
243	144	0
243	145	0
243	146	0
243	147	0
243	148	0
243	149	0
243	150	0
243	151	0
243	152	0
243	153	0
243	154	0
243	155	0
243	156	0
243	157	0
243	158	0
243	159	0
243	160	0
243	161	0
243	162	0
243	163	0
243	164	0
243	165	0
243	166	0
243	167	0
243	168	0
243	169	0
243	170	0
243	171	0
243	172	0
243	173	0
243	174	0
243	175	0
243	176	0
243	177	0
243	178	0
243	179	0
243	180	0
243	181	0
243	182	0
243	183	0
243	184	0
243	185	0
243	186	0
243	187	0
243	188	0
243	189	0
243	190	0
243	191	0
243	192	0
243	193	0
243	194	0
243	195	0
243	196	0
243	197	0
243	198	0
243	199	0
243	200	0
243	201	0
243	202	0
243	203	0
243	204	0
243	205	0
243	206	0
243	207	0
243	208	0
243	209	0
243	210	0
243	211	0
243	212	0
243	213	0
243	214	0
243	215	0
243	216	0
243	217	0
243	218	0
243	219	0
243	220	0
243	221	0
243	222	0
243	223	0
243	224	0
243	225	0
243	226	0
243	227	0
243	228	0
243	229	0
243	230	0
243	231	0
243	232	0
243	233	0
243	234	0
243	235	0
243	236	0
243	237	0
243	238	0
243	239	0
243	240	0
243	241	0
243	242	0
243	244	0
243	245	0
243	246	0
243	247	0
243	248	0
243	249	0
243	250	0
243	251	0
243	252	0
243	253	0
243	254	0
243	255	0
243	256	0
244	1	0
244	2	0
244	3	0
244	4	0
244	5	0
244	6	0
244	7	0
244	8	0
244	9	0
244	10	0
244	11	0
244	12	0
244	13	0
244	14	0
244	15	0
244	16	0
244	17	0
244	18	0
244	19	0
244	20	0
244	21	0
244	22	0
244	23	0
244	24	0
244	25	0
244	26	0
244	27	0
244	28	0
244	29	0
244	30	0
244	31	0
244	32	0
244	33	0
244	34	0
244	35	0
244	36	0
244	37	0
244	38	0
244	39	0
244	40	0
244	41	0
244	42	0
244	43	0
244	44	0
244	45	0
244	46	0
244	47	0
244	48	0
244	49	0
244	50	0
244	51	0
244	52	0
244	53	0
244	54	0
244	55	0
244	56	0
244	57	0
244	58	0
244	59	0
244	60	0
244	61	0
244	62	0
244	63	0
244	64	0
244	65	0
244	66	0
244	67	0
244	68	0
244	69	0
244	70	0
244	71	0
244	72	0
244	73	0
244	74	0
244	75	0
244	76	0
244	77	0
244	78	0
244	79	0
244	80	0
244	81	0
244	82	0
244	83	0
244	84	0
244	85	0
244	86	0
244	87	0
244	88	0
244	89	0
244	90	0
244	91	0
244	92	0
244	93	0
244	94	0
244	95	0
244	96	0
244	97	0
244	98	0
244	99	0
244	100	0
244	101	0
244	102	0
244	103	0
244	104	0
244	105	0
244	106	0
244	107	0
244	108	0
244	109	0
244	110	0
244	111	0
244	112	0
244	113	0
244	114	0
244	115	0
244	116	0
244	117	0
244	118	0
244	119	0
244	120	0
244	121	0
244	122	0
244	123	0
244	124	0
244	125	0
244	126	0
244	127	0
244	128	0
244	129	0
244	130	0
244	131	0
244	132	0
244	133	0
244	134	0
244	135	0
244	136	0
244	137	0
244	138	0
244	139	0
244	140	0
244	141	0
244	142	0
244	143	0
244	144	0
244	145	0
244	146	0
244	147	0
244	148	0
244	149	0
244	150	0
244	151	0
244	152	0
244	153	0
244	154	0
244	155	0
244	156	0
244	157	0
244	158	0
244	159	0
244	160	0
244	161	0
244	162	0
244	163	0
244	164	0
244	165	0
244	166	0
244	167	0
244	168	0
244	169	0
244	170	0
244	171	0
244	172	0
244	173	0
244	174	0
244	175	0
244	176	0
244	177	0
244	178	0
244	179	0
244	180	0
244	181	0
244	182	0
244	183	0
244	184	0
244	185	0
244	186	0
244	187	0
244	188	0
244	189	0
244	190	0
244	191	0
244	192	0
244	193	0
244	194	0
244	195	0
244	196	0
244	197	0
244	198	0
244	199	0
244	200	0
244	201	0
244	202	0
244	203	0
244	204	0
244	205	0
244	206	0
244	207	0
244	208	0
244	209	0
244	210	0
244	211	0
244	212	0
244	213	0
244	214	0
244	215	0
244	216	0
244	217	0
244	218	0
244	219	0
244	220	0
244	221	0
244	222	0
244	223	0
244	224	0
244	225	0
244	226	0
244	227	0
244	228	0
244	229	0
244	230	0
244	231	0
244	232	0
244	233	0
244	234	0
244	235	0
244	236	0
244	237	0
244	238	0
244	239	0
244	240	0
244	241	0
244	242	0
244	243	0
244	245	0
244	246	0
244	247	0
244	248	0
244	249	0
244	250	0
244	251	0
244	252	0
244	253	0
244	254	0
244	255	0
244	256	0
245	1	0
245	2	0
245	3	0
245	4	0
245	5	0
245	6	0
245	7	0
245	8	0
245	9	0
245	10	0
245	11	0
245	12	0
245	13	0
245	14	0
245	15	0
245	16	0
245	17	0
245	18	0
245	19	0
245	20	0
245	21	0
245	22	0
245	23	0
245	24	0
245	25	0
245	26	0
245	27	0
245	28	0
245	29	0
245	30	0
245	31	0
245	32	0
245	33	0
245	34	0
245	35	0
245	36	0
245	37	0
245	38	0
245	39	0
245	40	0
245	41	0
245	42	0
245	43	0
245	44	0
245	45	0
245	46	0
245	47	0
245	48	0
245	49	0
245	50	0
245	51	0
245	52	0
245	53	0
245	54	0
245	55	0
245	56	0
245	57	0
245	58	0
245	59	0
245	60	0
245	61	0
245	62	0
245	63	0
245	64	0
245	65	0
245	66	0
245	67	0
245	68	0
245	69	0
245	70	0
245	71	0
245	72	0
245	73	0
245	74	0
245	75	0
245	76	0
245	77	0
245	78	0
245	79	0
245	80	0
245	81	0
245	82	0
245	83	0
245	84	0
245	85	0
245	86	0
245	87	0
245	88	0
245	89	0
245	90	0
245	91	0
245	92	0
245	93	0
245	94	0
245	95	0
245	96	0
245	97	0
245	98	0
245	99	0
245	100	0
245	101	0
245	102	0
245	103	0
245	104	0
245	105	0
245	106	0
245	107	0
245	108	0
245	109	0
245	110	0
245	111	0
245	112	0
245	113	0
245	114	0
245	115	0
245	116	0
245	117	0
245	118	0
245	119	0
245	120	0
245	121	0
245	122	0
245	123	0
245	124	0
245	125	0
245	126	0
245	127	0
245	128	0
245	129	0
245	130	0
245	131	0
245	132	0
245	133	0
245	134	0
245	135	0
245	136	0
245	137	0
245	138	0
245	139	0
245	140	0
245	141	0
245	142	0
245	143	0
245	144	0
245	145	0
245	146	0
245	147	0
245	148	0
245	149	0
245	150	0
245	151	0
245	152	0
245	153	0
245	154	0
245	155	0
245	156	0
245	157	0
245	158	0
245	159	0
245	160	0
245	161	0
245	162	0
245	163	0
245	164	0
245	165	0
245	166	0
245	167	0
245	168	0
245	169	0
245	170	0
245	171	0
245	172	0
245	173	0
245	174	0
245	175	0
245	176	0
245	177	0
245	178	0
245	179	0
245	180	0
245	181	0
245	182	0
245	183	0
245	184	0
245	185	0
245	186	0
245	187	0
245	188	0
245	189	0
245	190	0
245	191	0
245	192	0
245	193	0
245	194	0
245	195	0
245	196	0
245	197	0
245	198	0
245	199	0
245	200	0
245	201	0
245	202	0
245	203	0
245	204	0
245	205	0
245	206	0
245	207	0
245	208	0
245	209	0
245	210	0
245	211	0
245	212	0
245	213	0
245	214	0
245	215	0
245	216	0
245	217	0
245	218	0
245	219	0
245	220	0
245	221	0
245	222	0
245	223	0
245	224	0
245	225	0
245	226	0
245	227	0
245	228	0
245	229	0
245	230	0
245	231	0
245	232	0
245	233	0
245	234	0
245	235	0
245	236	0
245	237	0
245	238	0
245	239	0
245	240	0
245	241	0
245	242	0
245	243	0
245	244	0
245	246	0
245	247	0
245	248	0
245	249	0
245	250	0
245	251	0
245	252	0
245	253	0
245	254	0
245	255	0
245	256	0
246	1	0
246	2	0
246	3	0
246	4	0
246	5	0
246	6	0
246	7	0
246	8	0
246	9	0
246	10	0
246	11	0
246	12	0
246	13	0
246	14	0
246	15	0
246	16	0
246	17	0
246	18	0
246	19	0
246	20	0
246	21	0
246	22	0
246	23	0
246	24	0
246	25	0
246	26	0
246	27	0
246	28	0
246	29	0
246	30	0
246	31	0
246	32	0
246	33	0
246	34	0
246	35	0
246	36	0
246	37	0
246	38	0
246	39	0
246	40	0
246	41	0
246	42	0
246	43	0
246	44	0
246	45	0
246	46	0
246	47	0
246	48	0
246	49	0
246	50	0
246	51	0
246	52	0
246	53	0
246	54	0
246	55	0
246	56	0
246	57	0
246	58	0
246	59	0
246	60	0
246	61	0
246	62	0
246	63	0
246	64	0
246	65	0
246	66	0
246	67	0
246	68	0
246	69	0
246	70	0
246	71	0
246	72	0
246	73	0
246	74	0
246	75	0
246	76	0
246	77	0
246	78	0
246	79	0
246	80	0
246	81	0
246	82	0
246	83	0
246	84	0
246	85	0
246	86	0
246	87	0
246	88	0
246	89	0
246	90	0
246	91	0
246	92	0
246	93	0
246	94	0
246	95	0
246	96	0
246	97	0
246	98	0
246	99	0
246	100	0
246	101	0
246	102	0
246	103	0
246	104	0
246	105	0
246	106	0
246	107	0
246	108	0
246	109	0
246	110	0
246	111	0
246	112	0
246	113	0
246	114	0
246	115	0
246	116	0
246	117	0
246	118	0
246	119	0
246	120	0
246	121	0
246	122	0
246	123	0
246	124	0
246	125	0
246	126	0
246	127	0
246	128	0
246	129	0
246	130	0
246	131	0
246	132	0
246	133	0
246	134	0
246	135	0
246	136	0
246	137	0
246	138	0
246	139	0
246	140	0
246	141	0
246	142	0
246	143	0
246	144	0
246	145	0
246	146	0
246	147	0
246	148	0
246	149	0
246	150	0
246	151	0
246	152	0
246	153	0
246	154	0
246	155	0
246	156	0
246	157	0
246	158	0
246	159	0
246	160	0
246	161	0
246	162	0
246	163	0
246	164	0
246	165	0
246	166	0
246	167	0
246	168	0
246	169	0
246	170	0
246	171	0
246	172	0
246	173	0
246	174	0
246	175	0
246	176	0
246	177	0
246	178	0
246	179	0
246	180	0
246	181	0
246	182	0
246	183	0
246	184	0
246	185	0
246	186	0
246	187	0
246	188	0
246	189	0
246	190	0
246	191	0
246	192	0
246	193	0
246	194	0
246	195	0
246	196	0
246	197	0
246	198	0
246	199	0
246	200	0
246	201	0
246	202	0
246	203	0
246	204	0
246	205	0
246	206	0
246	207	0
246	208	0
246	209	0
246	210	0
246	211	0
246	212	0
246	213	0
246	214	0
246	215	0
246	216	0
246	217	0
246	218	0
246	219	0
246	220	0
246	221	0
246	222	0
246	223	0
246	224	0
246	225	0
246	226	0
246	227	0
246	228	0
246	229	0
246	230	0
246	231	0
246	232	0
246	233	0
246	234	0
246	235	0
246	236	0
246	237	0
246	238	0
246	239	0
246	240	0
246	241	0
246	242	0
246	243	0
246	244	0
246	245	0
246	247	0
246	248	0
246	249	0
246	250	0
246	251	0
246	252	0
246	253	0
246	254	0
246	255	0
246	256	0
247	1	0
247	2	0
247	3	0
247	4	0
247	5	0
247	6	0
247	7	0
247	8	0
247	9	0
247	10	0
247	11	0
247	12	0
247	13	0
247	14	0
247	15	0
247	16	0
247	17	0
247	18	0
247	19	0
247	20	0
247	21	0
247	22	0
247	23	0
247	24	0
247	25	0
247	26	0
247	27	0
247	28	0
247	29	0
247	30	0
247	31	0
247	32	0
247	33	0
247	34	0
247	35	0
247	36	0
247	37	0
247	38	0
247	39	0
247	40	0
247	41	0
247	42	0
247	43	0
247	44	0
247	45	0
247	46	0
247	47	0
247	48	0
247	49	0
247	50	0
247	51	0
247	52	0
247	53	0
247	54	0
247	55	0
247	56	0
247	57	0
247	58	0
247	59	0
247	60	0
247	61	0
247	62	0
247	63	0
247	64	0
247	65	0
247	66	0
247	67	0
247	68	0
247	69	0
247	70	0
247	71	0
247	72	0
247	73	0
247	74	0
247	75	0
247	76	0
247	77	0
247	78	0
247	79	0
247	80	0
247	81	0
247	82	0
247	83	0
247	84	0
247	85	0
247	86	0
247	87	0
247	88	0
247	89	0
247	90	0
247	91	0
247	92	0
247	93	0
247	94	0
247	95	0
247	96	0
247	97	0
247	98	0
247	99	0
247	100	0
247	101	0
247	102	0
247	103	0
247	104	0
247	105	0
247	106	0
247	107	0
247	108	0
247	109	0
247	110	0
247	111	0
247	112	0
247	113	0
247	114	0
247	115	0
247	116	0
247	117	0
247	118	0
247	119	0
247	120	0
247	121	0
247	122	0
247	123	0
247	124	0
247	125	0
247	126	0
247	127	0
247	128	0
247	129	0
247	130	0
247	131	0
247	132	0
247	133	0
247	134	0
247	135	0
247	136	0
247	137	0
247	138	0
247	139	0
247	140	0
247	141	0
247	142	0
247	143	0
247	144	0
247	145	0
247	146	0
247	147	0
247	148	0
247	149	0
247	150	0
247	151	0
247	152	0
247	153	0
247	154	0
247	155	0
247	156	0
247	157	0
247	158	0
247	159	0
247	160	0
247	161	0
247	162	0
247	163	0
247	164	0
247	165	0
247	166	0
247	167	0
247	168	0
247	169	0
247	170	0
247	171	0
247	172	0
247	173	0
247	174	0
247	175	0
247	176	0
247	177	0
247	178	0
247	179	0
247	180	0
247	181	0
247	182	0
247	183	0
247	184	0
247	185	0
247	186	0
247	187	0
247	188	0
247	189	0
247	190	0
247	191	0
247	192	0
247	193	0
247	194	0
247	195	0
247	196	0
247	197	0
247	198	0
247	199	0
247	200	0
247	201	0
247	202	0
247	203	0
247	204	0
247	205	0
247	206	0
247	207	0
247	208	0
247	209	0
247	210	0
247	211	0
247	212	0
247	213	0
247	214	0
247	215	0
247	216	0
247	217	0
247	218	0
247	219	0
247	220	0
247	221	0
247	222	0
247	223	0
247	224	0
247	225	0
247	226	0
247	227	0
247	228	0
247	229	0
247	230	0
247	231	0
247	232	0
247	233	0
247	234	0
247	235	0
247	236	0
247	237	0
247	238	0
247	239	0
247	240	0
247	241	0
247	242	0
247	243	0
247	244	0
247	245	0
247	246	0
247	248	0
247	249	0
247	250	0
247	251	0
247	252	0
247	253	0
247	254	0
247	255	0
247	256	0
248	1	0
248	2	0
248	3	0
248	4	0
248	5	0
248	6	0
248	7	0
248	8	0
248	9	0
248	10	0
248	11	0
248	12	0
248	13	0
248	14	0
248	15	0
248	16	0
248	17	0
248	18	0
248	19	0
248	20	0
248	21	0
248	22	0
248	23	0
248	24	0
248	25	0
248	26	0
248	27	0
248	28	0
248	29	0
248	30	0
248	31	0
248	32	0
248	33	0
248	34	0
248	35	0
248	36	0
248	37	0
248	38	0
248	39	0
248	40	0
248	41	0
248	42	0
248	43	0
248	44	0
248	45	0
248	46	0
248	47	0
248	48	0
248	49	0
248	50	0
248	51	0
248	52	0
248	53	0
248	54	0
248	55	0
248	56	0
248	57	0
248	58	0
248	59	0
248	60	0
248	61	0
248	62	0
248	63	0
248	64	0
248	65	0
248	66	0
248	67	0
248	68	0
248	69	0
248	70	0
248	71	0
248	72	0
248	73	0
248	74	0
248	75	0
248	76	0
248	77	0
248	78	0
248	79	0
248	80	0
248	81	0
248	82	0
248	83	0
248	84	0
248	85	0
248	86	0
248	87	0
248	88	0
248	89	0
248	90	0
248	91	0
248	92	0
248	93	0
248	94	0
248	95	0
248	96	0
248	97	0
248	98	0
248	99	0
248	100	0
248	101	0
248	102	0
248	103	0
248	104	0
248	105	0
248	106	0
248	107	0
248	108	0
248	109	0
248	110	0
248	111	0
248	112	0
248	113	0
248	114	0
248	115	0
248	116	0
248	117	0
248	118	0
248	119	0
248	120	0
248	121	0
248	122	0
248	123	0
248	124	0
248	125	0
248	126	0
248	127	0
248	128	0
248	129	0
248	130	0
248	131	0
248	132	0
248	133	0
248	134	0
248	135	0
248	136	0
248	137	0
248	138	0
248	139	0
248	140	0
248	141	0
248	142	0
248	143	0
248	144	0
248	145	0
248	146	0
248	147	0
248	148	0
248	149	0
248	150	0
248	151	0
248	152	0
248	153	0
248	154	0
248	155	0
248	156	0
248	157	0
248	158	0
248	159	0
248	160	0
248	161	0
248	162	0
248	163	0
248	164	0
248	165	0
248	166	0
248	167	0
248	168	0
248	169	0
248	170	0
248	171	0
248	172	0
248	173	0
248	174	0
248	175	0
248	176	0
248	177	0
248	178	0
248	179	0
248	180	0
248	181	0
248	182	0
248	183	0
248	184	0
248	185	0
248	186	0
248	187	0
248	188	0
248	189	0
248	190	0
248	191	0
248	192	0
248	193	0
248	194	0
248	195	0
248	196	0
248	197	0
248	198	0
248	199	0
248	200	0
248	201	0
248	202	0
248	203	0
248	204	0
248	205	0
248	206	0
248	207	0
248	208	0
248	209	0
248	210	0
248	211	0
248	212	0
248	213	0
248	214	0
248	215	0
248	216	0
248	217	0
248	218	0
248	219	0
248	220	0
248	221	0
248	222	0
248	223	0
248	224	0
248	225	0
248	226	0
248	227	0
248	228	0
248	229	0
248	230	0
248	231	0
248	232	0
248	233	0
248	234	0
248	235	0
248	236	0
248	237	0
248	238	0
248	239	0
248	240	0
248	241	0
248	242	0
248	243	0
248	244	0
248	245	0
248	246	0
248	247	0
248	249	0
248	250	0
248	251	0
248	252	0
248	253	0
248	254	0
248	255	0
248	256	0
249	1	0
249	2	0
249	3	0
249	4	0
249	5	0
249	6	0
249	7	0
249	8	0
249	9	0
249	10	0
249	11	0
249	12	0
249	13	0
249	14	0
249	15	0
249	16	0
249	17	0
249	18	0
249	19	0
249	20	0
249	21	0
249	22	0
249	23	0
249	24	0
249	25	0
249	26	0
249	27	0
249	28	0
249	29	0
249	30	0
249	31	0
249	32	0
249	33	0
249	34	0
249	35	0
249	36	0
249	37	0
249	38	0
249	39	0
249	40	0
249	41	0
249	42	0
249	43	0
249	44	0
249	45	0
249	46	0
249	47	0
249	48	0
249	49	0
249	50	0
249	51	0
249	52	0
249	53	0
249	54	0
249	55	0
249	56	0
249	57	0
249	58	0
249	59	0
249	60	0
249	61	0
249	62	0
249	63	0
249	64	0
249	65	0
249	66	0
249	67	0
249	68	0
249	69	0
249	70	0
249	71	0
249	72	0
249	73	0
249	74	0
249	75	0
249	76	0
249	77	0
249	78	0
249	79	0
249	80	0
249	81	0
249	82	0
249	83	0
249	84	0
249	85	0
249	86	0
249	87	0
249	88	0
249	89	0
249	90	0
249	91	0
249	92	0
249	93	0
249	94	0
249	95	0
249	96	0
249	97	0
249	98	0
249	99	0
249	100	0
249	101	0
249	102	0
249	103	0
249	104	0
249	105	0
249	106	0
249	107	0
249	108	0
249	109	0
249	110	0
249	111	0
249	112	0
249	113	0
249	114	0
249	115	0
249	116	0
249	117	0
249	118	0
249	119	0
249	120	0
249	121	0
249	122	0
249	123	0
249	124	0
249	125	0
249	126	0
249	127	0
249	128	0
249	129	0
249	130	0
249	131	0
249	132	0
249	133	0
249	134	0
249	135	0
249	136	0
249	137	0
249	138	0
249	139	0
249	140	0
249	141	0
249	142	0
249	143	0
249	144	0
249	145	0
249	146	0
249	147	0
249	148	0
249	149	0
249	150	0
249	151	0
249	152	0
249	153	0
249	154	0
249	155	0
249	156	0
249	157	0
249	158	0
249	159	0
249	160	0
249	161	0
249	162	0
249	163	0
249	164	0
249	165	0
249	166	0
249	167	0
249	168	0
249	169	0
249	170	0
249	171	0
249	172	0
249	173	0
249	174	0
249	175	0
249	176	0
249	177	0
249	178	0
249	179	0
249	180	0
249	181	0
249	182	0
249	183	0
249	184	0
249	185	0
249	186	0
249	187	0
249	188	0
249	189	0
249	190	0
249	191	0
249	192	0
249	193	0
249	194	0
249	195	0
249	196	0
249	197	0
249	198	0
249	199	0
249	200	0
249	201	0
249	202	0
249	203	0
249	204	0
249	205	0
249	206	0
249	207	0
249	208	0
249	209	0
249	210	0
249	211	0
249	212	0
249	213	0
249	214	0
249	215	0
249	216	0
249	217	0
249	218	0
249	219	0
249	220	0
249	221	0
249	222	0
249	223	0
249	224	0
249	225	0
249	226	0
249	227	0
249	228	0
249	229	0
249	230	0
249	231	0
249	232	0
249	233	0
249	234	0
249	235	0
249	236	0
249	237	0
249	238	0
249	239	0
249	240	0
249	241	0
249	242	0
249	243	0
249	244	0
249	245	0
249	246	0
249	247	0
249	248	0
249	250	0
249	251	0
249	252	0
249	253	0
249	254	0
249	255	0
249	256	0
250	1	0.68602
250	2	0.630328
250	3	0.678191
250	4	0.662708
250	5	0.687616
250	6	0.686073
250	7	0.665195
250	8	0.674892
250	9	0.643027
250	10	0.652154
250	11	0.579231
250	12	0.589715
250	13	0.626535
250	14	0.571811
250	15	0.62392
250	16	0.632634
250	17	0.636753
250	18	0.621638
250	19	0.611522
250	20	0.596798
250	21	0
250	22	0.622472
250	23	0.473856
250	24	0.585738
250	25	0
250	26	0.568065
250	27	0.540257
250	28	0.562217
250	29	0.520775
250	30	0.554071
250	31	0.554283
250	32	0.565245
250	33	0
250	34	0.517583
250	35	0.570125
250	36	0.511963
250	37	0.556582
250	38	0.0836659
250	39	0.564698
250	40	0.564516
250	41	0.557516
250	42	0.533363
250	43	0.557888
250	44	0.536243
250	45	0.543943
250	46	0.555157
250	47	0.55039
250	48	0.508759
250	49	0.54877
250	50	0.531461
250	51	0.544698
250	52	0.546148
250	53	0.530124
250	54	0.40404
250	55	0.394637
250	56	0.392284
250	57	0
250	58	0
250	59	0
250	60	0
250	61	0
250	62	0.603095
250	63	0.57628
250	64	0.615897
250	65	0.829026
250	66	0.806028
250	67	0.773674
250	68	0.801726
250	69	0.810408
250	70	0.779958
250	71	0.789153
250	72	0.837525
250	73	0.797227
250	74	0.775696
250	75	0.878519
250	76	0.787043
250	77	0.802467
250	78	0.886682
250	79	0.815359
250	80	0.877605
250	81	0.848722
250	82	0.866398
250	83	0.818582
250	84	0.834895
250	85	0.857365
250	86	0.736083
250	87	0.747188
250	88	0.771784
250	89	0.804417
250	90	0.766238
250	91	0.793899
250	92	0.755503
250	93	0.7728
250	94	0.751375
250	95	0.770597
250	96	0.767734
250	97	0.747138
250	98	0.672486
250	99	0.752725
250	100	0.746056
250	101	0.738481
250	102	0.741859
250	103	0.678382
250	104	0.650421
250	105	0.723223
250	106	0.635625
250	107	0.576788
250	108	0.599183
250	109	0.608168
250	110	0.707754
250	111	0.710236
250	112	0.709829
250	113	0.628473
250	114	0.586964
250	115	0.678672
250	116	0.659081
250	117	0.697884
250	118	0.668436
250	119	0.689801
250	120	0.700231
250	121	0.693783
250	122	0.696265
250	123	0.67824
250	124	0.686407
250	125	0.682955
250	126	0.584864
250	127	0
250	128	0.674419
250	129	0.602077
250	130	0.578879
250	131	0.577924
250	132	0.574506
250	133	0.645157
250	134	0.646544
250	135	0.572314
250	136	0.569531
250	137	0.626322
250	138	0.581708
250	139	0.623617
250	140	0.581553
250	141	0.602641
250	142	0.593779
250	143	0.520109
250	144	0.545375
250	145	0.540157
250	146	0.529482
250	147	0.568691
250	148	0.559201
250	149	0.564756
250	150	0.527248
250	151	0.541096
250	152	0.536572
250	153	0.532623
250	154	0.545189
250	155	0.518367
250	156	0.560849
250	157	0.525215
250	158	0.531412
250	159	0.52719
250	160	0.55312
250	161	0.51912
250	162	0.523635
250	163	0.562975
250	164	0.533135
250	165	0.556946
250	166	0.514406
250	167	0.514416
250	168	0.534909
250	169	0.526529
250	170	0.54248
250	171	0.506838
250	172	0.509066
250	173	0.51032
250	174	0.535869
250	175	0.520562
250	176	0.521811
250	177	0.547515
250	178	0.393144
250	179	0.400438
250	180	0.395388
250	181	0.396679
250	182	0.384722
250	183	0.387376
250	184	0.388412
250	185	0.389727
250	186	0.385783
250	187	0
250	188	0
250	189	0
250	190	0
250	191	0
250	192	0
250	193	0
250	194	0
250	195	0
250	196	0
250	197	0
250	198	0
250	199	0
250	200	0
250	201	0
250	202	0
250	203	0
250	204	0
250	205	0
250	206	0
250	207	0.459051
250	208	0.451079
250	209	0.638418
250	210	0.464025
250	211	0.584715
250	212	0.538626
250	213	0.486647
250	214	0.445975
250	215	0.46609
250	216	0.461344
250	217	0.44434
250	218	0.213299
250	219	0.470891
250	220	0.227077
250	221	0.426297
250	222	0.432666
250	223	0.230048
250	224	0.25072
250	225	0.248491
250	226	0.243751
250	227	0.263029
250	228	0.230243
250	229	0.256965
250	230	0.250347
250	231	0.231178
250	232	0.231857
250	233	0.27722
250	234	0.25406
250	235	0.787117
250	236	0.296583
250	237	0.294441
250	238	0.318451
250	239	0.319651
250	240	0
250	241	0.734352
250	242	0.731023
250	243	0.657894
250	244	0.598698
250	245	0.673725
250	246	0.689113
250	247	0.702222
250	248	0.703687
250	249	0.597715
250	251	0.637555
250	252	0.697487
250	253	0.701665
250	254	0.617296
250	255	0.706025
250	256	0.684649
251	1	0
251	2	0
251	3	0
251	4	0
251	5	0
251	6	0
251	7	0
251	8	0
251	9	0
251	10	0
251	11	0
251	12	0
251	13	0
251	14	0
251	15	0
251	16	0
251	17	0
251	18	0
251	19	0
251	20	0
251	21	0
251	22	0
251	23	0
251	24	0
251	25	0
251	26	0
251	27	0
251	28	0
251	29	0
251	30	0
251	31	0
251	32	0
251	33	0
251	34	0
251	35	0
251	36	0
251	37	0
251	38	0
251	39	0
251	40	0
251	41	0
251	42	0
251	43	0
251	44	0
251	45	0
251	46	0
251	47	0
251	48	0
251	49	0
251	50	0
251	51	0
251	52	0
251	53	0
251	54	0
251	55	0
251	56	0
251	57	0
251	58	0
251	59	0
251	60	0
251	61	0
251	62	0
251	63	0
251	64	0
251	65	0
251	66	0
251	67	0
251	68	0
251	69	0
251	70	0
251	71	0
251	72	0
251	73	0
251	74	0
251	75	0
251	76	0
251	77	0
251	78	0
251	79	0
251	80	0
251	81	0
251	82	0
251	83	0
251	84	0
251	85	0
251	86	0
251	87	0
251	88	0
251	89	0
251	90	0
251	91	0
251	92	0
251	93	0
251	94	0
251	95	0
251	96	0
251	97	0
251	98	0
251	99	0
251	100	0
251	101	0
251	102	0
251	103	0
251	104	0
251	105	0
251	106	0
251	107	0
251	108	0
251	109	0
251	110	0
251	111	0
251	112	0
251	113	0
251	114	0
251	115	0
251	116	0
251	117	0
251	118	0
251	119	0
251	120	0
251	121	0
251	122	0
251	123	0
251	124	0
251	125	0
251	126	0
251	127	0
251	128	0
251	129	0
251	130	0
251	131	0
251	132	0
251	133	0
251	134	0
251	135	0
251	136	0
251	137	0
251	138	0
251	139	0
251	140	0
251	141	0
251	142	0
251	143	0
251	144	0
251	145	0
251	146	0
251	147	0
251	148	0
251	149	0
251	150	0
251	151	0
251	152	0
251	153	0
251	154	0
251	155	0
251	156	0
251	157	0
251	158	0
251	159	0
251	160	0
251	161	0
251	162	0
251	163	0
251	164	0
251	165	0
251	166	0
251	167	0
251	168	0
251	169	0
251	170	0
251	171	0
251	172	0
251	173	0
251	174	0
251	175	0
251	176	0
251	177	0
251	178	0
251	179	0
251	180	0
251	181	0
251	182	0
251	183	0
251	184	0
251	185	0
251	186	0
251	187	0
251	188	0
251	189	0
251	190	0
251	191	0
251	192	0
251	193	0
251	194	0
251	195	0
251	196	0
251	197	0
251	198	0
251	199	0
251	200	0
251	201	0
251	202	0
251	203	0
251	204	0
251	205	0
251	206	0
251	207	0
251	208	0
251	209	0
251	210	0
251	211	0
251	212	0
251	213	0
251	214	0
251	215	0
251	216	0
251	217	0
251	218	0
251	219	0
251	220	0
251	221	0
251	222	0
251	223	0
251	224	0
251	225	0
251	226	0
251	227	0
251	228	0
251	229	0
251	230	0
251	231	0
251	232	0
251	233	0
251	234	0
251	235	0
251	236	0
251	237	0
251	238	0
251	239	0
251	240	0
251	241	0
251	242	0
251	243	0
251	244	0
251	245	0
251	246	0
251	247	0
251	248	0
251	249	0
251	250	0
251	252	0
251	253	0
251	254	0
251	255	0
251	256	0
252	1	0
252	2	0
252	3	0
252	4	0
252	5	0
252	6	0
252	7	0
252	8	0
252	9	0
252	10	0
252	11	0
252	12	0
252	13	0
252	14	0
252	15	0
252	16	0
252	17	0
252	18	0
252	19	0
252	20	0
252	21	0
252	22	0
252	23	0
252	24	0
252	25	0
252	26	0
252	27	0
252	28	0
252	29	0
252	30	0
252	31	0
252	32	0
252	33	0
252	34	0
252	35	0
252	36	0
252	37	0
252	38	0
252	39	0
252	40	0
252	41	0
252	42	0
252	43	0
252	44	0
252	45	0
252	46	0
252	47	0
252	48	0
252	49	0
252	50	0
252	51	0
252	52	0
252	53	0
252	54	0
252	55	0
252	56	0
252	57	0
252	58	0
252	59	0
252	60	0
252	61	0
252	62	0
252	63	0
252	64	0
252	65	0
252	66	0
252	67	0
252	68	0
252	69	0
252	70	0
252	71	0
252	72	0
252	73	0
252	74	0
252	75	0
252	76	0
252	77	0
252	78	0
252	79	0
252	80	0
252	81	0
252	82	0
252	83	0
252	84	0
252	85	0
252	86	0
252	87	0
252	88	0
252	89	0
252	90	0
252	91	0
252	92	0
252	93	0
252	94	0
252	95	0
252	96	0
252	97	0
252	98	0
252	99	0
252	100	0
252	101	0
252	102	0
252	103	0
252	104	0
252	105	0
252	106	0
252	107	0
252	108	0
252	109	0
252	110	0
252	111	0
252	112	0
252	113	0
252	114	0
252	115	0
252	116	0
252	117	0
252	118	0
252	119	0
252	120	0
252	121	0
252	122	0
252	123	0
252	124	0
252	125	0
252	126	0
252	127	0
252	128	0
252	129	0
252	130	0
252	131	0
252	132	0
252	133	0
252	134	0
252	135	0
252	136	0
252	137	0
252	138	0
252	139	0
252	140	0
252	141	0
252	142	0
252	143	0
252	144	0
252	145	0
252	146	0
252	147	0
252	148	0
252	149	0
252	150	0
252	151	0
252	152	0
252	153	0
252	154	0
252	155	0
252	156	0
252	157	0
252	158	0
252	159	0
252	160	0
252	161	0
252	162	0
252	163	0
252	164	0
252	165	0
252	166	0
252	167	0
252	168	0
252	169	0
252	170	0
252	171	0
252	172	0
252	173	0
252	174	0
252	175	0
252	176	0
252	177	0
252	178	0
252	179	0
252	180	0
252	181	0
252	182	0
252	183	0
252	184	0
252	185	0
252	186	0
252	187	0
252	188	0
252	189	0
252	190	0
252	191	0
252	192	0
252	193	0
252	194	0
252	195	0
252	196	0
252	197	0
252	198	0
252	199	0
252	200	0
252	201	0
252	202	0
252	203	0
252	204	0
252	205	0
252	206	0
252	207	0
252	208	0
252	209	0
252	210	0
252	211	0
252	212	0
252	213	0
252	214	0
252	215	0
252	216	0
252	217	0
252	218	0
252	219	0
252	220	0
252	221	0
252	222	0
252	223	0
252	224	0
252	225	0
252	226	0
252	227	0
252	228	0
252	229	0
252	230	0
252	231	0
252	232	0
252	233	0
252	234	0
252	235	0
252	236	0
252	237	0
252	238	0
252	239	0
252	240	0
252	241	0
252	242	0
252	243	0
252	244	0
252	245	0
252	246	0
252	247	0
252	248	0
252	249	0
252	250	0
252	251	0
252	253	0
252	254	0
252	255	0
252	256	0
253	1	0
253	2	0
253	3	0
253	4	0
253	5	0
253	6	0
253	7	0
253	8	0
253	9	0
253	10	0
253	11	0
253	12	0
253	13	0
253	14	0
253	15	0
253	16	0
253	17	0
253	18	0
253	19	0
253	20	0
253	21	0
253	22	0
253	23	0
253	24	0
253	25	0
253	26	0
253	27	0
253	28	0
253	29	0
253	30	0
253	31	0
253	32	0
253	33	0
253	34	0
253	35	0
253	36	0
253	37	0
253	38	0
253	39	0
253	40	0
253	41	0
253	42	0
253	43	0
253	44	0
253	45	0
253	46	0
253	47	0
253	48	0
253	49	0
253	50	0
253	51	0
253	52	0
253	53	0
253	54	0
253	55	0
253	56	0
253	57	0
253	58	0
253	59	0
253	60	0
253	61	0
253	62	0
253	63	0
253	64	0
253	65	0
253	66	0
253	67	0
253	68	0
253	69	0
253	70	0
253	71	0
253	72	0
253	73	0
253	74	0
253	75	0
253	76	0
253	77	0
253	78	0
253	79	0
253	80	0
253	81	0
253	82	0
253	83	0
253	84	0
253	85	0
253	86	0
253	87	0
253	88	0
253	89	0
253	90	0
253	91	0
253	92	0
253	93	0
253	94	0
253	95	0
253	96	0
253	97	0
253	98	0
253	99	0
253	100	0
253	101	0
253	102	0
253	103	0
253	104	0
253	105	0
253	106	0
253	107	0
253	108	0
253	109	0
253	110	0
253	111	0
253	112	0
253	113	0
253	114	0
253	115	0
253	116	0
253	117	0
253	118	0
253	119	0
253	120	0
253	121	0
253	122	0
253	123	0
253	124	0
253	125	0
253	126	0
253	127	0
253	128	0
253	129	0
253	130	0
253	131	0
253	132	0
253	133	0
253	134	0
253	135	0
253	136	0
253	137	0
253	138	0
253	139	0
253	140	0
253	141	0
253	142	0
253	143	0
253	144	0
253	145	0
253	146	0
253	147	0
253	148	0
253	149	0
253	150	0
253	151	0
253	152	0
253	153	0
253	154	0
253	155	0
253	156	0
253	157	0
253	158	0
253	159	0
253	160	0
253	161	0
253	162	0
253	163	0
253	164	0
253	165	0
253	166	0
253	167	0
253	168	0
253	169	0
253	170	0
253	171	0
253	172	0
253	173	0
253	174	0
253	175	0
253	176	0
253	177	0
253	178	0
253	179	0
253	180	0
253	181	0
253	182	0
253	183	0
253	184	0
253	185	0
253	186	0
253	187	0
253	188	0
253	189	0
253	190	0
253	191	0
253	192	0
253	193	0
253	194	0
253	195	0
253	196	0
253	197	0
253	198	0
253	199	0
253	200	0
253	201	0
253	202	0
253	203	0
253	204	0
253	205	0
253	206	0
253	207	0
253	208	0
253	209	0
253	210	0
253	211	0
253	212	0
253	213	0
253	214	0
253	215	0
253	216	0
253	217	0
253	218	0
253	219	0
253	220	0
253	221	0
253	222	0
253	223	0
253	224	0
253	225	0
253	226	0
253	227	0
253	228	0
253	229	0
253	230	0
253	231	0
253	232	0
253	233	0
253	234	0
253	235	0
253	236	0
253	237	0
253	238	0
253	239	0
253	240	0
253	241	0
253	242	0
253	243	0
253	244	0
253	245	0
253	246	0
253	247	0
253	248	0
253	249	0
253	250	0
253	251	0
253	252	0
253	254	0
253	255	0
253	256	0
254	1	0
254	2	0
254	3	0
254	4	0
254	5	0
254	6	0
254	7	0
254	8	0
254	9	0
254	10	0
254	11	0
254	12	0
254	13	0
254	14	0
254	15	0
254	16	0
254	17	0
254	18	0
254	19	0
254	20	0
254	21	0
254	22	0
254	23	0
254	24	0
254	25	0
254	26	0
254	27	0
254	28	0
254	29	0
254	30	0
254	31	0
254	32	0
254	33	0
254	34	0
254	35	0
254	36	0
254	37	0
254	38	0
254	39	0
254	40	0
254	41	0
254	42	0
254	43	0
254	44	0
254	45	0
254	46	0
254	47	0
254	48	0
254	49	0
254	50	0
254	51	0
254	52	0
254	53	0
254	54	0
254	55	0
254	56	0
254	57	0
254	58	0
254	59	0
254	60	0
254	61	0
254	62	0
254	63	0
254	64	0
254	65	0
254	66	0
254	67	0
254	68	0
254	69	0
254	70	0
254	71	0
254	72	0
254	73	0
254	74	0
254	75	0
254	76	0
254	77	0
254	78	0
254	79	0
254	80	0
254	81	0
254	82	0
254	83	0
254	84	0
254	85	0
254	86	0
254	87	0
254	88	0
254	89	0
254	90	0
254	91	0
254	92	0
254	93	0
254	94	0
254	95	0
254	96	0
254	97	0
254	98	0
254	99	0
254	100	0
254	101	0
254	102	0
254	103	0
254	104	0
254	105	0
254	106	0
254	107	0
254	108	0
254	109	0
254	110	0
254	111	0
254	112	0
254	113	0
254	114	0
254	115	0
254	116	0
254	117	0
254	118	0
254	119	0
254	120	0
254	121	0
254	122	0
254	123	0
254	124	0
254	125	0
254	126	0
254	127	0
254	128	0
254	129	0
254	130	0
254	131	0
254	132	0
254	133	0
254	134	0
254	135	0
254	136	0
254	137	0
254	138	0
254	139	0
254	140	0
254	141	0
254	142	0
254	143	0
254	144	0
254	145	0
254	146	0
254	147	0
254	148	0
254	149	0
254	150	0
254	151	0
254	152	0
254	153	0
254	154	0
254	155	0
254	156	0
254	157	0
254	158	0
254	159	0
254	160	0
254	161	0
254	162	0
254	163	0
254	164	0
254	165	0
254	166	0
254	167	0
254	168	0
254	169	0
254	170	0
254	171	0
254	172	0
254	173	0
254	174	0
254	175	0
254	176	0
254	177	0
254	178	0
254	179	0
254	180	0
254	181	0
254	182	0
254	183	0
254	184	0
254	185	0
254	186	0
254	187	0
254	188	0
254	189	0
254	190	0
254	191	0
254	192	0
254	193	0
254	194	0
254	195	0
254	196	0
254	197	0
254	198	0
254	199	0
254	200	0
254	201	0
254	202	0
254	203	0
254	204	0
254	205	0
254	206	0
254	207	0
254	208	0
254	209	0
254	210	0
254	211	0
254	212	0
254	213	0
254	214	0
254	215	0
254	216	0
254	217	0
254	218	0
254	219	0
254	220	0
254	221	0
254	222	0
254	223	0
254	224	0
254	225	0
254	226	0
254	227	0
254	228	0
254	229	0
254	230	0
254	231	0
254	232	0
254	233	0
254	234	0
254	235	0
254	236	0
254	237	0
254	238	0
254	239	0
254	240	0
254	241	0
254	242	0
254	243	0
254	244	0
254	245	0
254	246	0
254	247	0
254	248	0
254	249	0
254	250	0
254	251	0
254	252	0
254	253	0
254	255	0
254	256	0
255	1	0
255	2	0
255	3	0
255	4	0
255	5	0
255	6	0
255	7	0
255	8	0
255	9	0
255	10	0
255	11	0
255	12	0
255	13	0
255	14	0
255	15	0
255	16	0
255	17	0
255	18	0
255	19	0
255	20	0
255	21	0
255	22	0
255	23	0
255	24	0
255	25	0
255	26	0
255	27	0
255	28	0
255	29	0
255	30	0
255	31	0
255	32	0
255	33	0
255	34	0
255	35	0
255	36	0
255	37	0
255	38	0
255	39	0
255	40	0
255	41	0
255	42	0
255	43	0
255	44	0
255	45	0
255	46	0
255	47	0
255	48	0
255	49	0
255	50	0
255	51	0
255	52	0
255	53	0
255	54	0
255	55	0
255	56	0
255	57	0
255	58	0
255	59	0
255	60	0
255	61	0
255	62	0
255	63	0
255	64	0
255	65	0
255	66	0
255	67	0
255	68	0
255	69	0
255	70	0
255	71	0
255	72	0
255	73	0
255	74	0
255	75	0
255	76	0
255	77	0
255	78	0
255	79	0
255	80	0
255	81	0
255	82	0
255	83	0
255	84	0
255	85	0
255	86	0
255	87	0
255	88	0
255	89	0
255	90	0
255	91	0
255	92	0
255	93	0
255	94	0
255	95	0
255	96	0
255	97	0
255	98	0
255	99	0
255	100	0
255	101	0
255	102	0
255	103	0
255	104	0
255	105	0
255	106	0
255	107	0
255	108	0
255	109	0
255	110	0
255	111	0
255	112	0
255	113	0
255	114	0
255	115	0
255	116	0
255	117	0
255	118	0
255	119	0
255	120	0
255	121	0
255	122	0
255	123	0
255	124	0
255	125	0
255	126	0
255	127	0
255	128	0
255	129	0
255	130	0
255	131	0
255	132	0
255	133	0
255	134	0
255	135	0
255	136	0
255	137	0
255	138	0
255	139	0
255	140	0
255	141	0
255	142	0
255	143	0
255	144	0
255	145	0
255	146	0
255	147	0
255	148	0
255	149	0
255	150	0
255	151	0
255	152	0
255	153	0
255	154	0
255	155	0
255	156	0
255	157	0
255	158	0
255	159	0
255	160	0
255	161	0
255	162	0
255	163	0
255	164	0
255	165	0
255	166	0
255	167	0
255	168	0
255	169	0
255	170	0
255	171	0
255	172	0
255	173	0
255	174	0
255	175	0
255	176	0
255	177	0
255	178	0
255	179	0
255	180	0
255	181	0
255	182	0
255	183	0
255	184	0
255	185	0
255	186	0
255	187	0
255	188	0
255	189	0
255	190	0
255	191	0
255	192	0
255	193	0
255	194	0
255	195	0
255	196	0
255	197	0
255	198	0
255	199	0
255	200	0
255	201	0
255	202	0
255	203	0
255	204	0
255	205	0
255	206	0
255	207	0
255	208	0
255	209	0
255	210	0
255	211	0
255	212	0
255	213	0
255	214	0
255	215	0
255	216	0
255	217	0
255	218	0
255	219	0
255	220	0
255	221	0
255	222	0
255	223	0
255	224	0
255	225	0
255	226	0
255	227	0
255	228	0
255	229	0
255	230	0
255	231	0
255	232	0
255	233	0
255	234	0
255	235	0
255	236	0
255	237	0
255	238	0
255	239	0
255	240	0
255	241	0
255	242	0
255	243	0
255	244	0
255	245	0
255	246	0
255	247	0
255	248	0
255	249	0
255	250	0
255	251	0
255	252	0
255	253	0
255	254	0
255	256	0
256	1	0
256	2	0
256	3	0
256	4	0
256	5	0
256	6	0
256	7	0
256	8	0
256	9	0
256	10	0
256	11	0
256	12	0
256	13	0
256	14	0
256	15	0
256	16	0
256	17	0
256	18	0
256	19	0
256	20	0
256	21	0
256	22	0
256	23	0
256	24	0
256	25	0
256	26	0
256	27	0
256	28	0
256	29	0
256	30	0
256	31	0
256	32	0
256	33	0
256	34	0
256	35	0
256	36	0
256	37	0
256	38	0
256	39	0
256	40	0
256	41	0
256	42	0
256	43	0
256	44	0
256	45	0
256	46	0
256	47	0
256	48	0
256	49	0
256	50	0
256	51	0
256	52	0
256	53	0
256	54	0
256	55	0
256	56	0
256	57	0
256	58	0
256	59	0
256	60	0
256	61	0
256	62	0
256	63	0
256	64	0
256	65	0
256	66	0
256	67	0
256	68	0
256	69	0
256	70	0
256	71	0
256	72	0
256	73	0
256	74	0
256	75	0
256	76	0
256	77	0
256	78	0
256	79	0
256	80	0
256	81	0
256	82	0
256	83	0
256	84	0
256	85	0
256	86	0
256	87	0
256	88	0
256	89	0
256	90	0
256	91	0
256	92	0
256	93	0
256	94	0
256	95	0
256	96	0
256	97	0
256	98	0
256	99	0
256	100	0
256	101	0
256	102	0
256	103	0
256	104	0
256	105	0
256	106	0
256	107	0
256	108	0
256	109	0
256	110	0
256	111	0
256	112	0
256	113	0
256	114	0
256	115	0
256	116	0
256	117	0
256	118	0
256	119	0
256	120	0
256	121	0
256	122	0
256	123	0
256	124	0
256	125	0
256	126	0
256	127	0
256	128	0
256	129	0
256	130	0
256	131	0
256	132	0
256	133	0
256	134	0
256	135	0
256	136	0
256	137	0
256	138	0
256	139	0
256	140	0
256	141	0
256	142	0
256	143	0
256	144	0
256	145	0
256	146	0
256	147	0
256	148	0
256	149	0
256	150	0
256	151	0
256	152	0
256	153	0
256	154	0
256	155	0
256	156	0
256	157	0
256	158	0
256	159	0
256	160	0
256	161	0
256	162	0
256	163	0
256	164	0
256	165	0
256	166	0
256	167	0
256	168	0
256	169	0
256	170	0
256	171	0
256	172	0
256	173	0
256	174	0
256	175	0
256	176	0
256	177	0
256	178	0
256	179	0
256	180	0
256	181	0
256	182	0
256	183	0
256	184	0
256	185	0
256	186	0
256	187	0
256	188	0
256	189	0
256	190	0
256	191	0
256	192	0
256	193	0
256	194	0
256	195	0
256	196	0
256	197	0
256	198	0
256	199	0
256	200	0
256	201	0
256	202	0
256	203	0
256	204	0
256	205	0
256	206	0
256	207	0
256	208	0
256	209	0
256	210	0
256	211	0
256	212	0
256	213	0
256	214	0
256	215	0
256	216	0
256	217	0
256	218	0
256	219	0
256	220	0
256	221	0
256	222	0
256	223	0
256	224	0
256	225	0
256	226	0
256	227	0
256	228	0
256	229	0
256	230	0
256	231	0
256	232	0
256	233	0
256	234	0
256	235	0
256	236	0
256	237	0
256	238	0
256	239	0
256	240	0
256	241	0
256	242	0
256	243	0
256	244	0
256	245	0
256	246	0
256	247	0
256	248	0
256	249	0
256	250	0
256	251	0
256	252	0
256	253	0
256	254	0
256	255	0
